[01Oct2026 19:46:04.576] [main/INFO] [cpw.mods.modlauncher.Launcher/MODLAUNCHER]: ModLauncher running: args [--launchTarget, forgeclientdev, --version, 21.1.251, --assetIndex, 17, --assetsDir, C:\\Users\\Andrewthepika\\.gradle\\caches\\neoformruntime\\assets, --gameDir, ., --fml.fmlVersion, 4.0.44, --fml.mcVersion, 1.21.1, --fml.neoForgeVersion, 21.1.251, --fml.neoFormVersion, 20240808.144430]
[01Oct2026 19:46:04.587] [main/INFO] [cpw.mods.modlauncher.Launcher/MODLAUNCHER]: JVM identified as Eclipse Adoptium OpenJDK 64-Bit Server VM 21.0.12.1+1-LTS
[01Oct2026 19:46:04.588] [main/INFO] [cpw.mods.modlauncher.Launcher/MODLAUNCHER]: ModLauncher 11.0.5+main.901c6ea8 starting: java version 21.0.12.1 by Eclipse Adoptium; OS Windows 10 arch amd64 version 10.0
[01Oct2026 19:46:04.607] [main/DEBUG] [cpw.mods.modlauncher.LaunchServiceHandler/MODLAUNCHER]: Found launch services [minecraft,forgeclient,forgedatauserdev,testharness,forgeserverdev,forgeserveruserdev,forgejunitdev,forgeclientdev,forgeclientuserdev,forgeserver,forgejunituserdev,forgedatadev]
[01Oct2026 19:46:04.636] [main/DEBUG] [cpw.mods.modlauncher.LaunchPluginHandler/MODLAUNCHER]: Found launch plugins: [mixin,slf4jfixer,runtime_enum_extender,accesstransformer,runtimedistcleaner]
[01Oct2026 19:46:04.646] [main/DEBUG] [cpw.mods.modlauncher.TransformationServicesHandler/MODLAUNCHER]: Discovering transformation services
[01Oct2026 19:46:04.652] [main/DEBUG] [net.neoforged.fml.loading.FMLPaths/CORE]: Path GAMEDIR is C:\Users\Andrewthepika\IdeaProjects\Minefinity\run
[01Oct2026 19:46:04.652] [main/DEBUG] [net.neoforged.fml.loading.FMLPaths/CORE]: Path MODSDIR is C:\Users\Andrewthepika\IdeaProjects\Minefinity\run\mods
[01Oct2026 19:46:04.652] [main/DEBUG] [net.neoforged.fml.loading.FMLPaths/CORE]: Path CONFIGDIR is C:\Users\Andrewthepika\IdeaProjects\Minefinity\run\config
[01Oct2026 19:46:04.652] [main/DEBUG] [net.neoforged.fml.loading.FMLPaths/CORE]: Path FMLCONFIG is C:\Users\Andrewthepika\IdeaProjects\Minefinity\run\config\fml.toml
[01Oct2026 19:46:04.693] [main/DEBUG] [net.neoforged.fml.loading.targets.CommonLaunchHandler/CORE]: Got mod coordinates minefinity%%C:\Users\Andrewthepika\IdeaProjects\Minefinity\build\classes\java\main;minefinity%%C:\Users\Andrewthepika\IdeaProjects\Minefinity\build\resources\main from env
[01Oct2026 19:46:04.695] [main/DEBUG] [net.neoforged.fml.loading.targets.CommonLaunchHandler/CORE]: Found supplied mod coordinates [{minefinity=[C:\Users\Andrewthepika\IdeaProjects\Minefinity\build\classes\java\main, C:\Users\Andrewthepika\IdeaProjects\Minefinity\build\resources\main]}]
[01Oct2026 19:46:04.698] [main/DEBUG] [cpw.mods.modlauncher.TransformationServicesHandler/MODLAUNCHER]: Found additional transformation services from discovery services: 
[01Oct2026 19:46:04.705] [main/INFO] [net.neoforged.fml.loading.ImmediateWindowHandler/]: Loading ImmediateWindowProvider fmlearlywindow
[01Oct2026 19:46:04.923] [main/INFO] [EARLYDISPLAY/]: Trying GL version 4.6
[01Oct2026 19:46:05.181] [main/INFO] [EARLYDISPLAY/]: Requested GL version 4.6 got version 4.6
[01Oct2026 19:46:05.317] [main/DEBUG] [cpw.mods.modlauncher.TransformationServicesHandler/MODLAUNCHER]: Found transformer services : [mixin,fml]
[01Oct2026 19:46:05.317] [main/DEBUG] [cpw.mods.modlauncher.TransformationServicesHandler/MODLAUNCHER]: Transformation services loading
[01Oct2026 19:46:05.317] [main/DEBUG] [cpw.mods.modlauncher.TransformationServiceDecorator/MODLAUNCHER]: Loading service mixin
[01Oct2026 19:46:05.317] [main/DEBUG] [cpw.mods.modlauncher.TransformationServiceDecorator/MODLAUNCHER]: Loaded service mixin
[01Oct2026 19:46:05.318] [main/DEBUG] [cpw.mods.modlauncher.TransformationServiceDecorator/MODLAUNCHER]: Loading service fml
[01Oct2026 19:46:05.318] [main/DEBUG] [net.neoforged.fml.loading.FMLLoader/CORE]: FML 4.0.44 loading
[01Oct2026 19:46:05.318] [main/DEBUG] [net.neoforged.fml.loading.FMLLoader/CORE]: FML found ModLauncher version : 11.0.5+main.901c6ea8
[01Oct2026 19:46:05.319] [main/DEBUG] [net.neoforged.fml.loading.FMLLoader/CORE]: FML found AccessTransformer version : 10.0.1+139da711
[01Oct2026 19:46:05.320] [main/DEBUG] [net.neoforged.fml.loading.FMLLoader/CORE]: FML found EventBus version : null
[01Oct2026 19:46:05.320] [main/DEBUG] [net.neoforged.fml.loading.FMLLoader/CORE]: Found Runtime Dist Cleaner
[01Oct2026 19:46:05.320] [main/DEBUG] [cpw.mods.modlauncher.TransformationServiceDecorator/MODLAUNCHER]: Loaded service fml
[01Oct2026 19:46:05.321] [main/DEBUG] [cpw.mods.modlauncher.TransformationServicesHandler/MODLAUNCHER]: Configuring option handling for services
[01Oct2026 19:46:05.334] [main/DEBUG] [net.neoforged.fml.loading.FMLServiceProvider/CORE]: Received command line version data  : VersionInfo[neoForgeVersion=21.1.251, fmlVersion=4.0.44, mcVersion=1.21.1, neoFormVersion=20240808.144430]
[01Oct2026 19:46:05.334] [main/DEBUG] [cpw.mods.modlauncher.TransformationServicesHandler/MODLAUNCHER]: Transformation services initializing
[01Oct2026 19:46:05.334] [main/DEBUG] [cpw.mods.modlauncher.TransformationServiceDecorator/MODLAUNCHER]: Initializing transformation service mixin
[01Oct2026 19:46:05.350] [main/DEBUG] [mixin/]: MixinService [ModLauncher] was successfully booted in cpw.mods.cl.ModuleClassLoader@396e2f39
[01Oct2026 19:46:05.363] [main/INFO] [mixin/]: SpongePowered MIXIN Subsystem Version=0.8.7 Source=union:/C:/Users/Andrewthepika/.gradle/caches/modules-2/files-2.1/net.fabricmc/sponge-mixin/0.15.2+mixin.0.8.7/2af2f021d8e02a0220dc27a7a72b4666d66d44ca/sponge-mixin-0.15.2+mixin.0.8.7.jar%23138!/ Service=ModLauncher Env=CLIENT
[01Oct2026 19:46:05.365] [main/DEBUG] [mixin/]: Initialising Mixin Platform Manager
[01Oct2026 19:46:05.365] [main/DEBUG] [mixin/]: Adding mixin platform agents for container ModLauncher Root Container(ModLauncher:4f56a0a2)
[01Oct2026 19:46:05.366] [main/DEBUG] [mixin/]: Instancing new MixinPlatformAgentMinecraftForge for ModLauncher Root Container(ModLauncher:4f56a0a2)
[01Oct2026 19:46:05.367] [main/DEBUG] [mixin/]: MixinPlatformAgentMinecraftForge rejected container ModLauncher Root Container(ModLauncher:4f56a0a2)
[01Oct2026 19:46:05.367] [main/DEBUG] [mixin/]: Instancing new MixinPlatformAgentDefault for ModLauncher Root Container(ModLauncher:4f56a0a2)
[01Oct2026 19:46:05.368] [main/DEBUG] [mixin/]: MixinPlatformAgentDefault accepted container ModLauncher Root Container(ModLauncher:4f56a0a2)
[01Oct2026 19:46:05.370] [main/DEBUG] [cpw.mods.modlauncher.TransformationServiceDecorator/MODLAUNCHER]: Initialized transformation service mixin
[01Oct2026 19:46:05.371] [main/DEBUG] [cpw.mods.modlauncher.TransformationServiceDecorator/MODLAUNCHER]: Initializing transformation service fml
[01Oct2026 19:46:05.371] [main/DEBUG] [net.neoforged.fml.loading.FMLServiceProvider/CORE]: Setting up basic FML game directories
[01Oct2026 19:46:05.371] [main/DEBUG] [net.neoforged.fml.loading.FMLPaths/CORE]: Path GAMEDIR is C:\Users\Andrewthepika\IdeaProjects\Minefinity\run
[01Oct2026 19:46:05.372] [main/DEBUG] [net.neoforged.fml.loading.FMLPaths/CORE]: Path MODSDIR is C:\Users\Andrewthepika\IdeaProjects\Minefinity\run\mods
[01Oct2026 19:46:05.372] [main/DEBUG] [net.neoforged.fml.loading.FMLPaths/CORE]: Path CONFIGDIR is C:\Users\Andrewthepika\IdeaProjects\Minefinity\run\config
[01Oct2026 19:46:05.372] [main/DEBUG] [net.neoforged.fml.loading.FMLPaths/CORE]: Path FMLCONFIG is C:\Users\Andrewthepika\IdeaProjects\Minefinity\run\config\fml.toml
[01Oct2026 19:46:05.372] [main/DEBUG] [net.neoforged.fml.loading.FMLServiceProvider/CORE]: Loading configuration
[01Oct2026 19:46:05.376] [main/DEBUG] [net.neoforged.fml.loading.FMLServiceProvider/CORE]: Preparing launch handler
[01Oct2026 19:46:05.377] [main/DEBUG] [net.neoforged.fml.loading.FMLLoader/CORE]: Using forgeclientdev as launch service
[01Oct2026 19:46:05.378] [main/DEBUG] [cpw.mods.modlauncher.TransformationServiceDecorator/MODLAUNCHER]: Initialized transformation service fml
[01Oct2026 19:46:05.378] [main/DEBUG] [cpw.mods.modlauncher.TransformationServicesHandler/MODLAUNCHER]: Transformation services begin scanning
[01Oct2026 19:46:05.379] [main/DEBUG] [cpw.mods.modlauncher.TransformationServiceDecorator/MODLAUNCHER]: Beginning scan trigger - transformation service mixin
[01Oct2026 19:46:05.379] [main/DEBUG] [cpw.mods.modlauncher.TransformationServiceDecorator/MODLAUNCHER]: End scan trigger - transformation service mixin
[01Oct2026 19:46:05.379] [main/DEBUG] [cpw.mods.modlauncher.TransformationServiceDecorator/MODLAUNCHER]: Beginning scan trigger - transformation service fml
[01Oct2026 19:46:05.379] [main/DEBUG] [net.neoforged.fml.loading.FMLServiceProvider/CORE]: Initiating mod scan
[01Oct2026 19:46:05.380] [main/DEBUG] [net.neoforged.fml.loading.targets.CommonLaunchHandler/CORE]: Got mod coordinates minefinity%%C:\Users\Andrewthepika\IdeaProjects\Minefinity\build\classes\java\main;minefinity%%C:\Users\Andrewthepika\IdeaProjects\Minefinity\build\resources\main from env
[01Oct2026 19:46:05.380] [main/DEBUG] [net.neoforged.fml.loading.targets.CommonLaunchHandler/CORE]: Found supplied mod coordinates [{minefinity=[C:\Users\Andrewthepika\IdeaProjects\Minefinity\build\classes\java\main, C:\Users\Andrewthepika\IdeaProjects\Minefinity\build\resources\main]}]
[01Oct2026 19:46:05.383] [main/DEBUG] [net.neoforged.fml.loading.targets.CommonDevLaunchHandler/]: Launching with NeoForge from C:\Users\Andrewthepika\IdeaProjects\Minefinity\build\moddev\artifacts\neoforge-21.1.251.jar
[01Oct2026 19:46:05.400] [main/DEBUG] [net.neoforged.fml.util.ServiceLoaderUtil/CORE]: Found 4 implementations of IModFileCandidateLocator:
[01Oct2026 19:46:05.401] [main/DEBUG] [net.neoforged.fml.util.ServiceLoaderUtil/CORE]: 	       0 - [built-in] net.neoforged.fml.loading.moddiscovery.locators.NeoForgeDevProvider from loader-4.0.44.jar
[01Oct2026 19:46:05.401] [main/DEBUG] [net.neoforged.fml.util.ServiceLoaderUtil/CORE]: 	       0 - net.neoforged.fml.loading.moddiscovery.locators.ModsFolderLocator from loader-4.0.44.jar
[01Oct2026 19:46:05.401] [main/DEBUG] [net.neoforged.fml.util.ServiceLoaderUtil/CORE]: 	       0 - net.neoforged.fml.loading.moddiscovery.locators.MavenDirectoryLocator from loader-4.0.44.jar
[01Oct2026 19:46:05.401] [main/DEBUG] [net.neoforged.fml.util.ServiceLoaderUtil/CORE]: 	   -1000 - [built-in] net.neoforged.fml.loading.moddiscovery.locators.UserdevLocator from loader-4.0.44.jar
[01Oct2026 19:46:05.403] [main/DEBUG] [net.neoforged.fml.util.ServiceLoaderUtil/CORE]: Found 2 implementations of IModFileReader:
[01Oct2026 19:46:05.403] [main/DEBUG] [net.neoforged.fml.util.ServiceLoaderUtil/CORE]: 	       0 - net.neoforged.fml.loading.moddiscovery.readers.JarModsDotTomlModFileReader from loader-4.0.44.jar
[01Oct2026 19:46:05.403] [main/DEBUG] [net.neoforged.fml.util.ServiceLoaderUtil/CORE]: 	   -1000 - net.neoforged.fml.loading.moddiscovery.readers.NestedLibraryModReader from loader-4.0.44.jar
[01Oct2026 19:46:05.405] [main/DEBUG] [net.neoforged.fml.util.ServiceLoaderUtil/CORE]: Found 1 implementations of IDependencyLocator:
[01Oct2026 19:46:05.405] [main/DEBUG] [net.neoforged.fml.util.ServiceLoaderUtil/CORE]: 	       0 - net.neoforged.fml.loading.moddiscovery.locators.JarInJarDependencyLocator from loader-4.0.44.jar
[01Oct2026 19:46:05.477] [main/DEBUG] [net.neoforged.fml.loading.moddiscovery.ModFileInfo/LOADING]: Found valid mod file neoforge-21.1.251.jar with {minecraft} mods - versions {1.21.1}
[01Oct2026 19:46:05.485] [main/DEBUG] [net.neoforged.fml.loading.moddiscovery.ModFileParser/LOADING]: Considering mod file candidate C:\Users\Andrewthepika\IdeaProjects\Minefinity\build\moddev\artifacts\neoforge-21.1.251.jar
[01Oct2026 19:46:05.505] [main/DEBUG] [net.neoforged.fml.loading.moddiscovery.ModFileInfo/LOADING]: Found valid mod file neoforge-21.1.251.jar with {neoforge} mods - versions {21.1.251}
[01Oct2026 19:46:05.508] [main/DEBUG] [net.neoforged.fml.loading.moddiscovery.ModListHandler/CORE]: Found mod coordinates from lists: []
[01Oct2026 19:46:05.511] [main/DEBUG] [net.neoforged.fml.loading.moddiscovery.ModFileParser/LOADING]: Considering mod file candidate C:\Users\Andrewthepika\IdeaProjects\Minefinity\build\classes\java\main
[01Oct2026 19:46:05.519] [main/DEBUG] [net.neoforged.fml.loading.moddiscovery.ModFileInfo/LOADING]: Found valid mod file main with {minefinity} mods - versions {0.0.0.1}
[01Oct2026 19:46:05.527] [pool-2-thread-1/INFO] [EARLYDISPLAY/]: GL info: NVIDIA GeForce GTX 1050 Ti/PCIe/SSE2 GL version 4.6.0 NVIDIA 560.94, NVIDIA Corporation
[01Oct2026 19:46:05.544] [main/DEBUG] [net.neoforged.fml.loading.moddiscovery.ModFileParser/LOADING]: Considering mod file candidate C:\Users\Andrewthepika\IdeaProjects\Minefinity\build\moddev\artifacts\neoforge-21.1.251.jar
[01Oct2026 19:46:05.546] [main/DEBUG] [net.neoforged.fml.loading.moddiscovery.ModFileInfo/LOADING]: Found valid mod file neoforge-21.1.251.jar with {neoforge} mods - versions {21.1.251}
[01Oct2026 19:46:05.549] [main/DEBUG] [net.neoforged.fml.loading.moddiscovery.ModFileParser/LOADING]: Considering mod file candidate C:\Users\Andrewthepika\.gradle\caches\modules-2\files-2.1\org.sinytra\wiki-exporter-neoforge\2.2.1+1.21.1\31e3c70fa13d1af2badd1a361ec44f26d159572d\wiki-exporter-neoforge-2.2.1+1.21.1.jar
[01Oct2026 19:46:05.553] [main/DEBUG] [net.neoforged.fml.loading.moddiscovery.ModFileInfo/LOADING]: Found valid mod file wiki-exporter-neoforge-2.2.1+1.21.1.jar with {wiki_exporter} mods - versions {2.2.1+1.21.1}
[01Oct2026 19:46:05.578] [main/DEBUG] [net.neoforged.fml.loading.moddiscovery.ModDiscoverer/]: Skipping C:\Users\Andrewthepika\.gradle\caches\modules-2\files-2.1\net.neoforged.fancymodloader\earlydisplay\4.0.44\cb2afcf15672180eca1c49b1c9b1208951ef322e\earlydisplay-4.0.44.jar because it was already located earlier
[01Oct2026 19:46:05.578] [main/DEBUG] [net.neoforged.fml.loading.moddiscovery.ModDiscoverer/]: Skipping C:\Users\Andrewthepika\.gradle\caches\modules-2\files-2.1\net.neoforged.fancymodloader\loader\4.0.44\63433608b68302a442e3dba87880e54f42ea0583\loader-4.0.44.jar because it was already located earlier
[01Oct2026 19:46:05.579] [main/DEBUG] [net.neoforged.fml.loading.moddiscovery.ModDiscoverer/]: Skipping C:\Users\Andrewthepika\.gradle\caches\modules-2\files-2.1\net.neoforged.accesstransformers\at-modlauncher\10.0.1\5aba50202aceead086bc09fbc2751c9f05cb4890\at-modlauncher-10.0.1.jar because it was already located earlier
[01Oct2026 19:46:05.579] [main/DEBUG] [net.neoforged.fml.loading.moddiscovery.ModDiscoverer/]: Skipping C:\Users\Andrewthepika\.gradle\caches\modules-2\files-2.1\net.neoforged\accesstransformers\10.0.1\fd83b5725f76eae9115e9355fa1c456a6a441400\accesstransformers-10.0.1.jar because it was already located earlier
[01Oct2026 19:46:05.579] [main/DEBUG] [net.neoforged.fml.loading.moddiscovery.ModDiscoverer/]: Skipping C:\Users\Andrewthepika\.gradle\caches\modules-2\files-2.1\net.neoforged\bus\8.0.5\5b2d33285ab5d1554e9798ad98c40d6ea3868bd5\bus-8.0.5.jar because it was already located earlier
[01Oct2026 19:46:05.579] [main/DEBUG] [net.neoforged.fml.loading.moddiscovery.ModDiscoverer/]: Skipping C:\Users\Andrewthepika\.gradle\caches\modules-2\files-2.1\net.neoforged\coremods\7.0.3\9147e6f638b4272b3bd5fc8f92ad37802512c6c\coremods-7.0.3.jar because it was already located earlier
[01Oct2026 19:46:05.579] [main/DEBUG] [net.neoforged.fml.loading.moddiscovery.ModDiscoverer/]: Skipping C:\Users\Andrewthepika\.gradle\caches\modules-2\files-2.1\cpw.mods\modlauncher\11.0.5\b8f0d49294f733fdb6173931b263553e943dc950\modlauncher-11.0.5.jar because it was already located earlier
[01Oct2026 19:46:05.579] [main/DEBUG] [net.neoforged.fml.loading.moddiscovery.ModDiscoverer/]: Skipping C:\Users\Andrewthepika\.gradle\caches\modules-2\files-2.1\net.neoforged\mergetool\2.0.0\52fe1949be64e3303aabaaa21e315f551db9c9f4\mergetool-2.0.0-api.jar because it was already located earlier
[01Oct2026 19:46:05.579] [main/DEBUG] [net.neoforged.fml.loading.moddiscovery.ModDiscoverer/]: Skipping C:\Users\Andrewthepika\.gradle\caches\modules-2\files-2.1\com.electronwill.night-config\toml\3.8.3\90b2fd6efcb4a7d5b9810cf78f9d824994d717f2\toml-3.8.3.jar because it was already located earlier
[01Oct2026 19:46:05.580] [main/DEBUG] [net.neoforged.fml.loading.moddiscovery.ModDiscoverer/]: Skipping C:\Users\Andrewthepika\.gradle\caches\modules-2\files-2.1\com.electronwill.night-config\core\3.8.3\b442a95f09e349927f5a945ecb594455870fcf4f\core-3.8.3.jar because it was already located earlier
[01Oct2026 19:46:05.580] [main/DEBUG] [net.neoforged.fml.loading.moddiscovery.ModDiscoverer/]: Skipping C:\Users\Andrewthepika\.gradle\caches\modules-2\files-2.1\net.neoforged\JarJarSelector\0.4.1\fb3cc7a58af22ad2880adb98af6d518128c47dae\JarJarSelector-0.4.1.jar because it was already located earlier
[01Oct2026 19:46:05.580] [main/DEBUG] [net.neoforged.fml.loading.moddiscovery.ModDiscoverer/]: Skipping C:\Users\Andrewthepika\.gradle\caches\modules-2\files-2.1\net.neoforged\JarJarMetadata\0.4.1\f8da03683dc81694556dc3e177c5e3bb77ae6fcb\JarJarMetadata-0.4.1.jar because it was already located earlier
[01Oct2026 19:46:05.580] [main/DEBUG] [net.neoforged.fml.loading.moddiscovery.ModDiscoverer/]: Skipping C:\Users\Andrewthepika\.gradle\caches\modules-2\files-2.1\org.apache.maven\maven-artifact\3.8.5\4433f50c07debefaed0553bd0068f4f48d449313\maven-artifact-3.8.5.jar because it was already located earlier
[01Oct2026 19:46:05.581] [main/DEBUG] [net.neoforged.fml.loading.moddiscovery.ModDiscoverer/]: Skipping C:\Users\Andrewthepika\.gradle\caches\modules-2\files-2.1\net.jodah\typetools\0.6.3\a01aaa6ddaea9ec07ec4f209487b7a46a526283a\typetools-0.6.3.jar because it was already located earlier
[01Oct2026 19:46:05.581] [main/DEBUG] [net.neoforged.fml.loading.moddiscovery.ModDiscoverer/]: Skipping C:\Users\Andrewthepika\.gradle\caches\modules-2\files-2.1\net.minecrell\terminalconsoleappender\1.3.0\b562e9bb61235c9520e26282cdee71f8f802d1fc\terminalconsoleappender-1.3.0.jar because it was already located earlier
[01Oct2026 19:46:05.581] [main/DEBUG] [net.neoforged.fml.loading.moddiscovery.ModDiscoverer/]: Skipping C:\Users\Andrewthepika\.gradle\caches\modules-2\files-2.1\net.fabricmc\sponge-mixin\0.15.2+mixin.0.8.7\2af2f021d8e02a0220dc27a7a72b4666d66d44ca\sponge-mixin-0.15.2+mixin.0.8.7.jar because it was already located earlier
[01Oct2026 19:46:05.581] [main/DEBUG] [net.neoforged.fml.loading.moddiscovery.ModDiscoverer/]: Skipping C:\Users\Andrewthepika\.gradle\caches\modules-2\files-2.1\org.openjdk.nashorn\nashorn-core\15.4\f67f5ffaa5f5130cf6fb9b133da00c7df3b532a5\nashorn-core-15.4.jar because it was already located earlier
[01Oct2026 19:46:05.581] [main/DEBUG] [net.neoforged.fml.loading.moddiscovery.ModDiscoverer/]: Skipping C:\Users\Andrewthepika\.gradle\caches\modules-2\files-2.1\org.apache.commons\commons-lang3\3.14.0\1ed471194b02f2c6cb734a0cd6f6f107c673afae\commons-lang3-3.14.0.jar because it was already located earlier
[01Oct2026 19:46:05.581] [main/DEBUG] [net.neoforged.fml.loading.moddiscovery.ModDiscoverer/]: Skipping C:\Users\Andrewthepika\.gradle\caches\modules-2\files-2.1\net.sf.jopt-simple\jopt-simple\5.0.4\4fdac2fbe92dfad86aa6e9301736f6b4342a3f5c\jopt-simple-5.0.4.jar because it was already located earlier
[01Oct2026 19:46:05.582] [main/DEBUG] [net.neoforged.fml.loading.moddiscovery.ModDiscoverer/]: Skipping C:\Users\Andrewthepika\.gradle\caches\modules-2\files-2.1\commons-io\commons-io\2.15.1\f11560da189ab563a5c8e351941415430e9304ea\commons-io-2.15.1.jar because it was already located earlier
[01Oct2026 19:46:05.582] [main/DEBUG] [net.neoforged.fml.loading.moddiscovery.ModDiscoverer/]: Skipping C:\Users\Andrewthepika\.gradle\caches\modules-2\files-2.1\com.mojang\logging\1.2.7\24cb95ffb0e3433fd6e844c04e68009e504ca1c0\logging-1.2.7.jar because it was already located earlier
[01Oct2026 19:46:05.582] [main/DEBUG] [net.neoforged.fml.loading.moddiscovery.ModDiscoverer/]: Skipping C:\Users\Andrewthepika\.gradle\caches\modules-2\files-2.1\org.apache.logging.log4j\log4j-slf4j2-impl\2.22.1\d7e6693c2606cb7e7335047d7bb96dec52db5665\log4j-slf4j2-impl-2.22.1.jar because it was already located earlier
[01Oct2026 19:46:05.582] [main/DEBUG] [net.neoforged.fml.loading.moddiscovery.ModDiscoverer/]: Skipping C:\Users\Andrewthepika\.gradle\caches\modules-2\files-2.1\org.apache.logging.log4j\log4j-core\2.22.1\7183a25510a02ad00cc6a95d3b3d2a7d3c5a8dc4\log4j-core-2.22.1.jar because it was already located earlier
[01Oct2026 19:46:05.582] [main/DEBUG] [net.neoforged.fml.loading.moddiscovery.ModDiscoverer/]: Skipping C:\Users\Andrewthepika\.gradle\caches\modules-2\files-2.1\org.apache.logging.log4j\log4j-api\2.22.1\bea6fede6328fabafd7e68363161a7ea6605abd1\log4j-api-2.22.1.jar because it was already located earlier
[01Oct2026 19:46:05.582] [main/DEBUG] [net.neoforged.fml.loading.moddiscovery.ModDiscoverer/]: Skipping C:\Users\Andrewthepika\.gradle\caches\modules-2\files-2.1\com.google.guava\guava\32.1.2-jre\5e64ec7e056456bef3a4bc4c6fdaef71e8ab6318\guava-32.1.2-jre.jar because it was already located earlier
[01Oct2026 19:46:05.582] [main/DEBUG] [net.neoforged.fml.loading.moddiscovery.ModDiscoverer/]: Skipping C:\Users\Andrewthepika\.gradle\caches\modules-2\files-2.1\com.google.code.gson\gson\2.10.1\b3add478d4382b78ea20b1671390a858002feb6c\gson-2.10.1.jar because it was already located earlier
[01Oct2026 19:46:05.582] [main/DEBUG] [net.neoforged.fml.loading.moddiscovery.ModDiscoverer/]: Skipping C:\Users\Andrewthepika\.gradle\caches\modules-2\files-2.1\org.slf4j\slf4j-api\2.0.9\7cf2726fdcfbc8610f9a71fb3ed639871f315340\slf4j-api-2.0.9.jar because it was already located earlier
[01Oct2026 19:46:05.582] [main/DEBUG] [net.neoforged.fml.loading.moddiscovery.ModDiscoverer/]: Skipping C:\Users\Andrewthepika\.gradle\caches\modules-2\files-2.1\org.antlr\antlr4-runtime\4.13.1\17125bae1d965624e265ef49552f6465a2bfa307\antlr4-runtime-4.13.1.jar because it was already located earlier
[01Oct2026 19:46:05.583] [main/DEBUG] [net.neoforged.fml.loading.moddiscovery.ModDiscoverer/]: Skipping C:\Users\Andrewthepika\.gradle\caches\modules-2\files-2.1\net.minecraftforge\srgutils\0.4.15\ca408b131759478f164e010fae0d73997e125fb5\srgutils-0.4.15.jar because it was already located earlier
[01Oct2026 19:46:05.583] [main/DEBUG] [net.neoforged.fml.loading.moddiscovery.ModDiscoverer/]: Skipping C:\Users\Andrewthepika\.gradle\caches\modules-2\files-2.1\org.codehaus.plexus\plexus-utils\3.3.0\cf43b5391de623b36fe066a21127baef82c64022\plexus-utils-3.3.0.jar because it was already located earlier
[01Oct2026 19:46:05.583] [main/DEBUG] [net.neoforged.fml.loading.moddiscovery.ModDiscoverer/]: Skipping C:\Users\Andrewthepika\.gradle\caches\modules-2\files-2.1\org.jline\jline-reader\3.20.0\8f15415b022a25b473e8e16c28ae913186ffb9c4\jline-reader-3.20.0.jar because it was already located earlier
[01Oct2026 19:46:05.583] [main/DEBUG] [net.neoforged.fml.loading.moddiscovery.ModDiscoverer/]: Skipping C:\Users\Andrewthepika\.gradle\caches\modules-2\files-2.1\com.machinezoo.noexception\noexception\1.7.1\b65330c98e38a1f915fa54a6e5eca496505e3f0a\noexception-1.7.1.jar because it was already located earlier
[01Oct2026 19:46:05.583] [main/DEBUG] [net.neoforged.fml.loading.moddiscovery.ModDiscoverer/]: Skipping C:\Users\Andrewthepika\.gradle\caches\modules-2\files-2.1\com.github.oshi\oshi-core\6.4.10\b1d8ab82d11d92fd639b56d639f8f46f739dd5fa\oshi-core-6.4.10.jar because it was already located earlier
[01Oct2026 19:46:05.583] [main/DEBUG] [net.neoforged.fml.loading.moddiscovery.ModDiscoverer/]: Skipping C:\Users\Andrewthepika\.gradle\caches\modules-2\files-2.1\com.google.guava\failureaccess\1.0.1\1dcf1de382a0bf95a3d8b0849546c88bac1292c9\failureaccess-1.0.1.jar because it was already located earlier
[01Oct2026 19:46:05.583] [main/DEBUG] [net.neoforged.fml.loading.moddiscovery.ModDiscoverer/]: Skipping C:\Users\Andrewthepika\.gradle\caches\modules-2\files-2.1\com.ibm.icu\icu4j\73.2\61ad4ef7f9131fcf6d25c34b817f90d6da06c9e9\icu4j-73.2.jar because it was already located earlier
[01Oct2026 19:46:05.583] [main/DEBUG] [net.neoforged.fml.loading.moddiscovery.ModDiscoverer/]: Skipping C:\Users\Andrewthepika\.gradle\caches\modules-2\files-2.1\com.mojang\authlib\6.0.54\de8bc95660e1b2fe8793fd427a7a10dcec5b3ea7\authlib-6.0.54.jar because it was already located earlier
[01Oct2026 19:46:05.583] [main/DEBUG] [net.neoforged.fml.loading.moddiscovery.ModDiscoverer/]: Skipping C:\Users\Andrewthepika\.gradle\caches\modules-2\files-2.1\com.mojang\blocklist\1.0.10\5c685c5ffa94c4cd39496c7184c1d122e515ecef\blocklist-1.0.10.jar because it was already located earlier
[01Oct2026 19:46:05.583] [main/DEBUG] [net.neoforged.fml.loading.moddiscovery.ModDiscoverer/]: Skipping C:\Users\Andrewthepika\.gradle\caches\modules-2\files-2.1\com.mojang\brigadier\1.3.10\d15b53a14cf20fdcaa98f731af5dda654452c010\brigadier-1.3.10.jar because it was already located earlier
[01Oct2026 19:46:05.584] [main/DEBUG] [net.neoforged.fml.loading.moddiscovery.ModDiscoverer/]: Skipping C:\Users\Andrewthepika\.gradle\caches\modules-2\files-2.1\com.mojang\datafixerupper\8.0.16\67d4de6d7f95d89bcf5862995fb854ebaec02a34\datafixerupper-8.0.16.jar because it was already located earlier
[01Oct2026 19:46:05.584] [main/DEBUG] [net.neoforged.fml.loading.moddiscovery.ModDiscoverer/]: Skipping C:\Users\Andrewthepika\.gradle\caches\modules-2\files-2.1\com.mojang\patchy\2.2.10\da05971b07cbb379d002cf7eaec6a2048211fefc\patchy-2.2.10.jar because it was already located earlier
[01Oct2026 19:46:05.584] [main/DEBUG] [net.neoforged.fml.loading.moddiscovery.ModDiscoverer/]: Skipping C:\Users\Andrewthepika\.gradle\caches\modules-2\files-2.1\com.mojang\text2speech\1.17.9\3cad216e3a7f0c19b4b394388bc9ffc446f13b14\text2speech-1.17.9.jar because it was already located earlier
[01Oct2026 19:46:05.584] [main/DEBUG] [net.neoforged.fml.loading.moddiscovery.ModDiscoverer/]: Skipping C:\Users\Andrewthepika\.gradle\caches\modules-2\files-2.1\commons-codec\commons-codec\1.16.0\4e3eb3d79888d76b54e28b350915b5dc3919c9de\commons-codec-1.16.0.jar because it was already located earlier
[01Oct2026 19:46:05.584] [main/DEBUG] [net.neoforged.fml.loading.moddiscovery.ModDiscoverer/]: Skipping C:\Users\Andrewthepika\.gradle\caches\modules-2\files-2.1\commons-logging\commons-logging\1.2\4bfc12adfe4842bf07b657f0369c4cb522955686\commons-logging-1.2.jar because it was already located earlier
[01Oct2026 19:46:05.584] [main/DEBUG] [net.neoforged.fml.loading.moddiscovery.ModDiscoverer/]: Skipping C:\Users\Andrewthepika\.gradle\caches\modules-2\files-2.1\io.netty\netty-buffer\4.1.97.Final\f8f3d8644afa5e6e1a40a3a6aeb9d9aa970ecb4f\netty-buffer-4.1.97.Final.jar because it was already located earlier
[01Oct2026 19:46:05.585] [main/DEBUG] [net.neoforged.fml.loading.moddiscovery.ModDiscoverer/]: Skipping C:\Users\Andrewthepika\.gradle\caches\modules-2\files-2.1\io.netty\netty-codec\4.1.97.Final\384ba4d75670befbedb45c4d3b497a93639c206d\netty-codec-4.1.97.Final.jar because it was already located earlier
[01Oct2026 19:46:05.585] [main/DEBUG] [net.neoforged.fml.loading.moddiscovery.ModDiscoverer/]: Skipping C:\Users\Andrewthepika\.gradle\caches\modules-2\files-2.1\io.netty\netty-common\4.1.97.Final\7cceacaf11df8dc63f23d0fb58e9d4640fc88404\netty-common-4.1.97.Final.jar because it was already located earlier
[01Oct2026 19:46:05.585] [main/DEBUG] [net.neoforged.fml.loading.moddiscovery.ModDiscoverer/]: Skipping C:\Users\Andrewthepika\.gradle\caches\modules-2\files-2.1\io.netty\netty-handler\4.1.97.Final\abb86c6906bf512bf2b797a41cd7d2e8d3cd7c36\netty-handler-4.1.97.Final.jar because it was already located earlier
[01Oct2026 19:46:05.585] [main/DEBUG] [net.neoforged.fml.loading.moddiscovery.ModDiscoverer/]: Skipping C:\Users\Andrewthepika\.gradle\caches\modules-2\files-2.1\io.netty\netty-resolver\4.1.97.Final\cec8348108dc76c47cf87c669d514be52c922144\netty-resolver-4.1.97.Final.jar because it was already located earlier
[01Oct2026 19:46:05.585] [main/DEBUG] [net.neoforged.fml.loading.moddiscovery.ModDiscoverer/]: Skipping C:\Users\Andrewthepika\.gradle\caches\modules-2\files-2.1\io.netty\netty-transport-classes-epoll\4.1.97.Final\795da37ded759e862457a82d9d92c4d39ce8ecee\netty-transport-classes-epoll-4.1.97.Final.jar because it was already located earlier
[01Oct2026 19:46:05.585] [main/DEBUG] [net.neoforged.fml.loading.moddiscovery.ModDiscoverer/]: Skipping C:\Users\Andrewthepika\.gradle\caches\modules-2\files-2.1\io.netty\netty-transport-native-unix-common\4.1.97.Final\d469d84265ab70095b01b40886cabdd433b6e664\netty-transport-native-unix-common-4.1.97.Final.jar because it was already located earlier
[01Oct2026 19:46:05.585] [main/DEBUG] [net.neoforged.fml.loading.moddiscovery.ModDiscoverer/]: Skipping C:\Users\Andrewthepika\.gradle\caches\modules-2\files-2.1\io.netty\netty-transport\4.1.97.Final\f37380d23c9bb079bc702910833b2fd532c9abd0\netty-transport-4.1.97.Final.jar because it was already located earlier
[01Oct2026 19:46:05.585] [main/DEBUG] [net.neoforged.fml.loading.moddiscovery.ModDiscoverer/]: Skipping C:\Users\Andrewthepika\.gradle\caches\modules-2\files-2.1\it.unimi.dsi\fastutil\8.5.12\c24946d46824bd528054bface3231d2ecb7e95e8\fastutil-8.5.12.jar because it was already located earlier
[01Oct2026 19:46:05.585] [main/DEBUG] [net.neoforged.fml.loading.moddiscovery.ModDiscoverer/]: Skipping C:\Users\Andrewthepika\.gradle\caches\modules-2\files-2.1\net.java.dev.jna\jna-platform\5.14.0\28934d48aed814f11e4c584da55c49fa7032b31b\jna-platform-5.14.0.jar because it was already located earlier
[01Oct2026 19:46:05.586] [main/DEBUG] [net.neoforged.fml.loading.moddiscovery.ModDiscoverer/]: Skipping C:\Users\Andrewthepika\.gradle\caches\modules-2\files-2.1\net.java.dev.jna\jna\5.14.0\67bf3eaea4f0718cb376a181a629e5f88fa1c9dd\jna-5.14.0.jar because it was already located earlier
[01Oct2026 19:46:05.586] [main/DEBUG] [net.neoforged.fml.loading.moddiscovery.ModDiscoverer/]: Skipping C:\Users\Andrewthepika\.gradle\caches\modules-2\files-2.1\org.apache.commons\commons-compress\1.26.0\659feffdd12280201c8aacb8f7be94f9a883c824\commons-compress-1.26.0.jar because it was already located earlier
[01Oct2026 19:46:05.586] [main/DEBUG] [net.neoforged.fml.loading.moddiscovery.ModDiscoverer/]: Skipping C:\Users\Andrewthepika\.gradle\caches\modules-2\files-2.1\org.apache.httpcomponents\httpclient\4.5.13\e5f6cae5ca7ecaac1ec2827a9e2d65ae2869cada\httpclient-4.5.13.jar because it was already located earlier
[01Oct2026 19:46:05.586] [main/DEBUG] [net.neoforged.fml.loading.moddiscovery.ModDiscoverer/]: Skipping C:\Users\Andrewthepika\.gradle\caches\modules-2\files-2.1\org.apache.httpcomponents\httpcore\4.4.16\51cf043c87253c9f58b539c9f7e44c8894223850\httpcore-4.4.16.jar because it was already located earlier
[01Oct2026 19:46:05.586] [main/DEBUG] [net.neoforged.fml.loading.moddiscovery.ModDiscoverer/]: Skipping C:\Users\Andrewthepika\.gradle\caches\modules-2\files-2.1\org.jcraft\jorbis\0.0.17\8872d22b293e8f5d7d56ff92be966e6dc28ebdc6\jorbis-0.0.17.jar because it was already located earlier
[01Oct2026 19:46:05.586] [main/DEBUG] [net.neoforged.fml.loading.moddiscovery.ModDiscoverer/]: Skipping C:\Users\Andrewthepika\.gradle\caches\modules-2\files-2.1\org.joml\joml\1.10.5\22566d58af70ad3d72308bab63b8339906deb649\joml-1.10.5.jar because it was already located earlier
[01Oct2026 19:46:05.586] [main/DEBUG] [net.neoforged.fml.loading.moddiscovery.ModDiscoverer/]: Skipping C:\Users\Andrewthepika\.gradle\caches\modules-2\files-2.1\org.lwjgl\lwjgl-freetype\3.3.3\a0db6c84a8becc8ca05f9dbfa985edc348a824c7\lwjgl-freetype-3.3.3.jar because it was already located earlier
[01Oct2026 19:46:05.593] [main/DEBUG] [net.neoforged.fml.loading.moddiscovery.ModDiscoverer/]: Skipping C:\Users\Andrewthepika\.gradle\caches\modules-2\files-2.1\org.lwjgl\lwjgl-freetype\3.3.3\15a8c1de7f51d07a92eae7ce1222557073a0c0c3\lwjgl-freetype-3.3.3-natives-windows-x86.jar because it was already located earlier
[01Oct2026 19:46:05.593] [main/DEBUG] [net.neoforged.fml.loading.moddiscovery.ModDiscoverer/]: Skipping C:\Users\Andrewthepika\.gradle\caches\modules-2\files-2.1\org.lwjgl\lwjgl-glfw\3.3.3\efa1eb78c5ccd840e9f329717109b5e892d72f8e\lwjgl-glfw-3.3.3.jar because it was already located earlier
[01Oct2026 19:46:05.599] [main/DEBUG] [net.neoforged.fml.loading.moddiscovery.ModDiscoverer/]: Skipping C:\Users\Andrewthepika\.gradle\caches\modules-2\files-2.1\org.lwjgl\lwjgl-glfw\3.3.3\32334f3fd5270a59bad9939a93115acb6de36dcf\lwjgl-glfw-3.3.3-natives-windows-x86.jar because it was already located earlier
[01Oct2026 19:46:05.599] [main/DEBUG] [net.neoforged.fml.loading.moddiscovery.ModDiscoverer/]: Skipping C:\Users\Andrewthepika\.gradle\caches\modules-2\files-2.1\org.lwjgl\lwjgl-jemalloc\3.3.3\b543467b7ff3c6920539a88ee602d34098628be5\lwjgl-jemalloc-3.3.3.jar because it was already located earlier
[01Oct2026 19:46:05.599] [main/DEBUG] [net.neoforged.fml.loading.moddiscovery.ModDiscoverer/]: Skipping C:\Users\Andrewthepika\.gradle\caches\modules-2\files-2.1\org.lwjgl\lwjgl-jemalloc\3.3.3\426222fc027602a5f21b9c0fe79cde6a4c7a011f\lwjgl-jemalloc-3.3.3-natives-windows.jar because it was already located earlier
[01Oct2026 19:46:05.603] [main/DEBUG] [net.neoforged.fml.loading.moddiscovery.ModDiscoverer/]: Skipping C:\Users\Andrewthepika\.gradle\caches\modules-2\files-2.1\org.lwjgl\lwjgl-openal\3.3.3\daada81ceb5fc0c291fbfdd4433cb8d9423577f2\lwjgl-openal-3.3.3.jar because it was already located earlier
[01Oct2026 19:46:05.608] [main/DEBUG] [net.neoforged.fml.loading.moddiscovery.ModDiscoverer/]: Skipping C:\Users\Andrewthepika\.gradle\caches\modules-2\files-2.1\org.lwjgl\lwjgl-openal\3.3.3\87b8d5050e3adb46bb58fe1cb2669a4a48fce10d\lwjgl-openal-3.3.3-natives-windows-x86.jar because it was already located earlier
[01Oct2026 19:46:05.608] [main/DEBUG] [net.neoforged.fml.loading.moddiscovery.ModDiscoverer/]: Skipping C:\Users\Andrewthepika\.gradle\caches\modules-2\files-2.1\org.lwjgl\lwjgl-opengl\3.3.3\2f6b0147078396a58979125a4c947664e98293a\lwjgl-opengl-3.3.3.jar because it was already located earlier
[01Oct2026 19:46:05.611] [main/DEBUG] [net.neoforged.fml.loading.moddiscovery.ModDiscoverer/]: Skipping C:\Users\Andrewthepika\.gradle\caches\modules-2\files-2.1\org.lwjgl\lwjgl-opengl\3.3.3\65e956d3735a1abdc82eff4baec1b61174697d4b\lwjgl-opengl-3.3.3-natives-windows-arm64.jar because it was already located earlier
[01Oct2026 19:46:05.615] [main/DEBUG] [net.neoforged.fml.loading.moddiscovery.ModDiscoverer/]: Skipping C:\Users\Andrewthepika\.gradle\caches\modules-2\files-2.1\org.lwjgl\lwjgl-stb\3.3.3\25dd6161988d7e65f71d5065c99902402ee32746\lwjgl-stb-3.3.3.jar because it was already located earlier
[01Oct2026 19:46:05.616] [main/DEBUG] [net.neoforged.fml.loading.moddiscovery.ModDiscoverer/]: Skipping C:\Users\Andrewthepika\.gradle\caches\modules-2\files-2.1\org.lwjgl\lwjgl-stb\3.3.3\1d9facdf6541de114b0f963be33505b7679c78cb\lwjgl-stb-3.3.3-natives-windows.jar because it was already located earlier
[01Oct2026 19:46:05.622] [main/DEBUG] [net.neoforged.fml.loading.moddiscovery.ModDiscoverer/]: Skipping C:\Users\Andrewthepika\.gradle\caches\modules-2\files-2.1\org.lwjgl\lwjgl-tinyfd\3.3.3\82d755ca94b102e9ca77283b9e2dc46d1b15fbe5\lwjgl-tinyfd-3.3.3.jar because it was already located earlier
[01Oct2026 19:46:05.623] [main/DEBUG] [net.neoforged.fml.loading.moddiscovery.ModDiscoverer/]: Skipping C:\Users\Andrewthepika\.gradle\caches\modules-2\files-2.1\org.lwjgl\lwjgl-tinyfd\3.3.3\a6697981b0449a5087c1d546fc08b4f73e8f98c9\lwjgl-tinyfd-3.3.3-natives-windows.jar because it was already located earlier
[01Oct2026 19:46:05.630] [main/DEBUG] [net.neoforged.fml.loading.moddiscovery.ModDiscoverer/]: Skipping C:\Users\Andrewthepika\.gradle\caches\modules-2\files-2.1\org.lwjgl\lwjgl\3.3.3\29589b5f87ed335a6c7e7ee6a5775f81f97ecb84\lwjgl-3.3.3.jar because it was already located earlier
[01Oct2026 19:46:05.637] [main/DEBUG] [net.neoforged.fml.loading.moddiscovery.ModDiscoverer/]: Skipping C:\Users\Andrewthepika\.gradle\caches\modules-2\files-2.1\org.lwjgl\lwjgl\3.3.3\9e670718e050aeaeea0c2d5b907cffb142f2e58f\lwjgl-3.3.3-natives-windows-x86.jar because it was already located earlier
[01Oct2026 19:46:05.637] [main/DEBUG] [net.neoforged.fml.loading.moddiscovery.ModDiscoverer/]: Skipping C:\Users\Andrewthepika\.gradle\caches\modules-2\files-2.1\org.lz4\lz4-java\1.8.0\4b986a99445e49ea5fbf5d149c4b63f6ed6c6780\lz4-java-1.8.0.jar because it was already located earlier
[01Oct2026 19:46:05.637] [main/DEBUG] [net.neoforged.fml.loading.moddiscovery.ModDiscoverer/]: Skipping C:\Users\Andrewthepika\.gradle\caches\modules-2\files-2.1\org.jline\jline-terminal\3.20.0\d0ddcc708ddf527a3454c941b7b9225cc83a15ff\jline-terminal-3.20.0.jar because it was already located earlier
[01Oct2026 19:46:05.637] [main/DEBUG] [net.neoforged.fml.loading.moddiscovery.ModDiscoverer/]: Skipping C:\Users\Andrewthepika\.gradle\caches\modules-2\files-2.1\com.google.guava\listenablefuture\9999.0-empty-to-avoid-conflict-with-guava\b421526c5f297295adef1c886e5246c39d4ac629\listenablefuture-9999.0-empty-to-avoid-conflict-with-guava.jar because it was already located earlier
[01Oct2026 19:46:05.637] [main/DEBUG] [net.neoforged.fml.loading.moddiscovery.ModDiscoverer/]: Skipping C:\Users\Andrewthepika\.gradle\caches\modules-2\files-2.1\com.google.code.findbugs\jsr305\3.0.2\25ea2e8b0c338a877313bd4672d3fe056ea78f0d\jsr305-3.0.2.jar because it was already located earlier
[01Oct2026 19:46:05.637] [main/DEBUG] [net.neoforged.fml.loading.moddiscovery.ModDiscoverer/]: Skipping C:\Users\Andrewthepika\.gradle\caches\modules-2\files-2.1\org.checkerframework\checker-qual\3.33.0\de2b60b62da487644fc11f734e73c8b0b431238f\checker-qual-3.33.0.jar because it was already located earlier
[01Oct2026 19:46:05.637] [main/DEBUG] [net.neoforged.fml.loading.moddiscovery.ModDiscoverer/]: Skipping C:\Users\Andrewthepika\.gradle\caches\modules-2\files-2.1\com.google.errorprone\error_prone_annotations\2.18.0\89b684257096f548fa39a7df9fdaa409d4d4df91\error_prone_annotations-2.18.0.jar because it was already located earlier
[01Oct2026 19:46:05.638] [main/DEBUG] [net.neoforged.fml.loading.moddiscovery.ModDiscoverer/]: Skipping C:\Users\Andrewthepika\.gradle\caches\modules-2\files-2.1\com.google.j2objc\j2objc-annotations\2.8\c85270e307e7b822f1086b93689124b89768e273\j2objc-annotations-2.8.jar because it was already located earlier
[01Oct2026 19:46:05.639] [main/DEBUG] [net.neoforged.fml.loading.UniqueModListBuilder/]: Found 2 mods for first modid neoforge, selecting most recent based on version data
[01Oct2026 19:46:05.640] [main/DEBUG] [net.neoforged.fml.loading.UniqueModListBuilder/]: Selected file neoforge-21.1.251.jar for modid neoforge with version 21.1.251
[01Oct2026 19:46:05.778] [main/INFO] [net.neoforged.fml.loading.moddiscovery.locators.JarInJarDependencyLocator/]: Found 2 dependencies adding them to mods collection
[01Oct2026 19:46:05.779] [main/INFO] [net.neoforged.fml.loading.moddiscovery.ModDiscoverer/]: 
     Mod List:
		Name Version (Mod Id)

		Minecraft 1.21.1 (minecraft)
		Minefinity 0.0.0.1 (minefinity)
		NeoForge 21.1.251 (neoforge)
		Wiki Data Exporter 2.2.1+1.21.1 (wiki_exporter)
[01Oct2026 19:46:05.781] [main/DEBUG] [net.neoforged.fml.loading.moddiscovery.ModFileInfo/LOADING]: Found valid mod file neoforge-21.1.251.jar with {minecraft} mods - versions {1.21.1}
[01Oct2026 19:46:05.783] [main/DEBUG] [net.neoforged.fml.loading.moddiscovery.ModFile/LOADING]: Loading mod file C:\Users\Andrewthepika\IdeaProjects\Minefinity\build\moddev\artifacts\neoforge-21.1.251.jar with languages [LanguageSpec[languageName=minecraft, acceptedVersions=1]]
[01Oct2026 19:46:05.784] [main/DEBUG] [net.neoforged.fml.loading.moddiscovery.ModFileParser/LOADING]: Considering mod file candidate C:\Users\Andrewthepika\IdeaProjects\Minefinity\build\classes\java\main
[01Oct2026 19:46:05.788] [main/DEBUG] [net.neoforged.fml.loading.moddiscovery.ModFileInfo/LOADING]: Found valid mod file main with {minefinity} mods - versions {0.0.0.1}
[01Oct2026 19:46:05.788] [main/DEBUG] [net.neoforged.fml.loading.moddiscovery.ModFile/LOADING]: Loading mod file C:\Users\Andrewthepika\IdeaProjects\Minefinity\build\classes\java\main with languages [LanguageSpec[languageName=javafml, acceptedVersions=[4,)]]
[01Oct2026 19:46:05.789] [main/DEBUG] [net.neoforged.fml.loading.moddiscovery.ModFile/LOADING]: Found mixin config MixinConfig[config=minefinity.mixins.json, requiredMods=[]]
[01Oct2026 19:46:05.790] [main/DEBUG] [net.neoforged.fml.loading.moddiscovery.ModFileParser/LOADING]: Considering mod file candidate C:\Users\Andrewthepika\.gradle\caches\modules-2\files-2.1\org.sinytra\wiki-exporter-neoforge\2.2.1+1.21.1\31e3c70fa13d1af2badd1a361ec44f26d159572d\wiki-exporter-neoforge-2.2.1+1.21.1.jar
[01Oct2026 19:46:05.792] [main/DEBUG] [net.neoforged.fml.loading.moddiscovery.ModFileInfo/LOADING]: Found valid mod file wiki-exporter-neoforge-2.2.1+1.21.1.jar with {wiki_exporter} mods - versions {2.2.1+1.21.1}
[01Oct2026 19:46:05.792] [main/DEBUG] [net.neoforged.fml.loading.moddiscovery.ModFile/LOADING]: Loading mod file C:\Users\Andrewthepika\.gradle\caches\modules-2\files-2.1\org.sinytra\wiki-exporter-neoforge\2.2.1+1.21.1\31e3c70fa13d1af2badd1a361ec44f26d159572d\wiki-exporter-neoforge-2.2.1+1.21.1.jar with languages [LanguageSpec[languageName=javafml, acceptedVersions=[4,)]]
[01Oct2026 19:46:05.793] [main/DEBUG] [net.neoforged.fml.loading.moddiscovery.ModFile/LOADING]: Found mixin config MixinConfig[config=wiki_exporter.mixins.json, requiredMods=[]]
[01Oct2026 19:46:05.793] [main/DEBUG] [net.neoforged.fml.loading.moddiscovery.ModFile/LOADING]: Found mixin config MixinConfig[config=wiki_exporter.render.mixins.json, requiredMods=[]]
[01Oct2026 19:46:05.793] [main/DEBUG] [net.neoforged.fml.loading.moddiscovery.ModFileParser/LOADING]: Considering mod file candidate C:\Users\Andrewthepika\IdeaProjects\Minefinity\build\moddev\artifacts\neoforge-21.1.251.jar
[01Oct2026 19:46:05.794] [main/DEBUG] [net.neoforged.fml.loading.moddiscovery.ModFileInfo/LOADING]: Found valid mod file neoforge-21.1.251.jar with {neoforge} mods - versions {21.1.251}
[01Oct2026 19:46:05.795] [main/DEBUG] [net.neoforged.fml.loading.moddiscovery.ModFile/LOADING]: Loading mod file C:\Users\Andrewthepika\IdeaProjects\Minefinity\build\moddev\artifacts\neoforge-21.1.251.jar with languages [LanguageSpec[languageName=javafml, acceptedVersions=[3,]]]
[01Oct2026 19:46:05.795] [main/DEBUG] [net.neoforged.fml.loading.moddiscovery.ModFile/LOADING]: Found mixin config MixinConfig[config=neoforge.mixins.json, requiredMods=[]]
[01Oct2026 19:46:05.795] [main/DEBUG] [net.neoforged.fml.loading.moddiscovery.ModFile/LOADING]: Loading mod file  with languages []
[01Oct2026 19:46:05.796] [main/DEBUG] [cpw.mods.modlauncher.TransformationServiceDecorator/MODLAUNCHER]: End scan trigger - transformation service fml
[01Oct2026 19:46:05.808] [main/DEBUG] [net.neoforged.fml.util.ServiceLoaderUtil/CORE]: Found 3 implementations of IModLanguageLoader:
[01Oct2026 19:46:05.809] [main/DEBUG] [net.neoforged.fml.util.ServiceLoaderUtil/CORE]: 	net.neoforged.fml.javafmlmod.FMLJavaModLanguageProvider from loader-4.0.44.jar
[01Oct2026 19:46:05.809] [main/DEBUG] [net.neoforged.fml.util.ServiceLoaderUtil/CORE]: 	net.neoforged.fml.lowcodemod.LowCodeModLanguageProvider from loader-4.0.44.jar
[01Oct2026 19:46:05.809] [main/DEBUG] [net.neoforged.fml.util.ServiceLoaderUtil/CORE]: 	net.neoforged.fml.mclanguageprovider.MinecraftModLanguageProvider from loader-4.0.44.jar
[01Oct2026 19:46:05.810] [main/DEBUG] [net.neoforged.fml.loading.LanguageProviderLoader/CORE]: Found language provider javafml, version 4.0.44
[01Oct2026 19:46:05.810] [main/DEBUG] [net.neoforged.fml.loading.LanguageProviderLoader/CORE]: Found language provider lowcodefml, version 4.0.44
[01Oct2026 19:46:05.811] [main/DEBUG] [net.neoforged.fml.loading.LanguageProviderLoader/CORE]: Found language provider minecraft, version 4.0.44
[01Oct2026 19:46:05.816] [main/DEBUG] [net.neoforged.fml.loading.ModSorter/]: Configured system mods: [minecraft, neoforge]
[01Oct2026 19:46:05.816] [main/DEBUG] [net.neoforged.fml.loading.ModSorter/]: Found system mod: minecraft
[01Oct2026 19:46:05.816] [main/DEBUG] [net.neoforged.fml.loading.ModSorter/]: Found system mod: neoforge
[01Oct2026 19:46:05.819] [main/DEBUG] [net.neoforged.fml.loading.ModSorter/LOADING]: Found 4 mod requirements (4 mandatory, 0 optional)
[01Oct2026 19:46:05.820] [main/DEBUG] [net.neoforged.fml.loading.ModSorter/LOADING]: Found 0 mod requirements missing (0 mandatory, 0 optional)
[01Oct2026 19:46:05.966] [main/DEBUG] [mixin/]: Adding mixin platform agents for container net.neoforged.fml.loading.mixin.FMLMixinContainerHandle@dca2615
[01Oct2026 19:46:05.966] [main/DEBUG] [mixin/]: Instancing new MixinPlatformAgentMinecraftForge for net.neoforged.fml.loading.mixin.FMLMixinContainerHandle@dca2615
[01Oct2026 19:46:05.966] [main/DEBUG] [mixin/]: MixinPlatformAgentMinecraftForge rejected container net.neoforged.fml.loading.mixin.FMLMixinContainerHandle@dca2615
[01Oct2026 19:46:05.966] [main/DEBUG] [mixin/]: Instancing new MixinPlatformAgentDefault for net.neoforged.fml.loading.mixin.FMLMixinContainerHandle@dca2615
[01Oct2026 19:46:05.967] [main/DEBUG] [mixin/]: MixinPlatformAgentDefault accepted container net.neoforged.fml.loading.mixin.FMLMixinContainerHandle@dca2615
[01Oct2026 19:46:05.967] [main/DEBUG] [mixin/]: Instancing new FMLMixinPlatformAgent for net.neoforged.fml.loading.mixin.FMLMixinContainerHandle@dca2615
[01Oct2026 19:46:05.967] [main/DEBUG] [mixin/]: FMLMixinPlatformAgent accepted container net.neoforged.fml.loading.mixin.FMLMixinContainerHandle@dca2615
[01Oct2026 19:46:05.977] [main/DEBUG] [cpw.mods.modlauncher.TransformationServicesHandler/MODLAUNCHER]: Transformation services loading transformers
[01Oct2026 19:46:05.978] [main/DEBUG] [cpw.mods.modlauncher.TransformationServiceDecorator/MODLAUNCHER]: Initializing transformers for transformation service mixin
[01Oct2026 19:46:05.978] [main/DEBUG] [cpw.mods.modlauncher.TransformationServiceDecorator/MODLAUNCHER]: Initialized transformers for transformation service mixin
[01Oct2026 19:46:05.979] [main/DEBUG] [cpw.mods.modlauncher.TransformationServiceDecorator/MODLAUNCHER]: Initializing transformers for transformation service fml
[01Oct2026 19:46:05.979] [main/DEBUG] [net.neoforged.fml.loading.FMLServiceProvider/LOADING]: Loading coremod transformers
[01Oct2026 19:46:05.979] [main/DEBUG] [net.neoforged.fml.loading.FMLServiceProvider/CORE]: Not loading coremod script-engine since no mod requested it
[01Oct2026 19:46:05.981] [main/DEBUG] [net.neoforged.fml.util.ServiceLoaderUtil/CORE]: Found 1 implementations of ICoreMod:
[01Oct2026 19:46:05.981] [main/DEBUG] [net.neoforged.fml.util.ServiceLoaderUtil/CORE]: 	net.neoforged.neoforge.coremods.NeoForgeCoreMod from neoforge-21.1.251.jar > net.neoforged.neoforge-coremods-21.1.251.jar
[01Oct2026 19:46:05.988] [main/DEBUG] [net.neoforged.fml.loading.FMLServiceProvider/CORE]: Adding [Target[className=net.minecraft.world.level.biome.Biome, elementName=, elementDescriptor=, targetType=cpw.mods.modlauncher.api.TargetType@13518f37]] transformer from core-mod net.neoforged.neoforge.coremods.NeoForgeCoreMod@38704ff0 in neoforge-21.1.251.jar > net.neoforged.neoforge-coremods-21.1.251.jar
[01Oct2026 19:46:05.988] [main/DEBUG] [net.neoforged.fml.loading.FMLServiceProvider/CORE]: Adding [Target[className=net.minecraft.world.level.levelgen.structure.Structure, elementName=, elementDescriptor=, targetType=cpw.mods.modlauncher.api.TargetType@13518f37]] transformer from core-mod net.neoforged.neoforge.coremods.NeoForgeCoreMod@38704ff0 in neoforge-21.1.251.jar > net.neoforged.neoforge-coremods-21.1.251.jar
[01Oct2026 19:46:05.988] [main/DEBUG] [net.neoforged.fml.loading.FMLServiceProvider/CORE]: Adding [Target[className=net.minecraft.world.level.block.FlowerPotBlock, elementName=, elementDescriptor=, targetType=cpw.mods.modlauncher.api.TargetType@13518f37]] transformer from core-mod net.neoforged.neoforge.coremods.NeoForgeCoreMod@38704ff0 in neoforge-21.1.251.jar > net.neoforged.neoforge-coremods-21.1.251.jar
[01Oct2026 19:46:05.989] [main/DEBUG] [net.neoforged.fml.loading.FMLServiceProvider/CORE]: Adding [Target[className=net/minecraft/server/commands/RaidCommand, elementName=, elementDescriptor=, targetType=cpw.mods.modlauncher.api.TargetType@13518f37], Target[className=net/minecraft/world/entity/monster/ZombieVillager, elementName=, elementDescriptor=, targetType=cpw.mods.modlauncher.api.TargetType@13518f37], Target[className=net/minecraft/world/level/levelgen/PatrolSpawner, elementName=, elementDescriptor=, targetType=cpw.mods.modlauncher.api.TargetType@13518f37], Target[className=net/minecraft/world/entity/monster/Evoker$EvokerSummonSpellGoal, elementName=, elementDescriptor=, targetType=cpw.mods.modlauncher.api.TargetType@13518f37], Target[className=net/minecraft/world/level/levelgen/structure/structures/OceanMonumentPieces$OceanMonumentPiece, elementName=, elementDescriptor=, targetType=cpw.mods.modlauncher.api.TargetType@13518f37], Target[className=net/minecraft/world/entity/animal/horse/SkeletonTrapGoal, elementName=, elementDescriptor=, targetType=cpw.mods.modlauncher.api.TargetType@13518f37], Target[className=net/minecraft/world/entity/monster/Spider, elementName=, elementDescriptor=, targetType=cpw.mods.modlauncher.api.TargetType@13518f37], Target[className=net/minecraft/world/entity/monster/Zombie, elementName=, elementDescriptor=, targetType=cpw.mods.modlauncher.api.TargetType@13518f37], Target[className=net/minecraft/world/entity/raid/Raid, elementName=, elementDescriptor=, targetType=cpw.mods.modlauncher.api.TargetType@13518f37], Target[className=net/minecraft/world/level/NaturalSpawner, elementName=, elementDescriptor=, targetType=cpw.mods.modlauncher.api.TargetType@13518f37], Target[className=net/minecraft/world/entity/npc/CatSpawner, elementName=, elementDescriptor=, targetType=cpw.mods.modlauncher.api.TargetType@13518f37], Target[className=net/minecraft/server/commands/SummonCommand, elementName=, elementDescriptor=, targetType=cpw.mods.modlauncher.api.TargetType@13518f37], Target[className=net/minecraft/world/level/levelgen/PhantomSpawner, elementName=, elementDescriptor=, targetType=cpw.mods.modlauncher.api.TargetType@13518f37], Target[className=net/minecraft/world/level/levelgen/structure/structures/WoodlandMansionPieces$WoodlandMansionPiece, elementName=, elementDescriptor=, targetType=cpw.mods.modlauncher.api.TargetType@13518f37], Target[className=net/minecraft/world/entity/EntityType, elementName=, elementDescriptor=, targetType=cpw.mods.modlauncher.api.TargetType@13518f37], Target[className=net/minecraft/world/entity/monster/Strider, elementName=, elementDescriptor=, targetType=cpw.mods.modlauncher.api.TargetType@13518f37], Target[className=net/minecraft/world/entity/ai/village/VillageSiege, elementName=, elementDescriptor=, targetType=cpw.mods.modlauncher.api.TargetType@13518f37], Target[className=net/minecraft/world/entity/animal/frog/Tadpole, elementName=, elementDescriptor=, targetType=cpw.mods.modlauncher.api.TargetType@13518f37], Target[className=net/minecraft/world/level/levelgen/structure/templatesystem/StructureTemplate, elementName=, elementDescriptor=, targetType=cpw.mods.modlauncher.api.TargetType@13518f37], Target[className=net/minecraft/world/entity/npc/Villager, elementName=, elementDescriptor=, targetType=cpw.mods.modlauncher.api.TargetType@13518f37], Target[className=net/minecraft/world/level/levelgen/structure/structures/OceanRuinPieces$OceanRuinPiece, elementName=, elementDescriptor=, targetType=cpw.mods.modlauncher.api.TargetType@13518f37], Target[className=net/minecraft/world/level/levelgen/structure/structures/SwampHutPiece, elementName=, elementDescriptor=, targetType=cpw.mods.modlauncher.api.TargetType@13518f37]] transformer from core-mod net.neoforged.neoforge.coremods.NeoForgeCoreMod@38704ff0 in neoforge-21.1.251.jar > net.neoforged.neoforge-coremods-21.1.251.jar
[01Oct2026 19:46:05.992] [main/DEBUG] [cpw.mods.modlauncher.TransformStore/MODLAUNCHER]: Adding transformer net.neoforged.neoforge.coremods.ReplaceFieldWithGetterAccess@610df783 to Target : cpw.mods.modlauncher.api.TargetType@13518f37 {Lnet/minecraft/world/level/biome/Biome;} {} {V}
[01Oct2026 19:46:05.994] [main/DEBUG] [cpw.mods.modlauncher.TransformStore/MODLAUNCHER]: Adding transformer net.neoforged.neoforge.coremods.ReplaceFieldWithGetterAccess@1aa99005 to Target : cpw.mods.modlauncher.api.TargetType@13518f37 {Lnet/minecraft/world/level/levelgen/structure/Structure;} {} {V}
[01Oct2026 19:46:05.994] [main/DEBUG] [cpw.mods.modlauncher.TransformStore/MODLAUNCHER]: Adding transformer net.neoforged.neoforge.coremods.ReplaceFieldWithGetterAccess@592238c5 to Target : cpw.mods.modlauncher.api.TargetType@13518f37 {Lnet/minecraft/world/level/block/FlowerPotBlock;} {} {V}
[01Oct2026 19:46:05.994] [main/DEBUG] [cpw.mods.modlauncher.TransformStore/MODLAUNCHER]: Adding transformer net.neoforged.neoforge.coremods.MethodRedirector@6ee8dcd3 to Target : cpw.mods.modlauncher.api.TargetType@13518f37 {Lnet/minecraft/server/commands/RaidCommand;} {} {V}
[01Oct2026 19:46:05.994] [main/DEBUG] [cpw.mods.modlauncher.TransformStore/MODLAUNCHER]: Adding transformer net.neoforged.neoforge.coremods.MethodRedirector@6ee8dcd3 to Target : cpw.mods.modlauncher.api.TargetType@13518f37 {Lnet/minecraft/world/entity/monster/ZombieVillager;} {} {V}
[01Oct2026 19:46:05.994] [main/DEBUG] [cpw.mods.modlauncher.TransformStore/MODLAUNCHER]: Adding transformer net.neoforged.neoforge.coremods.MethodRedirector@6ee8dcd3 to Target : cpw.mods.modlauncher.api.TargetType@13518f37 {Lnet/minecraft/world/level/levelgen/PatrolSpawner;} {} {V}
[01Oct2026 19:46:05.995] [main/DEBUG] [cpw.mods.modlauncher.TransformStore/MODLAUNCHER]: Adding transformer net.neoforged.neoforge.coremods.MethodRedirector@6ee8dcd3 to Target : cpw.mods.modlauncher.api.TargetType@13518f37 {Lnet/minecraft/world/entity/monster/Evoker$EvokerSummonSpellGoal;} {} {V}
[01Oct2026 19:46:05.995] [main/DEBUG] [cpw.mods.modlauncher.TransformStore/MODLAUNCHER]: Adding transformer net.neoforged.neoforge.coremods.MethodRedirector@6ee8dcd3 to Target : cpw.mods.modlauncher.api.TargetType@13518f37 {Lnet/minecraft/world/level/levelgen/structure/structures/OceanMonumentPieces$OceanMonumentPiece;} {} {V}
[01Oct2026 19:46:05.995] [main/DEBUG] [cpw.mods.modlauncher.TransformStore/MODLAUNCHER]: Adding transformer net.neoforged.neoforge.coremods.MethodRedirector@6ee8dcd3 to Target : cpw.mods.modlauncher.api.TargetType@13518f37 {Lnet/minecraft/world/entity/animal/horse/SkeletonTrapGoal;} {} {V}
[01Oct2026 19:46:05.995] [main/DEBUG] [cpw.mods.modlauncher.TransformStore/MODLAUNCHER]: Adding transformer net.neoforged.neoforge.coremods.MethodRedirector@6ee8dcd3 to Target : cpw.mods.modlauncher.api.TargetType@13518f37 {Lnet/minecraft/world/entity/monster/Spider;} {} {V}
[01Oct2026 19:46:05.995] [main/DEBUG] [cpw.mods.modlauncher.TransformStore/MODLAUNCHER]: Adding transformer net.neoforged.neoforge.coremods.MethodRedirector@6ee8dcd3 to Target : cpw.mods.modlauncher.api.TargetType@13518f37 {Lnet/minecraft/world/entity/monster/Zombie;} {} {V}
[01Oct2026 19:46:05.995] [main/DEBUG] [cpw.mods.modlauncher.TransformStore/MODLAUNCHER]: Adding transformer net.neoforged.neoforge.coremods.MethodRedirector@6ee8dcd3 to Target : cpw.mods.modlauncher.api.TargetType@13518f37 {Lnet/minecraft/world/entity/raid/Raid;} {} {V}
[01Oct2026 19:46:05.995] [main/DEBUG] [cpw.mods.modlauncher.TransformStore/MODLAUNCHER]: Adding transformer net.neoforged.neoforge.coremods.MethodRedirector@6ee8dcd3 to Target : cpw.mods.modlauncher.api.TargetType@13518f37 {Lnet/minecraft/world/level/NaturalSpawner;} {} {V}
[01Oct2026 19:46:05.996] [main/DEBUG] [cpw.mods.modlauncher.TransformStore/MODLAUNCHER]: Adding transformer net.neoforged.neoforge.coremods.MethodRedirector@6ee8dcd3 to Target : cpw.mods.modlauncher.api.TargetType@13518f37 {Lnet/minecraft/world/entity/npc/CatSpawner;} {} {V}
[01Oct2026 19:46:05.996] [main/DEBUG] [cpw.mods.modlauncher.TransformStore/MODLAUNCHER]: Adding transformer net.neoforged.neoforge.coremods.MethodRedirector@6ee8dcd3 to Target : cpw.mods.modlauncher.api.TargetType@13518f37 {Lnet/minecraft/server/commands/SummonCommand;} {} {V}
[01Oct2026 19:46:05.996] [main/DEBUG] [cpw.mods.modlauncher.TransformStore/MODLAUNCHER]: Adding transformer net.neoforged.neoforge.coremods.MethodRedirector@6ee8dcd3 to Target : cpw.mods.modlauncher.api.TargetType@13518f37 {Lnet/minecraft/world/level/levelgen/PhantomSpawner;} {} {V}
[01Oct2026 19:46:05.996] [main/DEBUG] [cpw.mods.modlauncher.TransformStore/MODLAUNCHER]: Adding transformer net.neoforged.neoforge.coremods.MethodRedirector@6ee8dcd3 to Target : cpw.mods.modlauncher.api.TargetType@13518f37 {Lnet/minecraft/world/level/levelgen/structure/structures/WoodlandMansionPieces$WoodlandMansionPiece;} {} {V}
[01Oct2026 19:46:05.996] [main/DEBUG] [cpw.mods.modlauncher.TransformStore/MODLAUNCHER]: Adding transformer net.neoforged.neoforge.coremods.MethodRedirector@6ee8dcd3 to Target : cpw.mods.modlauncher.api.TargetType@13518f37 {Lnet/minecraft/world/entity/EntityType;} {} {V}
[01Oct2026 19:46:05.996] [main/DEBUG] [cpw.mods.modlauncher.TransformStore/MODLAUNCHER]: Adding transformer net.neoforged.neoforge.coremods.MethodRedirector@6ee8dcd3 to Target : cpw.mods.modlauncher.api.TargetType@13518f37 {Lnet/minecraft/world/entity/monster/Strider;} {} {V}
[01Oct2026 19:46:05.997] [main/DEBUG] [cpw.mods.modlauncher.TransformStore/MODLAUNCHER]: Adding transformer net.neoforged.neoforge.coremods.MethodRedirector@6ee8dcd3 to Target : cpw.mods.modlauncher.api.TargetType@13518f37 {Lnet/minecraft/world/entity/ai/village/VillageSiege;} {} {V}
[01Oct2026 19:46:05.997] [main/DEBUG] [cpw.mods.modlauncher.TransformStore/MODLAUNCHER]: Adding transformer net.neoforged.neoforge.coremods.MethodRedirector@6ee8dcd3 to Target : cpw.mods.modlauncher.api.TargetType@13518f37 {Lnet/minecraft/world/entity/animal/frog/Tadpole;} {} {V}
[01Oct2026 19:46:05.997] [main/DEBUG] [cpw.mods.modlauncher.TransformStore/MODLAUNCHER]: Adding transformer net.neoforged.neoforge.coremods.MethodRedirector@6ee8dcd3 to Target : cpw.mods.modlauncher.api.TargetType@13518f37 {Lnet/minecraft/world/level/levelgen/structure/templatesystem/StructureTemplate;} {} {V}
[01Oct2026 19:46:05.997] [main/DEBUG] [cpw.mods.modlauncher.TransformStore/MODLAUNCHER]: Adding transformer net.neoforged.neoforge.coremods.MethodRedirector@6ee8dcd3 to Target : cpw.mods.modlauncher.api.TargetType@13518f37 {Lnet/minecraft/world/entity/npc/Villager;} {} {V}
[01Oct2026 19:46:05.997] [main/DEBUG] [cpw.mods.modlauncher.TransformStore/MODLAUNCHER]: Adding transformer net.neoforged.neoforge.coremods.MethodRedirector@6ee8dcd3 to Target : cpw.mods.modlauncher.api.TargetType@13518f37 {Lnet/minecraft/world/level/levelgen/structure/structures/OceanRuinPieces$OceanRuinPiece;} {} {V}
[01Oct2026 19:46:05.998] [main/DEBUG] [cpw.mods.modlauncher.TransformStore/MODLAUNCHER]: Adding transformer net.neoforged.neoforge.coremods.MethodRedirector@6ee8dcd3 to Target : cpw.mods.modlauncher.api.TargetType@13518f37 {Lnet/minecraft/world/level/levelgen/structure/structures/SwampHutPiece;} {} {V}
[01Oct2026 19:46:05.998] [main/DEBUG] [cpw.mods.modlauncher.TransformationServiceDecorator/MODLAUNCHER]: Initialized transformers for transformation service fml
[01Oct2026 19:46:06.708] [main/DEBUG] [mixin/]: Processing prepare() for PlatformAgent[MixinPlatformAgentDefault:ModLauncher Root Container(ModLauncher:4f56a0a2)]
[01Oct2026 19:46:06.708] [main/DEBUG] [mixin/]: Processing prepare() for PlatformAgent[MixinPlatformAgentDefault:net.neoforged.fml.loading.mixin.FMLMixinContainerHandle@dca2615]
[01Oct2026 19:46:06.709] [main/DEBUG] [mixin/]: Processing prepare() for PlatformAgent[FMLMixinPlatformAgent:null]
[01Oct2026 19:46:06.750] [main/DEBUG] [mixin/]: Compatibility level JAVA_21 specified by minefinity.mixins.json is higher than the maximum level supported by this version of mixin (JAVA_13).
[01Oct2026 19:46:06.756] [main/INFO] [mixin/]: Compatibility level set to JAVA_21
[01Oct2026 19:46:06.757] [main/DEBUG] [mixin/]: Compatibility level JAVA_18 specified by wiki_exporter.mixins.json is higher than the maximum level supported by this version of mixin (JAVA_13).
[01Oct2026 19:46:06.759] [main/DEBUG] [mixin/]: Compatibility level JAVA_18 specified by wiki_exporter.render.mixins.json is higher than the maximum level supported by this version of mixin (JAVA_13).
[01Oct2026 19:46:06.762] [main/DEBUG] [mixin/]: Processing launch tasks for PlatformAgent[MixinPlatformAgentDefault:ModLauncher Root Container(ModLauncher:4f56a0a2)]
[01Oct2026 19:46:06.762] [main/DEBUG] [mixin/]: Adding mixin platform agents for container SecureJarResource(mixin_synthetic)
[01Oct2026 19:46:06.762] [main/DEBUG] [mixin/]: Instancing new MixinPlatformAgentMinecraftForge for SecureJarResource(mixin_synthetic)
[01Oct2026 19:46:06.762] [main/DEBUG] [mixin/]: MixinPlatformAgentMinecraftForge rejected container SecureJarResource(mixin_synthetic)
[01Oct2026 19:46:06.762] [main/DEBUG] [mixin/]: Instancing new MixinPlatformAgentDefault for SecureJarResource(mixin_synthetic)
[01Oct2026 19:46:06.763] [main/DEBUG] [mixin/]: MixinPlatformAgentDefault accepted container SecureJarResource(mixin_synthetic)
[01Oct2026 19:46:06.763] [main/DEBUG] [mixin/]: Instancing new FMLMixinPlatformAgent for SecureJarResource(mixin_synthetic)
[01Oct2026 19:46:06.763] [main/DEBUG] [mixin/]: FMLMixinPlatformAgent rejected container SecureJarResource(mixin_synthetic)
[01Oct2026 19:46:06.763] [main/DEBUG] [mixin/]: Processing prepare() for PlatformAgent[MixinPlatformAgentDefault:SecureJarResource(mixin_synthetic)]
[01Oct2026 19:46:06.763] [main/DEBUG] [mixin/]: Adding mixin platform agents for container SecureJarResource(minefinity)
[01Oct2026 19:46:06.763] [main/DEBUG] [mixin/]: Instancing new MixinPlatformAgentMinecraftForge for SecureJarResource(minefinity)
[01Oct2026 19:46:06.763] [main/DEBUG] [mixin/]: MixinPlatformAgentMinecraftForge rejected container SecureJarResource(minefinity)
[01Oct2026 19:46:06.763] [main/DEBUG] [mixin/]: Instancing new MixinPlatformAgentDefault for SecureJarResource(minefinity)
[01Oct2026 19:46:06.764] [main/DEBUG] [mixin/]: MixinPlatformAgentDefault accepted container SecureJarResource(minefinity)
[01Oct2026 19:46:06.764] [main/DEBUG] [mixin/]: Instancing new FMLMixinPlatformAgent for SecureJarResource(minefinity)
[01Oct2026 19:46:06.764] [main/DEBUG] [mixin/]: FMLMixinPlatformAgent rejected container SecureJarResource(minefinity)
[01Oct2026 19:46:06.764] [main/DEBUG] [mixin/]: Processing prepare() for PlatformAgent[MixinPlatformAgentDefault:SecureJarResource(minefinity)]
[01Oct2026 19:46:06.764] [main/DEBUG] [mixin/]: Adding mixin platform agents for container SecureJarResource(minecraft)
[01Oct2026 19:46:06.764] [main/DEBUG] [mixin/]: Instancing new MixinPlatformAgentMinecraftForge for SecureJarResource(minecraft)
[01Oct2026 19:46:06.764] [main/DEBUG] [mixin/]: MixinPlatformAgentMinecraftForge rejected container SecureJarResource(minecraft)
[01Oct2026 19:46:06.764] [main/DEBUG] [mixin/]: Instancing new MixinPlatformAgentDefault for SecureJarResource(minecraft)
[01Oct2026 19:46:06.764] [main/DEBUG] [mixin/]: MixinPlatformAgentDefault accepted container SecureJarResource(minecraft)
[01Oct2026 19:46:06.764] [main/DEBUG] [mixin/]: Instancing new FMLMixinPlatformAgent for SecureJarResource(minecraft)
[01Oct2026 19:46:06.764] [main/DEBUG] [mixin/]: FMLMixinPlatformAgent rejected container SecureJarResource(minecraft)
[01Oct2026 19:46:06.764] [main/DEBUG] [mixin/]: Processing prepare() for PlatformAgent[MixinPlatformAgentDefault:SecureJarResource(minecraft)]
[01Oct2026 19:46:06.764] [main/DEBUG] [mixin/]: Adding mixin platform agents for container SecureJarResource(wiki_exporter)
[01Oct2026 19:46:06.764] [main/DEBUG] [mixin/]: Instancing new MixinPlatformAgentMinecraftForge for SecureJarResource(wiki_exporter)
[01Oct2026 19:46:06.764] [main/DEBUG] [mixin/]: MixinPlatformAgentMinecraftForge rejected container SecureJarResource(wiki_exporter)
[01Oct2026 19:46:06.765] [main/DEBUG] [mixin/]: Instancing new MixinPlatformAgentDefault for SecureJarResource(wiki_exporter)
[01Oct2026 19:46:06.765] [main/DEBUG] [mixin/]: MixinPlatformAgentDefault accepted container SecureJarResource(wiki_exporter)
[01Oct2026 19:46:06.765] [main/DEBUG] [mixin/]: Instancing new FMLMixinPlatformAgent for SecureJarResource(wiki_exporter)
[01Oct2026 19:46:06.765] [main/DEBUG] [mixin/]: FMLMixinPlatformAgent rejected container SecureJarResource(wiki_exporter)
[01Oct2026 19:46:06.765] [main/DEBUG] [mixin/]: Processing prepare() for PlatformAgent[MixinPlatformAgentDefault:SecureJarResource(wiki_exporter)]
[01Oct2026 19:46:06.765] [main/DEBUG] [mixin/]: Adding mixin platform agents for container SecureJarResource(mixinextras.neoforge)
[01Oct2026 19:46:06.765] [main/DEBUG] [mixin/]: Instancing new MixinPlatformAgentMinecraftForge for SecureJarResource(mixinextras.neoforge)
[01Oct2026 19:46:06.765] [main/DEBUG] [mixin/]: MixinPlatformAgentMinecraftForge rejected container SecureJarResource(mixinextras.neoforge)
[01Oct2026 19:46:06.765] [main/DEBUG] [mixin/]: Instancing new MixinPlatformAgentDefault for SecureJarResource(mixinextras.neoforge)
[01Oct2026 19:46:06.765] [main/DEBUG] [mixin/]: MixinPlatformAgentDefault accepted container SecureJarResource(mixinextras.neoforge)
[01Oct2026 19:46:06.765] [main/DEBUG] [mixin/]: Instancing new FMLMixinPlatformAgent for SecureJarResource(mixinextras.neoforge)
[01Oct2026 19:46:06.765] [main/DEBUG] [mixin/]: FMLMixinPlatformAgent rejected container SecureJarResource(mixinextras.neoforge)
[01Oct2026 19:46:06.766] [main/DEBUG] [mixin/]: Processing prepare() for PlatformAgent[MixinPlatformAgentDefault:SecureJarResource(mixinextras.neoforge)]
[01Oct2026 19:46:06.766] [main/DEBUG] [mixin/]: Registering mixin config: mixinextras.init.mixins.json source=SecureJarResource(mixinextras.neoforge)
[01Oct2026 19:46:06.767] [main/DEBUG] [mixin/]: inject() running with 7 agents
[01Oct2026 19:46:06.767] [main/DEBUG] [mixin/]: Processing inject() for PlatformAgent[MixinPlatformAgentDefault:ModLauncher Root Container(ModLauncher:4f56a0a2)]
[01Oct2026 19:46:06.767] [main/DEBUG] [mixin/]: Processing inject() for PlatformAgent[MixinPlatformAgentDefault:net.neoforged.fml.loading.mixin.FMLMixinContainerHandle@dca2615]
[01Oct2026 19:46:06.767] [main/DEBUG] [mixin/]: Processing inject() for PlatformAgent[FMLMixinPlatformAgent:null]
[01Oct2026 19:46:06.767] [main/DEBUG] [mixin/]: Processing inject() for PlatformAgent[MixinPlatformAgentDefault:SecureJarResource(mixin_synthetic)]
[01Oct2026 19:46:06.767] [main/DEBUG] [mixin/]: Processing inject() for PlatformAgent[MixinPlatformAgentDefault:SecureJarResource(minefinity)]
[01Oct2026 19:46:06.767] [main/DEBUG] [mixin/]: Processing inject() for PlatformAgent[MixinPlatformAgentDefault:SecureJarResource(minecraft)]
[01Oct2026 19:46:06.767] [main/DEBUG] [mixin/]: Processing inject() for PlatformAgent[MixinPlatformAgentDefault:SecureJarResource(wiki_exporter)]
[01Oct2026 19:46:06.767] [main/DEBUG] [mixin/]: Processing inject() for PlatformAgent[MixinPlatformAgentDefault:SecureJarResource(mixinextras.neoforge)]
[01Oct2026 19:46:06.768] [main/INFO] [cpw.mods.modlauncher.LaunchServiceHandler/MODLAUNCHER]: Launching target 'forgeclientdev' with arguments [--version, 21.1.251, --gameDir, ., --assetsDir, C:\Users\Andrewthepika\.gradle\caches\neoformruntime\assets, --assetIndex, 17]
[01Oct2026 19:46:06.812] [main/DEBUG] [mixin/]: Preparing mixins for MixinEnvironment[DEFAULT]
[01Oct2026 19:46:06.812] [main/DEBUG] [mixin/]: Selecting config minefinity.mixins.json
[01Oct2026 19:46:06.815] [main/DEBUG] [mixin/]: Selecting config wiki_exporter.mixins.json
[01Oct2026 19:46:06.816] [main/WARN] [mixin/]: Reference map 'wiki_exporter.refmap.json' for wiki_exporter.mixins.json could not be read. If this is a development environment you can ignore this message
[01Oct2026 19:46:06.816] [main/DEBUG] [mixin/]: Selecting config wiki_exporter.render.mixins.json
[01Oct2026 19:46:06.816] [main/WARN] [mixin/]: Reference map 'wiki_exporter.refmap.json' for wiki_exporter.render.mixins.json could not be read. If this is a development environment you can ignore this message
[01Oct2026 19:46:06.816] [main/DEBUG] [mixin/]: Selecting config neoforge.mixins.json
[01Oct2026 19:46:06.816] [main/DEBUG] [mixin/]: Selecting config mixinextras.init.mixins.json
[01Oct2026 19:46:06.859] [main/DEBUG] [MixinExtras|Service/]: com.llamalad7.mixinextras.service.MixinExtrasServiceImpl(version=0.5.3) is taking over from null
[01Oct2026 19:46:06.889] [main/DEBUG] [mixin/]: Registering new injector for @Inject with org.spongepowered.asm.mixin.injection.struct.CallbackInjectionInfo
[01Oct2026 19:46:06.890] [main/DEBUG] [mixin/]: Registering new injector for @ModifyArg with org.spongepowered.asm.mixin.injection.struct.ModifyArgInjectionInfo
[01Oct2026 19:46:06.891] [main/DEBUG] [mixin/]: Registering new injector for @ModifyArgs with org.spongepowered.asm.mixin.injection.struct.ModifyArgsInjectionInfo
[01Oct2026 19:46:06.892] [main/DEBUG] [mixin/]: Registering new injector for @Redirect with org.spongepowered.asm.mixin.injection.struct.RedirectInjectionInfo
[01Oct2026 19:46:06.893] [main/DEBUG] [mixin/]: Registering new injector for @ModifyVariable with org.spongepowered.asm.mixin.injection.struct.ModifyVariableInjectionInfo
[01Oct2026 19:46:06.894] [main/DEBUG] [mixin/]: Registering new injector for @ModifyConstant with org.spongepowered.asm.mixin.injection.struct.ModifyConstantInjectionInfo
[01Oct2026 19:46:06.901] [main/DEBUG] [mixin/]: Preparing minefinity.mixins.json (0)
[01Oct2026 19:46:06.902] [main/DEBUG] [mixin/]: Preparing wiki_exporter.mixins.json (0)
[01Oct2026 19:46:06.902] [main/DEBUG] [mixin/]: Preparing wiki_exporter.render.mixins.json (1)
[01Oct2026 19:46:06.954] [main/DEBUG] [mixin/]: Preparing neoforge.mixins.json (2)
[01Oct2026 19:46:06.965] [main/DEBUG] [mixin/]: Preparing mixinextras.init.mixins.json (0)
[01Oct2026 19:46:06.991] [main/INFO] [MixinExtras|Service/]: Initializing MixinExtras via com.llamalad7.mixinextras.service.MixinExtrasServiceImpl(version=0.5.3).
[01Oct2026 19:46:06.992] [main/DEBUG] [mixin/]: Registering new injector for @SugarWrapper with com.llamalad7.mixinextras.sugar.impl.SugarWrapperInjectionInfo
[01Oct2026 19:46:06.993] [main/DEBUG] [mixin/]: Registering new injector for @FactoryRedirectWrapper with com.llamalad7.mixinextras.wrapper.factory.FactoryRedirectWrapperInjectionInfo
[01Oct2026 19:46:06.993] [main/DEBUG] [mixin/]: Registering new injector for @ExpressionInjectorWrapper with com.llamalad7.mixinextras.expression.impl.wrapper.ExpressionInjectorWrapperInjectionInfo
[01Oct2026 19:46:07.004] [main/DEBUG] [mixin/]: Mixing MinecraftMixin from wiki_exporter.render.mixins.json into net.minecraft.client.Minecraft
[01Oct2026 19:46:07.008] [main/DEBUG] [mixin/]: wiki_exporter.render.mixins.json:MinecraftMixin from mod wiki_exporter: Class version 65 required is higher than the class version supported by the current version of Mixin (JAVA_18 supports class version 62)
[01Oct2026 19:46:07.050] [main/DEBUG] [mixin/]: wiki_exporter.render.mixins.json:MinecraftMixin from mod wiki_exporter->@Inject::onResourceReloadComplete(Lorg/spongepowered/asm/mixin/injection/callback/CallbackInfo;)V doesn't use it's CallbackInfo
[01Oct2026 19:46:07.050] [main/DEBUG] [mixin/]: wiki_exporter.render.mixins.json:MinecraftMixin from mod wiki_exporter->@Inject::onResourceReloadComplete(Lorg/spongepowered/asm/mixin/injection/callback/CallbackInfo;)V has 0 override(s) in child classes
[01Oct2026 19:46:07.050] [main/DEBUG] [mixin/]: wiki_exporter.render.mixins.json:MinecraftMixin from mod wiki_exporter->@Inject::onResourceReloadComplete(Lorg/spongepowered/asm/mixin/injection/callback/CallbackInfo;)V won't be passed a CallbackInfo as a result
[01Oct2026 19:46:07.252] [main/DEBUG] [io.netty.util.internal.logging.InternalLoggerFactory/]: Using SLF4J as the default logging framework
[01Oct2026 19:46:07.255] [main/DEBUG] [io.netty.util.ResourceLeakDetector/]: -Dio.netty.leakDetection.level: simple
[01Oct2026 19:46:07.256] [main/DEBUG] [io.netty.util.ResourceLeakDetector/]: -Dio.netty.leakDetection.targetRecords: 4
[01Oct2026 19:46:08.068] [main/DEBUG] [oshi.util.FileUtil/]: No oshi.properties file found from ClassLoader cpw.mods.modlauncher.TransformingClassLoader@3fdecce
[01Oct2026 19:46:08.312] [Datafixer Bootstrap/INFO] [com.mojang.datafixers.DataFixerBuilder/]: 229 Datafixer optimizations took 275 milliseconds
[01Oct2026 19:46:08.384] [main/DEBUG] [oshi.util.FileUtil/]: No oshi.architecture.properties file found from ClassLoader cpw.mods.modlauncher.TransformingClassLoader@3fdecce
[01Oct2026 19:46:08.503] [pool-8-thread-1/DEBUG] [mixin/]: Mixing MappedRegistryAccessor from neoforge.mixins.json into net.minecraft.core.MappedRegistry
[01Oct2026 19:46:09.234] [pool-8-thread-1/DEBUG] [mixin/]: Mixing BlockEntityTypeAccessor from neoforge.mixins.json into net.minecraft.world.level.block.entity.BlockEntityType
[01Oct2026 19:46:10.439] [pool-8-thread-1/DEBUG] [io.netty.util.internal.PlatformDependent0/]: -Dio.netty.noUnsafe: false
[01Oct2026 19:46:10.439] [pool-8-thread-1/DEBUG] [io.netty.util.internal.PlatformDependent0/]: Java version: 21
[01Oct2026 19:46:10.440] [pool-8-thread-1/DEBUG] [io.netty.util.internal.PlatformDependent0/]: sun.misc.Unsafe.theUnsafe: available
[01Oct2026 19:46:10.440] [pool-8-thread-1/DEBUG] [io.netty.util.internal.PlatformDependent0/]: sun.misc.Unsafe.copyMemory: available
[01Oct2026 19:46:10.441] [pool-8-thread-1/DEBUG] [io.netty.util.internal.PlatformDependent0/]: sun.misc.Unsafe.storeFence: available
[01Oct2026 19:46:10.441] [pool-8-thread-1/DEBUG] [io.netty.util.internal.PlatformDependent0/]: java.nio.Buffer.address: available
[01Oct2026 19:46:10.441] [pool-8-thread-1/DEBUG] [io.netty.util.internal.PlatformDependent0/]: direct buffer constructor: unavailable: Reflective setAccessible(true) disabled
[01Oct2026 19:46:10.442] [pool-8-thread-1/DEBUG] [io.netty.util.internal.PlatformDependent0/]: java.nio.Bits.unaligned: available, true
[01Oct2026 19:46:10.443] [pool-8-thread-1/DEBUG] [io.netty.util.internal.PlatformDependent0/]: jdk.internal.misc.Unsafe.allocateUninitializedArray(int): unavailable: class io.netty.util.internal.PlatformDependent0$7 (in module io.netty.common) cannot access class jdk.internal.misc.Unsafe (in module java.base) because module java.base does not export jdk.internal.misc to module io.netty.common
[01Oct2026 19:46:10.443] [pool-8-thread-1/DEBUG] [io.netty.util.internal.PlatformDependent0/]: java.nio.DirectByteBuffer.<init>(long, {int,long}): unavailable
[01Oct2026 19:46:10.443] [pool-8-thread-1/DEBUG] [io.netty.util.internal.PlatformDependent/]: sun.misc.Unsafe: available
[01Oct2026 19:46:10.444] [pool-8-thread-1/DEBUG] [io.netty.util.internal.PlatformDependent/]: maxDirectMemory: 4278190080 bytes (maybe)
[01Oct2026 19:46:10.444] [pool-8-thread-1/DEBUG] [io.netty.util.internal.PlatformDependent/]: -Dio.netty.tmpdir: C:\Users\ANDREW~1\AppData\Local\Temp (java.io.tmpdir)
[01Oct2026 19:46:10.444] [pool-8-thread-1/DEBUG] [io.netty.util.internal.PlatformDependent/]: -Dio.netty.bitMode: 64 (sun.arch.data.model)
[01Oct2026 19:46:10.444] [pool-8-thread-1/DEBUG] [io.netty.util.internal.PlatformDependent/]: Platform: Windows
[01Oct2026 19:46:10.445] [pool-8-thread-1/DEBUG] [io.netty.util.internal.PlatformDependent/]: -Dio.netty.maxDirectMemory: -1 bytes
[01Oct2026 19:46:10.445] [pool-8-thread-1/DEBUG] [io.netty.util.internal.PlatformDependent/]: -Dio.netty.uninitializedArrayAllocationThreshold: -1
[01Oct2026 19:46:10.448] [pool-8-thread-1/DEBUG] [io.netty.util.internal.CleanerJava9/]: java.nio.ByteBuffer.cleaner(): available
[01Oct2026 19:46:10.449] [pool-8-thread-1/DEBUG] [io.netty.util.internal.PlatformDependent/]: -Dio.netty.noPreferDirect: false
[01Oct2026 19:46:12.737] [main/WARN] [net.minecraft.commands.Commands/]: Ambiguity between arguments [teleport, location] and [teleport, destination] with inputs: [0.1 -0.5 .9, 0 0 0]
[01Oct2026 19:46:12.738] [main/WARN] [net.minecraft.commands.Commands/]: Ambiguity between arguments [teleport, location] and [teleport, targets] with inputs: [0.1 -0.5 .9, 0 0 0]
[01Oct2026 19:46:12.740] [main/WARN] [net.minecraft.commands.Commands/]: Ambiguity between arguments [teleport, destination] and [teleport, targets] with inputs: [Player, 0123, @e, dd12be42-52a9-4a91-a8a1-11c01849e498]
[01Oct2026 19:46:12.741] [main/WARN] [net.minecraft.commands.Commands/]: Ambiguity between arguments [teleport, targets] and [teleport, destination] with inputs: [Player, 0123, dd12be42-52a9-4a91-a8a1-11c01849e498]
[01Oct2026 19:46:12.742] [main/WARN] [net.minecraft.commands.Commands/]: Ambiguity between arguments [teleport, targets, location] and [teleport, targets, destination] with inputs: [0.1 -0.5 .9, 0 0 0]
[01Oct2026 19:46:12.864] [Render thread/WARN] [net.minecraft.server.packs.VanillaPackResourcesBuilder/]: Assets URL 'union:/C:/Users/Andrewthepika/IdeaProjects/Minefinity/build/moddev/artifacts/neoforge-21.1.251.jar%23189!/assets/.mcassetsroot' uses unexpected schema
[01Oct2026 19:46:12.864] [Render thread/WARN] [net.minecraft.server.packs.VanillaPackResourcesBuilder/]: Assets URL 'union:/C:/Users/Andrewthepika/IdeaProjects/Minefinity/build/moddev/artifacts/neoforge-21.1.251.jar%23189!/data/.mcassetsroot' uses unexpected schema
[01Oct2026 19:46:12.889] [Render thread/INFO] [com.mojang.authlib.yggdrasil.YggdrasilAuthenticationService/]: Environment: Environment[sessionHost=https://sessionserver.mojang.com, servicesHost=https://api.minecraftservices.com, name=PROD]
[01Oct2026 19:46:12.898] [Render thread/INFO] [net.minecraft.client.Minecraft/]: Setting user: Dev
[01Oct2026 19:46:12.989] [Render thread/INFO] [net.minecraft.client.Minecraft/]: Backend library: LWJGL version 3.3.3+5
[01Oct2026 19:46:13.277] [Render thread/DEBUG] [net.neoforged.fml.ModWorkManager/LOADING]: Using 12 threads for parallel mod-loading
[01Oct2026 19:46:13.290] [Render thread/DEBUG] [net.neoforged.fml.javafmlmod.FMLModContainer/LOADING]: Creating FMLModContainer instance for [net.andrewthepika.minefinity.Minefinity]
[01Oct2026 19:46:13.294] [Render thread/DEBUG] [net.neoforged.fml.javafmlmod.FMLModContainer/LOADING]: Creating FMLModContainer instance for [org.sinytra.wiki.exporter.neoforge.WikiExporterMod]
[01Oct2026 19:46:13.295] [Render thread/DEBUG] [net.neoforged.fml.javafmlmod.FMLModContainer/LOADING]: Creating FMLModContainer instance for [net.neoforged.neoforge.common.NeoForgeMod, net.neoforged.neoforge.client.ClientNeoForgeMod]
[01Oct2026 19:46:13.305] [modloading-worker-0/INFO] [org.sinytra.wiki.exporter.WikiDataExporter/]: Initializing Wiki Exporter
[01Oct2026 19:46:13.307] [modloading-worker-0/DEBUG] [Wiki Data Exporter/]: Loaded org.sinytra.wiki.exporter.neoforge.NeoForgePlatformHelper@37e14d9f for service interface org.sinytra.wiki.exporter.platform.services.IPlatformHelper
[01Oct2026 19:46:13.309] [modloading-worker-0/DEBUG] [Wiki Data Exporter/]: Loaded 2 providers for service interface org.sinytra.wiki.exporter.platform.services.ExporterModuleFactory
[01Oct2026 19:46:13.319] [modloading-worker-0/INFO] [org.sinytra.wiki.exporter.WikiDataExporter/]: Candidate modules: [metadata, render]
[01Oct2026 19:46:13.324] [modloading-worker-0/DEBUG] [net.neoforged.neoforge.internal.versions.neoforge.NeoForgeVersion/CORE]: Found NeoForge version 21.1.251
[01Oct2026 19:46:13.324] [modloading-worker-0/DEBUG] [net.neoforged.neoforge.internal.versions.neoforge.NeoForgeVersion/CORE]: Found FML version 4.0.44
[01Oct2026 19:46:13.324] [modloading-worker-0/INFO] [net.neoforged.neoforge.common.NeoForgeMod/NEOFORGE-MOD]: NeoForge mod loading, version 21.1.251, for MC 1.21.1
[01Oct2026 19:46:13.326] [modloading-worker-0/INFO] [org.sinytra.wiki.exporter.WikiDataExporter/]: Found modules: [render]
[01Oct2026 19:46:13.327] [modloading-worker-0/DEBUG] [net.neoforged.fml.javafmlmod.AutomaticEventSubscriber/LOADING]: Attempting to inject @EventBusSubscriber classes into the eventbus for wiki_exporter
[01Oct2026 19:46:13.340] [modloading-worker-0/DEBUG] [net.neoforged.fml.config.ConfigTracker/CONFIG]: Config file minefinity-common.toml for minefinity tracking
[01Oct2026 19:46:13.340] [modloading-worker-0/DEBUG] [net.neoforged.fml.javafmlmod.AutomaticEventSubscriber/LOADING]: Attempting to inject @EventBusSubscriber classes into the eventbus for minefinity
[01Oct2026 19:46:13.341] [modloading-worker-0/DEBUG] [net.neoforged.fml.javafmlmod.AutomaticEventSubscriber/LOADING]: Scanning class net.andrewthepika.minefinity.Config for @SubscribeEvent-annotated methods
[01Oct2026 19:46:13.341] [modloading-worker-0/DEBUG] [net.neoforged.fml.config.ConfigTracker/CONFIG]: Config file neoforge-client.toml for neoforge tracking
[01Oct2026 19:46:13.341] [modloading-worker-0/DEBUG] [net.neoforged.fml.config.ConfigTracker/CONFIG]: Config file neoforge-server.toml for neoforge tracking
[01Oct2026 19:46:13.341] [modloading-worker-0/DEBUG] [net.neoforged.fml.config.ConfigTracker/CONFIG]: Config file neoforge-common.toml for neoforge tracking
[01Oct2026 19:46:13.341] [modloading-worker-0/DEBUG] [net.neoforged.fml.javafmlmod.AutomaticEventSubscriber/]: Subscribing @EventBusSubscriber class Lnet/andrewthepika/minefinity/Config; to the mod event bus of mod minefinity
[01Oct2026 19:46:13.342] [modloading-worker-0/DEBUG] [net.neoforged.fml.javafmlmod.AutomaticEventSubscriber/LOADING]: Scanning class net.andrewthepika.minefinity.Minefinity$ClientModEvents for @SubscribeEvent-annotated methods
[01Oct2026 19:46:13.343] [modloading-worker-0/DEBUG] [net.neoforged.fml.javafmlmod.AutomaticEventSubscriber/]: Subscribing @EventBusSubscriber class Lnet/andrewthepika/minefinity/Minefinity$ClientModEvents; to the mod event bus of mod minefinity
[01Oct2026 19:46:13.398] [modloading-worker-0/DEBUG] [net.neoforged.fml.javafmlmod.AutomaticEventSubscriber/LOADING]: Attempting to inject @EventBusSubscriber classes into the eventbus for neoforge
[01Oct2026 19:46:13.398] [modloading-worker-0/DEBUG] [net.neoforged.fml.javafmlmod.AutomaticEventSubscriber/LOADING]: Scanning class net.neoforged.neoforge.server.command.ConfigCommand for @SubscribeEvent-annotated methods
[01Oct2026 19:46:13.399] [modloading-worker-0/DEBUG] [net.neoforged.fml.javafmlmod.AutomaticEventSubscriber/]: Subscribing @EventBusSubscriber class Lnet/neoforged/neoforge/server/command/ConfigCommand; to the game event bus
[01Oct2026 19:46:13.400] [modloading-worker-0/DEBUG] [net.neoforged.fml.javafmlmod.AutomaticEventSubscriber/LOADING]: Scanning class net.neoforged.neoforge.network.filters.GenericPacketSplitter for @SubscribeEvent-annotated methods
[01Oct2026 19:46:13.432] [modloading-worker-0/DEBUG] [io.netty.buffer.AbstractByteBuf/]: -Dio.netty.buffer.checkAccessible: true
[01Oct2026 19:46:13.432] [modloading-worker-0/DEBUG] [io.netty.buffer.AbstractByteBuf/]: -Dio.netty.buffer.checkBounds: true
[01Oct2026 19:46:13.433] [modloading-worker-0/DEBUG] [io.netty.util.ResourceLeakDetectorFactory/]: Loaded default ResourceLeakDetector: io.netty.util.ResourceLeakDetector@386a58f9
[01Oct2026 19:46:13.443] [modloading-worker-0/DEBUG] [io.netty.util.internal.InternalThreadLocalMap/]: -Dio.netty.threadLocalMap.stringBuilder.initialSize: 1024
[01Oct2026 19:46:13.443] [modloading-worker-0/DEBUG] [io.netty.util.internal.InternalThreadLocalMap/]: -Dio.netty.threadLocalMap.stringBuilder.maxSize: 4096
[01Oct2026 19:46:13.447] [modloading-worker-0/DEBUG] [io.netty.buffer.PooledByteBufAllocator/]: -Dio.netty.allocator.numHeapArenas: 24
[01Oct2026 19:46:13.447] [modloading-worker-0/DEBUG] [io.netty.buffer.PooledByteBufAllocator/]: -Dio.netty.allocator.numDirectArenas: 24
[01Oct2026 19:46:13.447] [modloading-worker-0/DEBUG] [io.netty.buffer.PooledByteBufAllocator/]: -Dio.netty.allocator.pageSize: 8192
[01Oct2026 19:46:13.447] [modloading-worker-0/DEBUG] [io.netty.buffer.PooledByteBufAllocator/]: -Dio.netty.allocator.maxOrder: 9
[01Oct2026 19:46:13.447] [modloading-worker-0/DEBUG] [io.netty.buffer.PooledByteBufAllocator/]: -Dio.netty.allocator.chunkSize: 4194304
[01Oct2026 19:46:13.447] [modloading-worker-0/DEBUG] [io.netty.buffer.PooledByteBufAllocator/]: -Dio.netty.allocator.smallCacheSize: 256
[01Oct2026 19:46:13.447] [modloading-worker-0/DEBUG] [io.netty.buffer.PooledByteBufAllocator/]: -Dio.netty.allocator.normalCacheSize: 64
[01Oct2026 19:46:13.447] [modloading-worker-0/DEBUG] [io.netty.buffer.PooledByteBufAllocator/]: -Dio.netty.allocator.maxCachedBufferCapacity: 32768
[01Oct2026 19:46:13.447] [modloading-worker-0/DEBUG] [io.netty.buffer.PooledByteBufAllocator/]: -Dio.netty.allocator.cacheTrimInterval: 8192
[01Oct2026 19:46:13.447] [modloading-worker-0/DEBUG] [io.netty.buffer.PooledByteBufAllocator/]: -Dio.netty.allocator.cacheTrimIntervalMillis: 0
[01Oct2026 19:46:13.447] [modloading-worker-0/DEBUG] [io.netty.buffer.PooledByteBufAllocator/]: -Dio.netty.allocator.useCacheForAllThreads: false
[01Oct2026 19:46:13.447] [modloading-worker-0/DEBUG] [io.netty.buffer.PooledByteBufAllocator/]: -Dio.netty.allocator.maxCachedByteBuffersPerChunk: 1023
[01Oct2026 19:46:13.456] [modloading-worker-0/DEBUG] [io.netty.buffer.ByteBufUtil/]: -Dio.netty.allocator.type: pooled
[01Oct2026 19:46:13.456] [modloading-worker-0/DEBUG] [io.netty.buffer.ByteBufUtil/]: -Dio.netty.threadLocalDirectBufferSize: 0
[01Oct2026 19:46:13.457] [modloading-worker-0/DEBUG] [io.netty.buffer.ByteBufUtil/]: -Dio.netty.maxThreadLocalCharBufferSize: 16384
[01Oct2026 19:46:13.464] [modloading-worker-0/DEBUG] [net.neoforged.fml.javafmlmod.AutomaticEventSubscriber/]: Subscribing @EventBusSubscriber class Lnet/neoforged/neoforge/network/filters/GenericPacketSplitter; to the mod event bus of mod neoforge
[01Oct2026 19:46:13.467] [modloading-worker-0/DEBUG] [net.neoforged.fml.javafmlmod.AutomaticEventSubscriber/LOADING]: Scanning class net.neoforged.neoforge.network.NetworkInitialization for @SubscribeEvent-annotated methods
[01Oct2026 19:46:13.468] [modloading-worker-0/DEBUG] [net.neoforged.fml.javafmlmod.AutomaticEventSubscriber/]: Subscribing @EventBusSubscriber class Lnet/neoforged/neoforge/network/NetworkInitialization; to the mod event bus of mod neoforge
[01Oct2026 19:46:13.468] [modloading-worker-0/DEBUG] [net.neoforged.fml.javafmlmod.AutomaticEventSubscriber/LOADING]: Scanning class net.neoforged.neoforge.network.ConfigurationInitialization for @SubscribeEvent-annotated methods
[01Oct2026 19:46:13.470] [modloading-worker-0/DEBUG] [net.neoforged.fml.javafmlmod.AutomaticEventSubscriber/]: Subscribing @EventBusSubscriber class Lnet/neoforged/neoforge/network/ConfigurationInitialization; to the mod event bus of mod neoforge
[01Oct2026 19:46:13.470] [modloading-worker-0/DEBUG] [net.neoforged.fml.javafmlmod.AutomaticEventSubscriber/LOADING]: Scanning class net.neoforged.neoforge.common.MonsterRoomHooks for @SubscribeEvent-annotated methods
[01Oct2026 19:46:13.471] [modloading-worker-0/DEBUG] [net.neoforged.fml.javafmlmod.AutomaticEventSubscriber/]: Subscribing @EventBusSubscriber class Lnet/neoforged/neoforge/common/MonsterRoomHooks; to the game event bus
[01Oct2026 19:46:13.471] [modloading-worker-0/DEBUG] [net.neoforged.fml.javafmlmod.AutomaticEventSubscriber/LOADING]: Scanning class net.neoforged.neoforge.common.DeferredSpawnEggItem$CommonHandler for @SubscribeEvent-annotated methods
[01Oct2026 19:46:13.472] [modloading-worker-0/DEBUG] [net.neoforged.fml.javafmlmod.AutomaticEventSubscriber/]: Subscribing @EventBusSubscriber class Lnet/neoforged/neoforge/common/DeferredSpawnEggItem$CommonHandler; to the mod event bus of mod neoforge
[01Oct2026 19:46:13.472] [modloading-worker-0/DEBUG] [net.neoforged.fml.javafmlmod.AutomaticEventSubscriber/LOADING]: Scanning class net.neoforged.neoforge.common.DeferredSpawnEggItem$ColorRegisterHandler for @SubscribeEvent-annotated methods
[01Oct2026 19:46:13.472] [modloading-worker-0/DEBUG] [net.neoforged.fml.javafmlmod.AutomaticEventSubscriber/]: Subscribing @EventBusSubscriber class Lnet/neoforged/neoforge/common/DeferredSpawnEggItem$ColorRegisterHandler; to the mod event bus of mod neoforge
[01Oct2026 19:46:13.473] [modloading-worker-0/DEBUG] [net.neoforged.fml.javafmlmod.AutomaticEventSubscriber/LOADING]: Scanning class net.neoforged.neoforge.client.model.data.ModelDataManager for @SubscribeEvent-annotated methods
[01Oct2026 19:46:13.474] [modloading-worker-0/DEBUG] [net.neoforged.fml.javafmlmod.AutomaticEventSubscriber/]: Subscribing @EventBusSubscriber class Lnet/neoforged/neoforge/client/model/data/ModelDataManager; to the game event bus
[01Oct2026 19:46:13.474] [modloading-worker-0/DEBUG] [net.neoforged.fml.javafmlmod.AutomaticEventSubscriber/LOADING]: Scanning class net.neoforged.neoforge.client.ParticleBoundsDebugRenderer for @SubscribeEvent-annotated methods
[01Oct2026 19:46:13.476] [modloading-worker-0/DEBUG] [net.neoforged.fml.javafmlmod.AutomaticEventSubscriber/]: Subscribing @EventBusSubscriber class Lnet/neoforged/neoforge/client/ParticleBoundsDebugRenderer; to the game event bus
[01Oct2026 19:46:13.477] [modloading-worker-0/DEBUG] [net.neoforged.fml.javafmlmod.AutomaticEventSubscriber/LOADING]: Scanning class net.neoforged.neoforge.client.ClientHooks$ClientEvents for @SubscribeEvent-annotated methods
[01Oct2026 19:46:13.480] [modloading-worker-0/DEBUG] [net.neoforged.fml.javafmlmod.AutomaticEventSubscriber/]: Subscribing @EventBusSubscriber class Lnet/neoforged/neoforge/client/ClientHooks$ClientEvents; to the mod event bus of mod neoforge
[01Oct2026 19:46:13.481] [modloading-worker-0/DEBUG] [net.neoforged.fml.javafmlmod.AutomaticEventSubscriber/LOADING]: Scanning class net.neoforged.neoforge.client.BlockEntityRenderBoundsDebugRenderer for @SubscribeEvent-annotated methods
[01Oct2026 19:46:13.481] [modloading-worker-0/DEBUG] [net.neoforged.fml.javafmlmod.AutomaticEventSubscriber/]: Subscribing @EventBusSubscriber class Lnet/neoforged/neoforge/client/BlockEntityRenderBoundsDebugRenderer; to the game event bus
[01Oct2026 19:46:13.481] [modloading-worker-0/DEBUG] [net.neoforged.fml.javafmlmod.AutomaticEventSubscriber/LOADING]: Scanning class net.neoforged.neoforge.attachment.AttachmentSync for @SubscribeEvent-annotated methods
[01Oct2026 19:46:13.485] [modloading-worker-0/DEBUG] [net.neoforged.fml.javafmlmod.AutomaticEventSubscriber/]: Subscribing @EventBusSubscriber class Lnet/neoforged/neoforge/attachment/AttachmentSync; to the game event bus
[01Oct2026 19:46:13.485] [modloading-worker-0/DEBUG] [net.neoforged.fml.javafmlmod.AutomaticEventSubscriber/LOADING]: Scanning class net.neoforged.neoforge.attachment.AttachmentInternals for @SubscribeEvent-annotated methods
[01Oct2026 19:46:13.486] [modloading-worker-0/DEBUG] [net.neoforged.fml.javafmlmod.AutomaticEventSubscriber/]: Subscribing @EventBusSubscriber class Lnet/neoforged/neoforge/attachment/AttachmentInternals; to the game event bus
[01Oct2026 19:46:13.610] [modloading-sync-worker/DEBUG] [net.neoforged.fml.config.ConfigTracker/CONFIG]: Loading configs type CLIENT
[01Oct2026 19:46:13.619] [modloading-sync-worker/DEBUG] [net.neoforged.neoforge.common.NeoForgeConfig/FORGEMOD]: Loaded NeoForge config file neoforge-client.toml
[01Oct2026 19:46:13.620] [modloading-sync-worker/DEBUG] [net.neoforged.fml.config.ConfigTracker/CONFIG]: Loaded TOML config file C:\Users\Andrewthepika\IdeaProjects\Minefinity\run\config\neoforge-client.toml
[01Oct2026 19:46:13.628] [modloading-sync-worker/DEBUG] [net.neoforged.fml.config.ConfigTracker/CONFIG]: Watching TOML config file C:\Users\Andrewthepika\IdeaProjects\Minefinity\run\config\neoforge-client.toml for changes
[01Oct2026 19:46:13.628] [modloading-sync-worker/DEBUG] [net.neoforged.fml.config.ConfigTracker/CONFIG]: Loading configs type COMMON
[01Oct2026 19:46:13.629] [modloading-sync-worker/DEBUG] [net.neoforged.fml.config.ConfigTracker/CONFIG]: Loaded TOML config file C:\Users\Andrewthepika\IdeaProjects\Minefinity\run\config\minefinity-common.toml
[01Oct2026 19:46:13.630] [modloading-sync-worker/DEBUG] [net.neoforged.fml.config.ConfigTracker/CONFIG]: Watching TOML config file C:\Users\Andrewthepika\IdeaProjects\Minefinity\run\config\minefinity-common.toml for changes
[01Oct2026 19:46:13.631] [modloading-sync-worker/DEBUG] [net.neoforged.neoforge.common.NeoForgeConfig/FORGEMOD]: Loaded NeoForge config file neoforge-common.toml
[01Oct2026 19:46:13.631] [modloading-sync-worker/DEBUG] [net.neoforged.fml.config.ConfigTracker/CONFIG]: Loaded TOML config file C:\Users\Andrewthepika\IdeaProjects\Minefinity\run\config\neoforge-common.toml
[01Oct2026 19:46:13.632] [modloading-sync-worker/DEBUG] [net.neoforged.fml.config.ConfigTracker/CONFIG]: Watching TOML config file C:\Users\Andrewthepika\IdeaProjects\Minefinity\run\config\neoforge-common.toml for changes
[01Oct2026 19:46:14.180] [Render thread/INFO] [net.neoforged.neoforge.gametest.GameTestHooks/]: Enabled Gametest Namespaces: []
[01Oct2026 19:46:14.314] [Render thread/INFO] [net.minecraft.server.packs.resources.ReloadableResourceManager/]: Reloading ResourceManager: vanilla, mod_resources, mod/minefinity, mod/wiki_exporter, mod/neoforge
[01Oct2026 19:46:14.325] [Worker-Main-1/INFO] [net.andrewthepika.minefinity.Minefinity/]: HELLO FROM COMMON SETUP
[01Oct2026 19:46:14.325] [Worker-Main-1/INFO] [net.andrewthepika.minefinity.Minefinity/]: ITEM >> minecraft:iron_ingot
[01Oct2026 19:46:14.390] [Render thread/DEBUG] [net.neoforged.fml.DeferredWorkQueue/LOADING]: Dispatching synchronous work for work queue Common setup: 1 jobs
[01Oct2026 19:46:14.394] [Render thread/DEBUG] [net.neoforged.fml.DeferredWorkQueue/LOADING]: Synchronous work queue completed in 3.233 ms
[01Oct2026 19:46:14.401] [Worker-Main-5/INFO] [net.minecraft.client.gui.font.providers.UnihexProvider/]: Found unifont_all_no_pua-15.1.05.hex, loading
[01Oct2026 19:46:14.498] [Worker-Main-3/INFO] [net.andrewthepika.minefinity.Minefinity/]: HELLO FROM CLIENT SETUP
[01Oct2026 19:46:14.498] [Worker-Main-3/INFO] [net.andrewthepika.minefinity.Minefinity/]: MINECRAFT NAME >> Dev
[01Oct2026 19:46:14.526] [Worker-Main-3/INFO] [net.minecraft.client.gui.font.providers.UnihexProvider/]: Found unifont_jp_patch-15.1.05.hex, loading
[01Oct2026 19:46:15.972] [Render thread/WARN] [net.minecraft.client.sounds.SoundEngine/]: Missing sound for event: minecraft:item.goat_horn.play
[01Oct2026 19:46:15.973] [Render thread/WARN] [net.minecraft.client.sounds.SoundEngine/]: Missing sound for event: minecraft:entity.goat.screaming.horn_break
[01Oct2026 19:46:16.010] [Render thread/INFO] [com.mojang.blaze3d.audio.Library/]: OpenAL initialized on device OpenAL Soft on HP M27ha (NVIDIA High Definition Audio)
[01Oct2026 19:46:16.011] [Render thread/INFO] [net.minecraft.client.sounds.SoundEngine/SOUNDS]: Sound engine started
[01Oct2026 19:46:16.129] [Render thread/INFO] [net.minecraft.client.renderer.texture.TextureAtlas/]: Created: 1024x512x4 minecraft:textures/atlas/blocks.png-atlas
[01Oct2026 19:46:16.138] [Render thread/INFO] [net.minecraft.client.renderer.texture.TextureAtlas/]: Created: 256x256x4 minecraft:textures/atlas/signs.png-atlas
[01Oct2026 19:46:16.139] [Render thread/INFO] [net.minecraft.client.renderer.texture.TextureAtlas/]: Created: 512x512x4 minecraft:textures/atlas/shield_patterns.png-atlas
[01Oct2026 19:46:16.139] [Render thread/INFO] [net.minecraft.client.renderer.texture.TextureAtlas/]: Created: 512x512x4 minecraft:textures/atlas/banner_patterns.png-atlas
[01Oct2026 19:46:16.140] [Render thread/INFO] [net.minecraft.client.renderer.texture.TextureAtlas/]: Created: 1024x1024x4 minecraft:textures/atlas/armor_trims.png-atlas
[01Oct2026 19:46:16.144] [Render thread/INFO] [net.minecraft.client.renderer.texture.TextureAtlas/]: Created: 128x64x4 minecraft:textures/atlas/decorated_pot.png-atlas
[01Oct2026 19:46:16.144] [Render thread/INFO] [net.minecraft.client.renderer.texture.TextureAtlas/]: Created: 256x256x4 minecraft:textures/atlas/chest.png-atlas
[01Oct2026 19:46:16.145] [Render thread/INFO] [net.minecraft.client.renderer.texture.TextureAtlas/]: Created: 512x256x4 minecraft:textures/atlas/beds.png-atlas
[01Oct2026 19:46:16.145] [Render thread/INFO] [net.minecraft.client.renderer.texture.TextureAtlas/]: Created: 512x256x4 minecraft:textures/atlas/shulker_boxes.png-atlas
[01Oct2026 19:46:16.333] [Render thread/INFO] [net.minecraft.client.renderer.texture.TextureAtlas/]: Created: 512x256x0 minecraft:textures/atlas/particles.png-atlas
[01Oct2026 19:46:16.334] [Render thread/INFO] [net.minecraft.client.renderer.texture.TextureAtlas/]: Created: 512x256x0 minecraft:textures/atlas/paintings.png-atlas
[01Oct2026 19:46:16.335] [Render thread/INFO] [net.minecraft.client.renderer.texture.TextureAtlas/]: Created: 256x128x0 minecraft:textures/atlas/mob_effects.png-atlas
[01Oct2026 19:46:16.335] [Render thread/INFO] [net.minecraft.client.renderer.texture.TextureAtlas/]: Created: 64x64x0 minecraft:textures/atlas/map_decorations.png-atlas
[01Oct2026 19:46:16.335] [Render thread/INFO] [net.minecraft.client.renderer.texture.TextureAtlas/]: Created: 1024x512x0 minecraft:textures/atlas/gui.png-atlas
[01Oct2026 19:46:16.360] [Render thread/WARN] [net.minecraft.client.renderer.ShaderInstance/]: Shader rendertype_entity_translucent_emissive could not find sampler named Sampler2 in the specified shader program.
[01Oct2026 19:46:16.416] [Render thread/INFO] [net.neoforged.neoforge.client.entity.animation.json.AnimationLoader/]: Loaded 0 entity animations
[01Oct2026 19:46:16.418] [Render thread/INFO] [Wiki Data Exporter/]: Rendering items for namespaces [minecraft, minefinity]
[01Oct2026 19:46:16.610] [Render thread/INFO] [Wiki Data Exporter/]: Rendering 1335 items
[01Oct2026 19:46:16.657] [IO-Worker-1/DEBUG] [org.sinytra.wiki.exporter.render.ImageWriter/]: Exported png to: C:\Users\Andrewthepika\IdeaProjects\Minefinity\run\wiki_exporter\render\minecraft\drowned_spawn_egg.png
[01Oct2026 19:46:16.664] [IO-Worker-4/DEBUG] [org.sinytra.wiki.exporter.render.ImageWriter/]: Exported png to: C:\Users\Andrewthepika\IdeaProjects\Minefinity\run\wiki_exporter\render\minecraft\disc_fragment_5.png
[01Oct2026 19:46:16.664] [IO-Worker-2/DEBUG] [org.sinytra.wiki.exporter.render.ImageWriter/]: Exported png to: C:\Users\Andrewthepika\IdeaProjects\Minefinity\run\wiki_exporter\render\minecraft\raw_gold.png
[01Oct2026 19:46:16.670] [IO-Worker-3/DEBUG] [org.sinytra.wiki.exporter.render.ImageWriter/]: Exported png to: C:\Users\Andrewthepika\IdeaProjects\Minefinity\run\wiki_exporter\render\minecraft\slime_spawn_egg.png
[01Oct2026 19:46:16.671] [IO-Worker-5/DEBUG] [org.sinytra.wiki.exporter.render.ImageWriter/]: Exported png to: C:\Users\Andrewthepika\IdeaProjects\Minefinity\run\wiki_exporter\render\minecraft\stripped_mangrove_log.png
[01Oct2026 19:46:16.674] [IO-Worker-7/DEBUG] [org.sinytra.wiki.exporter.render.ImageWriter/]: Exported png to: C:\Users\Andrewthepika\IdeaProjects\Minefinity\run\wiki_exporter\render\minecraft\dried_kelp_block.png
[01Oct2026 19:46:16.679] [IO-Worker-1/DEBUG] [org.sinytra.wiki.exporter.render.ImageWriter/]: Exported png to: C:\Users\Andrewthepika\IdeaProjects\Minefinity\run\wiki_exporter\render\minecraft\cherry_wood.png
[01Oct2026 19:46:16.679] [IO-Worker-8/DEBUG] [org.sinytra.wiki.exporter.render.ImageWriter/]: Exported png to: C:\Users\Andrewthepika\IdeaProjects\Minefinity\run\wiki_exporter\render\minecraft\oxidized_cut_copper.png
[01Oct2026 19:46:16.686] [IO-Worker-6/DEBUG] [org.sinytra.wiki.exporter.render.ImageWriter/]: Exported png to: C:\Users\Andrewthepika\IdeaProjects\Minefinity\run\wiki_exporter\render\minecraft\medium_amethyst_bud.png
[01Oct2026 19:46:16.694] [IO-Worker-9/DEBUG] [org.sinytra.wiki.exporter.render.ImageWriter/]: Exported png to: C:\Users\Andrewthepika\IdeaProjects\Minefinity\run\wiki_exporter\render\minecraft\bamboo_chest_raft.png
[01Oct2026 19:46:16.698] [IO-Worker-3/DEBUG] [org.sinytra.wiki.exporter.render.ImageWriter/]: Exported png to: C:\Users\Andrewthepika\IdeaProjects\Minefinity\run\wiki_exporter\render\minecraft\stripped_cherry_wood.png
[01Oct2026 19:46:16.703] [IO-Worker-8/DEBUG] [org.sinytra.wiki.exporter.render.ImageWriter/]: Exported png to: C:\Users\Andrewthepika\IdeaProjects\Minefinity\run\wiki_exporter\render\minecraft\gold_ore.png
[01Oct2026 19:46:16.705] [IO-Worker-5/DEBUG] [org.sinytra.wiki.exporter.render.ImageWriter/]: Exported png to: C:\Users\Andrewthepika\IdeaProjects\Minefinity\run\wiki_exporter\render\minecraft\iron_boots.png
[01Oct2026 19:46:16.707] [IO-Worker-7/DEBUG] [org.sinytra.wiki.exporter.render.ImageWriter/]: Exported png to: C:\Users\Andrewthepika\IdeaProjects\Minefinity\run\wiki_exporter\render\minecraft\warped_hanging_sign.png
[01Oct2026 19:46:16.708] [IO-Worker-1/DEBUG] [org.sinytra.wiki.exporter.render.ImageWriter/]: Exported png to: C:\Users\Andrewthepika\IdeaProjects\Minefinity\run\wiki_exporter\render\minecraft\cyan_concrete.png
[01Oct2026 19:46:16.710] [IO-Worker-2/DEBUG] [org.sinytra.wiki.exporter.render.ImageWriter/]: Exported png to: C:\Users\Andrewthepika\IdeaProjects\Minefinity\run\wiki_exporter\render\minecraft\smooth_red_sandstone_slab.png
[01Oct2026 19:46:16.714] [IO-Worker-4/DEBUG] [org.sinytra.wiki.exporter.render.ImageWriter/]: Exported png to: C:\Users\Andrewthepika\IdeaProjects\Minefinity\run\wiki_exporter\render\minecraft\archer_pottery_sherd.png
[01Oct2026 19:46:16.721] [IO-Worker-11/DEBUG] [org.sinytra.wiki.exporter.render.ImageWriter/]: Exported png to: C:\Users\Andrewthepika\IdeaProjects\Minefinity\run\wiki_exporter\render\minecraft\mossy_stone_brick_slab.png
[01Oct2026 19:46:16.721] [IO-Worker-9/DEBUG] [org.sinytra.wiki.exporter.render.ImageWriter/]: Exported png to: C:\Users\Andrewthepika\IdeaProjects\Minefinity\run\wiki_exporter\render\minecraft\oak_pressure_plate.png
[01Oct2026 19:46:16.723] [IO-Worker-6/DEBUG] [org.sinytra.wiki.exporter.render.ImageWriter/]: Exported png to: C:\Users\Andrewthepika\IdeaProjects\Minefinity\run\wiki_exporter\render\minecraft\mangrove_hanging_sign.png
[01Oct2026 19:46:16.729] [IO-Worker-10/DEBUG] [org.sinytra.wiki.exporter.render.ImageWriter/]: Exported png to: C:\Users\Andrewthepika\IdeaProjects\Minefinity\run\wiki_exporter\render\minecraft\acacia_hanging_sign.png
[01Oct2026 19:46:16.729] [IO-Worker-12/DEBUG] [org.sinytra.wiki.exporter.render.ImageWriter/]: Exported png to: C:\Users\Andrewthepika\IdeaProjects\Minefinity\run\wiki_exporter\render\minecraft\smooth_stone_slab.png
[01Oct2026 19:46:16.736] [IO-Worker-3/DEBUG] [org.sinytra.wiki.exporter.render.ImageWriter/]: Exported png to: C:\Users\Andrewthepika\IdeaProjects\Minefinity\run\wiki_exporter\render\minecraft\compass.png
[01Oct2026 19:46:16.739] [IO-Worker-1/DEBUG] [org.sinytra.wiki.exporter.render.ImageWriter/]: Exported png to: C:\Users\Andrewthepika\IdeaProjects\Minefinity\run\wiki_exporter\render\minecraft\oak_fence_gate.png
[01Oct2026 19:46:16.739] [IO-Worker-4/DEBUG] [org.sinytra.wiki.exporter.render.ImageWriter/]: Exported png to: C:\Users\Andrewthepika\IdeaProjects\Minefinity\run\wiki_exporter\render\minecraft\stripped_crimson_hyphae.png
[01Oct2026 19:46:16.748] [IO-Worker-2/DEBUG] [org.sinytra.wiki.exporter.render.ImageWriter/]: Exported png to: C:\Users\Andrewthepika\IdeaProjects\Minefinity\run\wiki_exporter\render\minecraft\cake.png
[01Oct2026 19:46:16.748] [IO-Worker-9/DEBUG] [org.sinytra.wiki.exporter.render.ImageWriter/]: Exported png to: C:\Users\Andrewthepika\IdeaProjects\Minefinity\run\wiki_exporter\render\minecraft\cobblestone_stairs.png
[01Oct2026 19:46:16.749] [IO-Worker-6/DEBUG] [org.sinytra.wiki.exporter.render.ImageWriter/]: Exported png to: C:\Users\Andrewthepika\IdeaProjects\Minefinity\run\wiki_exporter\render\minecraft\stripped_dark_oak_log.png
[01Oct2026 19:46:16.750] [IO-Worker-7/DEBUG] [org.sinytra.wiki.exporter.render.ImageWriter/]: Exported png to: C:\Users\Andrewthepika\IdeaProjects\Minefinity\run\wiki_exporter\render\minecraft\cherry_chest_boat.png
[01Oct2026 19:46:16.753] [IO-Worker-5/DEBUG] [org.sinytra.wiki.exporter.render.ImageWriter/]: Exported png to: C:\Users\Andrewthepika\IdeaProjects\Minefinity\run\wiki_exporter\render\minecraft\waxed_copper_door.png
[01Oct2026 19:46:16.756] [IO-Worker-11/DEBUG] [org.sinytra.wiki.exporter.render.ImageWriter/]: Exported png to: C:\Users\Andrewthepika\IdeaProjects\Minefinity\run\wiki_exporter\render\minecraft\brown_stained_glass.png
[01Oct2026 19:46:16.759] [IO-Worker-10/DEBUG] [org.sinytra.wiki.exporter.render.ImageWriter/]: Exported png to: C:\Users\Andrewthepika\IdeaProjects\Minefinity\run\wiki_exporter\render\minecraft\iron_trapdoor.png
[01Oct2026 19:46:16.759] [IO-Worker-12/DEBUG] [org.sinytra.wiki.exporter.render.ImageWriter/]: Exported png to: C:\Users\Andrewthepika\IdeaProjects\Minefinity\run\wiki_exporter\render\minecraft\light_weighted_pressure_plate.png
[01Oct2026 19:46:16.766] [IO-Worker-1/DEBUG] [org.sinytra.wiki.exporter.render.ImageWriter/]: Exported png to: C:\Users\Andrewthepika\IdeaProjects\Minefinity\run\wiki_exporter\render\minecraft\gilded_blackstone.png
[01Oct2026 19:46:16.768] [IO-Worker-4/DEBUG] [org.sinytra.wiki.exporter.render.ImageWriter/]: Exported png to: C:\Users\Andrewthepika\IdeaProjects\Minefinity\run\wiki_exporter\render\minecraft\black_carpet.png
[01Oct2026 19:46:16.778] [IO-Worker-5/DEBUG] [org.sinytra.wiki.exporter.render.ImageWriter/]: Exported png to: C:\Users\Andrewthepika\IdeaProjects\Minefinity\run\wiki_exporter\render\minecraft\mossy_stone_brick_stairs.png
[01Oct2026 19:46:16.778] [IO-Worker-11/DEBUG] [org.sinytra.wiki.exporter.render.ImageWriter/]: Exported png to: C:\Users\Andrewthepika\IdeaProjects\Minefinity\run\wiki_exporter\render\minecraft\stone_bricks.png
[01Oct2026 19:46:16.785] [IO-Worker-12/DEBUG] [org.sinytra.wiki.exporter.render.ImageWriter/]: Exported png to: C:\Users\Andrewthepika\IdeaProjects\Minefinity\run\wiki_exporter\render\minecraft\brown_wool.png
[01Oct2026 19:46:16.786] [IO-Worker-7/DEBUG] [org.sinytra.wiki.exporter.render.ImageWriter/]: Exported png to: C:\Users\Andrewthepika\IdeaProjects\Minefinity\run\wiki_exporter\render\minecraft\blaze_powder.png
[01Oct2026 19:46:16.788] [IO-Worker-6/DEBUG] [org.sinytra.wiki.exporter.render.ImageWriter/]: Exported png to: C:\Users\Andrewthepika\IdeaProjects\Minefinity\run\wiki_exporter\render\minecraft\piglin_brute_spawn_egg.png
[01Oct2026 19:46:16.789] [IO-Worker-1/DEBUG] [org.sinytra.wiki.exporter.render.ImageWriter/]: Exported png to: C:\Users\Andrewthepika\IdeaProjects\Minefinity\run\wiki_exporter\render\minecraft\stripped_warped_stem.png
[01Oct2026 19:46:16.795] [IO-Worker-4/DEBUG] [org.sinytra.wiki.exporter.render.ImageWriter/]: Exported png to: C:\Users\Andrewthepika\IdeaProjects\Minefinity\run\wiki_exporter\render\minecraft\hay_block.png
[01Oct2026 19:46:16.796] [IO-Worker-2/DEBUG] [org.sinytra.wiki.exporter.render.ImageWriter/]: Exported png to: C:\Users\Andrewthepika\IdeaProjects\Minefinity\run\wiki_exporter\render\minecraft\light_blue_stained_glass.png
[01Oct2026 19:46:16.799] [IO-Worker-10/DEBUG] [org.sinytra.wiki.exporter.render.ImageWriter/]: Exported png to: C:\Users\Andrewthepika\IdeaProjects\Minefinity\run\wiki_exporter\render\minecraft\black_candle.png
[01Oct2026 19:46:16.801] [IO-Worker-9/DEBUG] [org.sinytra.wiki.exporter.render.ImageWriter/]: Exported png to: C:\Users\Andrewthepika\IdeaProjects\Minefinity\run\wiki_exporter\render\minecraft\baked_potato.png
[01Oct2026 19:46:16.810] [IO-Worker-7/DEBUG] [org.sinytra.wiki.exporter.render.ImageWriter/]: Exported png to: C:\Users\Andrewthepika\IdeaProjects\Minefinity\run\wiki_exporter\render\minecraft\pink_wool.png
[01Oct2026 19:46:16.811] [IO-Worker-3/DEBUG] [org.sinytra.wiki.exporter.render.ImageWriter/]: Exported png to: C:\Users\Andrewthepika\IdeaProjects\Minefinity\run\wiki_exporter\render\minecraft\redstone_torch.png
[01Oct2026 19:46:16.814] [IO-Worker-1/DEBUG] [org.sinytra.wiki.exporter.render.ImageWriter/]: Exported png to: C:\Users\Andrewthepika\IdeaProjects\Minefinity\run\wiki_exporter\render\minecraft\weathered_copper_bulb.png
[01Oct2026 19:46:16.816] [IO-Worker-6/DEBUG] [org.sinytra.wiki.exporter.render.ImageWriter/]: Exported png to: C:\Users\Andrewthepika\IdeaProjects\Minefinity\run\wiki_exporter\render\minecraft\cyan_wool.png
[01Oct2026 19:46:16.818] [IO-Worker-11/DEBUG] [org.sinytra.wiki.exporter.render.ImageWriter/]: Exported png to: C:\Users\Andrewthepika\IdeaProjects\Minefinity\run\wiki_exporter\render\minecraft\ravager_spawn_egg.png
[01Oct2026 19:46:16.820] [IO-Worker-2/DEBUG] [org.sinytra.wiki.exporter.render.ImageWriter/]: Exported png to: C:\Users\Andrewthepika\IdeaProjects\Minefinity\run\wiki_exporter\render\minecraft\redstone_lamp.png
[01Oct2026 19:46:16.831] [IO-Worker-12/DEBUG] [org.sinytra.wiki.exporter.render.ImageWriter/]: Exported png to: C:\Users\Andrewthepika\IdeaProjects\Minefinity\run\wiki_exporter\render\minecraft\orange_candle.png
[01Oct2026 19:46:16.835] [IO-Worker-10/DEBUG] [org.sinytra.wiki.exporter.render.ImageWriter/]: Exported png to: C:\Users\Andrewthepika\IdeaProjects\Minefinity\run\wiki_exporter\render\minecraft\small_dripleaf.png
[01Oct2026 19:46:16.836] [IO-Worker-4/DEBUG] [org.sinytra.wiki.exporter.render.ImageWriter/]: Exported png to: C:\Users\Andrewthepika\IdeaProjects\Minefinity\run\wiki_exporter\render\minecraft\light_blue_stained_glass_pane.png
[01Oct2026 19:46:16.838] [IO-Worker-9/DEBUG] [org.sinytra.wiki.exporter.render.ImageWriter/]: Exported png to: C:\Users\Andrewthepika\IdeaProjects\Minefinity\run\wiki_exporter\render\minecraft\stone_axe.png
[01Oct2026 19:46:16.844] [IO-Worker-2/DEBUG] [org.sinytra.wiki.exporter.render.ImageWriter/]: Exported png to: C:\Users\Andrewthepika\IdeaProjects\Minefinity\run\wiki_exporter\render\minecraft\red_mushroom_block.png
[01Oct2026 19:46:16.845] [IO-Worker-7/DEBUG] [org.sinytra.wiki.exporter.render.ImageWriter/]: Exported png to: C:\Users\Andrewthepika\IdeaProjects\Minefinity\run\wiki_exporter\render\minecraft\coast_armor_trim_smithing_template.png
[01Oct2026 19:46:16.851] [IO-Worker-3/DEBUG] [org.sinytra.wiki.exporter.render.ImageWriter/]: Exported png to: C:\Users\Andrewthepika\IdeaProjects\Minefinity\run\wiki_exporter\render\minecraft\mangrove_propagule.png
[01Oct2026 19:46:16.852] [IO-Worker-6/DEBUG] [org.sinytra.wiki.exporter.render.ImageWriter/]: Exported png to: C:\Users\Andrewthepika\IdeaProjects\Minefinity\run\wiki_exporter\render\minecraft\acacia_chest_boat.png
[01Oct2026 19:46:16.852] [IO-Worker-5/DEBUG] [org.sinytra.wiki.exporter.render.ImageWriter/]: Exported png to: C:\Users\Andrewthepika\IdeaProjects\Minefinity\run\wiki_exporter\render\minecraft\waxed_exposed_cut_copper_stairs.png
[01Oct2026 19:46:16.855] [IO-Worker-11/DEBUG] [org.sinytra.wiki.exporter.render.ImageWriter/]: Exported png to: C:\Users\Andrewthepika\IdeaProjects\Minefinity\run\wiki_exporter\render\minecraft\mace.png
[01Oct2026 19:46:16.859] [IO-Worker-10/DEBUG] [org.sinytra.wiki.exporter.render.ImageWriter/]: Exported png to: C:\Users\Andrewthepika\IdeaProjects\Minefinity\run\wiki_exporter\render\minecraft\bookshelf.png
[01Oct2026 19:46:16.862] [IO-Worker-1/DEBUG] [org.sinytra.wiki.exporter.render.ImageWriter/]: Exported png to: C:\Users\Andrewthepika\IdeaProjects\Minefinity\run\wiki_exporter\render\minecraft\lily_pad.png
[01Oct2026 19:46:16.863] [IO-Worker-4/DEBUG] [org.sinytra.wiki.exporter.render.ImageWriter/]: Exported png to: C:\Users\Andrewthepika\IdeaProjects\Minefinity\run\wiki_exporter\render\minecraft\waxed_weathered_copper_bulb.png
[01Oct2026 19:46:16.866] [IO-Worker-9/DEBUG] [org.sinytra.wiki.exporter.render.ImageWriter/]: Exported png to: C:\Users\Andrewthepika\IdeaProjects\Minefinity\run\wiki_exporter\render\minecraft\dark_oak_slab.png
[01Oct2026 19:46:16.868] [IO-Worker-12/DEBUG] [org.sinytra.wiki.exporter.render.ImageWriter/]: Exported png to: C:\Users\Andrewthepika\IdeaProjects\Minefinity\run\wiki_exporter\render\minecraft\dolphin_spawn_egg.png
[01Oct2026 19:46:16.868] [IO-Worker-7/DEBUG] [org.sinytra.wiki.exporter.render.ImageWriter/]: Exported png to: C:\Users\Andrewthepika\IdeaProjects\Minefinity\run\wiki_exporter\render\minecraft\glowstone.png
[01Oct2026 19:46:16.873] [IO-Worker-2/DEBUG] [org.sinytra.wiki.exporter.render.ImageWriter/]: Exported png to: C:\Users\Andrewthepika\IdeaProjects\Minefinity\run\wiki_exporter\render\minecraft\white_terracotta.png
[01Oct2026 19:46:16.881] [IO-Worker-11/DEBUG] [org.sinytra.wiki.exporter.render.ImageWriter/]: Exported png to: C:\Users\Andrewthepika\IdeaProjects\Minefinity\run\wiki_exporter\render\minecraft\gray_terracotta.png
[01Oct2026 19:46:16.882] [IO-Worker-5/DEBUG] [org.sinytra.wiki.exporter.render.ImageWriter/]: Exported png to: C:\Users\Andrewthepika\IdeaProjects\Minefinity\run\wiki_exporter\render\minecraft\lime_concrete_powder.png
[01Oct2026 19:46:16.890] [IO-Worker-7/DEBUG] [org.sinytra.wiki.exporter.render.ImageWriter/]: Exported png to: C:\Users\Andrewthepika\IdeaProjects\Minefinity\run\wiki_exporter\render\minecraft\orange_wool.png
[01Oct2026 19:46:16.899] [IO-Worker-4/DEBUG] [org.sinytra.wiki.exporter.render.ImageWriter/]: Exported png to: C:\Users\Andrewthepika\IdeaProjects\Minefinity\run\wiki_exporter\render\minecraft\bowl.png
[01Oct2026 19:46:16.900] [IO-Worker-1/DEBUG] [org.sinytra.wiki.exporter.render.ImageWriter/]: Exported png to: C:\Users\Andrewthepika\IdeaProjects\Minefinity\run\wiki_exporter\render\minecraft\coarse_dirt.png
[01Oct2026 19:46:16.904] [IO-Worker-9/DEBUG] [org.sinytra.wiki.exporter.render.ImageWriter/]: Exported png to: C:\Users\Andrewthepika\IdeaProjects\Minefinity\run\wiki_exporter\render\minecraft\golden_leggings.png
[01Oct2026 19:46:16.905] [IO-Worker-12/DEBUG] [org.sinytra.wiki.exporter.render.ImageWriter/]: Exported png to: C:\Users\Andrewthepika\IdeaProjects\Minefinity\run\wiki_exporter\render\minecraft\golden_boots.png
[01Oct2026 19:46:16.906] [IO-Worker-10/DEBUG] [org.sinytra.wiki.exporter.render.ImageWriter/]: Exported png to: C:\Users\Andrewthepika\IdeaProjects\Minefinity\run\wiki_exporter\render\minecraft\polished_deepslate_slab.png
[01Oct2026 19:46:16.908] [IO-Worker-2/DEBUG] [org.sinytra.wiki.exporter.render.ImageWriter/]: Exported png to: C:\Users\Andrewthepika\IdeaProjects\Minefinity\run\wiki_exporter\render\minecraft\oak_hanging_sign.png
[01Oct2026 19:46:16.914] [IO-Worker-5/DEBUG] [org.sinytra.wiki.exporter.render.ImageWriter/]: Exported png to: C:\Users\Andrewthepika\IdeaProjects\Minefinity\run\wiki_exporter\render\minecraft\cut_sandstone_slab.png
[01Oct2026 19:46:16.916] [IO-Worker-6/DEBUG] [org.sinytra.wiki.exporter.render.ImageWriter/]: Exported png to: C:\Users\Andrewthepika\IdeaProjects\Minefinity\run\wiki_exporter\render\minecraft\diamond_horse_armor.png
[01Oct2026 19:46:16.922] [IO-Worker-11/DEBUG] [org.sinytra.wiki.exporter.render.ImageWriter/]: Exported png to: C:\Users\Andrewthepika\IdeaProjects\Minefinity\run\wiki_exporter\render\minecraft\netherite_axe.png
[01Oct2026 19:46:16.925] [IO-Worker-3/DEBUG] [org.sinytra.wiki.exporter.render.ImageWriter/]: Exported png to: C:\Users\Andrewthepika\IdeaProjects\Minefinity\run\wiki_exporter\render\minecraft\sandstone_wall.png
[01Oct2026 19:46:16.926] [IO-Worker-1/DEBUG] [org.sinytra.wiki.exporter.render.ImageWriter/]: Exported png to: C:\Users\Andrewthepika\IdeaProjects\Minefinity\run\wiki_exporter\render\minecraft\piston.png
[01Oct2026 19:46:16.930] [IO-Worker-7/DEBUG] [org.sinytra.wiki.exporter.render.ImageWriter/]: Exported png to: C:\Users\Andrewthepika\IdeaProjects\Minefinity\run\wiki_exporter\render\minecraft\enchanted_golden_apple.png
[01Oct2026 19:46:16.932] [IO-Worker-10/DEBUG] [org.sinytra.wiki.exporter.render.ImageWriter/]: Exported png to: C:\Users\Andrewthepika\IdeaProjects\Minefinity\run\wiki_exporter\render\minecraft\cobbled_deepslate_stairs.png
[01Oct2026 19:46:16.940] [IO-Worker-5/DEBUG] [org.sinytra.wiki.exporter.render.ImageWriter/]: Exported png to: C:\Users\Andrewthepika\IdeaProjects\Minefinity\run\wiki_exporter\render\minecraft\ice.png
[01Oct2026 19:46:16.944] [IO-Worker-9/DEBUG] [org.sinytra.wiki.exporter.render.ImageWriter/]: Exported png to: C:\Users\Andrewthepika\IdeaProjects\Minefinity\run\wiki_exporter\render\minecraft\stripped_warped_hyphae.png
[01Oct2026 19:46:16.944] [IO-Worker-2/DEBUG] [org.sinytra.wiki.exporter.render.ImageWriter/]: Exported png to: C:\Users\Andrewthepika\IdeaProjects\Minefinity\run\wiki_exporter\render\minecraft\tropical_fish_bucket.png
[01Oct2026 19:46:16.947] [IO-Worker-12/DEBUG] [org.sinytra.wiki.exporter.render.ImageWriter/]: Exported png to: C:\Users\Andrewthepika\IdeaProjects\Minefinity\run\wiki_exporter\render\minecraft\music_disc_mall.png
[01Oct2026 19:46:16.948] [IO-Worker-4/DEBUG] [org.sinytra.wiki.exporter.render.ImageWriter/]: Exported png to: C:\Users\Andrewthepika\IdeaProjects\Minefinity\run\wiki_exporter\render\minecraft\prismarine_wall.png
[01Oct2026 19:46:16.951] [IO-Worker-11/DEBUG] [org.sinytra.wiki.exporter.render.ImageWriter/]: Exported png to: C:\Users\Andrewthepika\IdeaProjects\Minefinity\run\wiki_exporter\render\minecraft\yellow_carpet.png
[01Oct2026 19:46:16.953] [IO-Worker-6/DEBUG] [org.sinytra.wiki.exporter.render.ImageWriter/]: Exported png to: C:\Users\Andrewthepika\IdeaProjects\Minefinity\run\wiki_exporter\render\minecraft\brewer_pottery_sherd.png
[01Oct2026 19:46:16.954] [IO-Worker-1/DEBUG] [org.sinytra.wiki.exporter.render.ImageWriter/]: Exported png to: C:\Users\Andrewthepika\IdeaProjects\Minefinity\run\wiki_exporter\render\minecraft\gray_concrete_powder.png
[01Oct2026 19:46:16.956] [IO-Worker-10/DEBUG] [org.sinytra.wiki.exporter.render.ImageWriter/]: Exported png to: C:\Users\Andrewthepika\IdeaProjects\Minefinity\run\wiki_exporter\render\minecraft\bamboo_mosaic.png
[01Oct2026 19:46:16.958] [IO-Worker-7/DEBUG] [org.sinytra.wiki.exporter.render.ImageWriter/]: Exported png to: C:\Users\Andrewthepika\IdeaProjects\Minefinity\run\wiki_exporter\render\minecraft\deepslate_copper_ore.png
[01Oct2026 19:46:16.971] [IO-Worker-3/DEBUG] [org.sinytra.wiki.exporter.render.ImageWriter/]: Exported png to: C:\Users\Andrewthepika\IdeaProjects\Minefinity\run\wiki_exporter\render\minecraft\dark_oak_fence_gate.png
[01Oct2026 19:46:16.971] [IO-Worker-5/DEBUG] [org.sinytra.wiki.exporter.render.ImageWriter/]: Exported png to: C:\Users\Andrewthepika\IdeaProjects\Minefinity\run\wiki_exporter\render\minecraft\bamboo_fence_gate.png
[01Oct2026 19:46:16.974] [IO-Worker-4/DEBUG] [org.sinytra.wiki.exporter.render.ImageWriter/]: Exported png to: C:\Users\Andrewthepika\IdeaProjects\Minefinity\run\wiki_exporter\render\minecraft\netherrack.png
[01Oct2026 19:46:16.975] [IO-Worker-12/DEBUG] [org.sinytra.wiki.exporter.render.ImageWriter/]: Exported png to: C:\Users\Andrewthepika\IdeaProjects\Minefinity\run\wiki_exporter\render\minecraft\cracked_deepslate_bricks.png
[01Oct2026 19:46:16.983] [IO-Worker-2/DEBUG] [org.sinytra.wiki.exporter.render.ImageWriter/]: Exported png to: C:\Users\Andrewthepika\IdeaProjects\Minefinity\run\wiki_exporter\render\minecraft\bread.png
[01Oct2026 19:46:16.987] [IO-Worker-6/DEBUG] [org.sinytra.wiki.exporter.render.ImageWriter/]: Exported png to: C:\Users\Andrewthepika\IdeaProjects\Minefinity\run\wiki_exporter\render\minecraft\wheat.png
[01Oct2026 19:46:16.991] [IO-Worker-8/DEBUG] [org.sinytra.wiki.exporter.render.ImageWriter/]: Exported png to: C:\Users\Andrewthepika\IdeaProjects\Minefinity\run\wiki_exporter\render\minecraft\gray_glazed_terracotta.png
[01Oct2026 19:46:16.992] [IO-Worker-10/DEBUG] [org.sinytra.wiki.exporter.render.ImageWriter/]: Exported png to: C:\Users\Andrewthepika\IdeaProjects\Minefinity\run\wiki_exporter\render\minecraft\miner_pottery_sherd.png
[01Oct2026 19:46:16.994] [IO-Worker-7/DEBUG] [org.sinytra.wiki.exporter.render.ImageWriter/]: Exported png to: C:\Users\Andrewthepika\IdeaProjects\Minefinity\run\wiki_exporter\render\minecraft\bamboo_raft.png
[01Oct2026 19:46:16.998] [IO-Worker-1/DEBUG] [org.sinytra.wiki.exporter.render.ImageWriter/]: Exported png to: C:\Users\Andrewthepika\IdeaProjects\Minefinity\run\wiki_exporter\render\minecraft\cooked_chicken.png
[01Oct2026 19:46:17.001] [IO-Worker-11/DEBUG] [org.sinytra.wiki.exporter.render.ImageWriter/]: Exported png to: C:\Users\Andrewthepika\IdeaProjects\Minefinity\run\wiki_exporter\render\minecraft\snow_golem_spawn_egg.png
[01Oct2026 19:46:17.001] [IO-Worker-9/DEBUG] [org.sinytra.wiki.exporter.render.ImageWriter/]: Exported png to: C:\Users\Andrewthepika\IdeaProjects\Minefinity\run\wiki_exporter\render\minecraft\copper_door.png
[01Oct2026 19:46:17.007] [IO-Worker-2/DEBUG] [org.sinytra.wiki.exporter.render.ImageWriter/]: Exported png to: C:\Users\Andrewthepika\IdeaProjects\Minefinity\run\wiki_exporter\render\minecraft\polished_granite_stairs.png
[01Oct2026 19:46:17.010] [IO-Worker-12/DEBUG] [org.sinytra.wiki.exporter.render.ImageWriter/]: Exported png to: C:\Users\Andrewthepika\IdeaProjects\Minefinity\run\wiki_exporter\render\minecraft\brown_candle.png
[01Oct2026 19:46:17.010] [IO-Worker-4/DEBUG] [org.sinytra.wiki.exporter.render.ImageWriter/]: Exported png to: C:\Users\Andrewthepika\IdeaProjects\Minefinity\run\wiki_exporter\render\minecraft\green_stained_glass_pane.png
[01Oct2026 19:46:17.025] [IO-Worker-9/DEBUG] [org.sinytra.wiki.exporter.render.ImageWriter/]: Exported png to: C:\Users\Andrewthepika\IdeaProjects\Minefinity\run\wiki_exporter\render\minecraft\coal_ore.png
[01Oct2026 19:46:17.027] [IO-Worker-7/DEBUG] [org.sinytra.wiki.exporter.render.ImageWriter/]: Exported png to: C:\Users\Andrewthepika\IdeaProjects\Minefinity\run\wiki_exporter\render\minecraft\oxidized_copper_bulb.png
[01Oct2026 19:46:17.029] [IO-Worker-1/DEBUG] [org.sinytra.wiki.exporter.render.ImageWriter/]: Exported png to: C:\Users\Andrewthepika\IdeaProjects\Minefinity\run\wiki_exporter\render\minecraft\pink_banner.png
[01Oct2026 19:46:17.034] [IO-Worker-4/DEBUG] [org.sinytra.wiki.exporter.render.ImageWriter/]: Exported png to: C:\Users\Andrewthepika\IdeaProjects\Minefinity\run\wiki_exporter\render\minecraft\orange_glazed_terracotta.png
[01Oct2026 19:46:17.040] [IO-Worker-6/DEBUG] [org.sinytra.wiki.exporter.render.ImageWriter/]: Exported png to: C:\Users\Andrewthepika\IdeaProjects\Minefinity\run\wiki_exporter\render\minecraft\spawner.png
[01Oct2026 19:46:17.041] [IO-Worker-11/DEBUG] [org.sinytra.wiki.exporter.render.ImageWriter/]: Exported png to: C:\Users\Andrewthepika\IdeaProjects\Minefinity\run\wiki_exporter\render\minecraft\crimson_fungus.png
[01Oct2026 19:46:17.043] [IO-Worker-10/DEBUG] [org.sinytra.wiki.exporter.render.ImageWriter/]: Exported png to: C:\Users\Andrewthepika\IdeaProjects\Minefinity\run\wiki_exporter\render\minecraft\pointed_dripstone.png
[01Oct2026 19:46:17.047] [IO-Worker-2/DEBUG] [org.sinytra.wiki.exporter.render.ImageWriter/]: Exported png to: C:\Users\Andrewthepika\IdeaProjects\Minefinity\run\wiki_exporter\render\minecraft\bucket.png
[01Oct2026 19:46:17.047] [IO-Worker-8/DEBUG] [org.sinytra.wiki.exporter.render.ImageWriter/]: Exported png to: C:\Users\Andrewthepika\IdeaProjects\Minefinity\run\wiki_exporter\render\minecraft\blaze_spawn_egg.png
[01Oct2026 19:46:17.048] [IO-Worker-12/DEBUG] [org.sinytra.wiki.exporter.render.ImageWriter/]: Exported png to: C:\Users\Andrewthepika\IdeaProjects\Minefinity\run\wiki_exporter\render\minecraft\glass_bottle.png
[01Oct2026 19:46:17.051] [IO-Worker-7/DEBUG] [org.sinytra.wiki.exporter.render.ImageWriter/]: Exported png to: C:\Users\Andrewthepika\IdeaProjects\Minefinity\run\wiki_exporter\render\minecraft\smithing_table.png
[01Oct2026 19:46:17.054] [IO-Worker-9/DEBUG] [org.sinytra.wiki.exporter.render.ImageWriter/]: Exported png to: C:\Users\Andrewthepika\IdeaProjects\Minefinity\run\wiki_exporter\render\minecraft\blue_wool.png
[01Oct2026 19:46:17.055] [IO-Worker-1/DEBUG] [org.sinytra.wiki.exporter.render.ImageWriter/]: Exported png to: C:\Users\Andrewthepika\IdeaProjects\Minefinity\run\wiki_exporter\render\minecraft\spruce_stairs.png
[01Oct2026 19:46:17.059] [IO-Worker-4/DEBUG] [org.sinytra.wiki.exporter.render.ImageWriter/]: Exported png to: C:\Users\Andrewthepika\IdeaProjects\Minefinity\run\wiki_exporter\render\minecraft\infested_stone_bricks.png
[01Oct2026 19:46:17.064] [IO-Worker-5/DEBUG] [org.sinytra.wiki.exporter.render.ImageWriter/]: Exported png to: C:\Users\Andrewthepika\IdeaProjects\Minefinity\run\wiki_exporter\render\minecraft\acacia_pressure_plate.png
[01Oct2026 19:46:17.072] [IO-Worker-12/DEBUG] [org.sinytra.wiki.exporter.render.ImageWriter/]: Exported png to: C:\Users\Andrewthepika\IdeaProjects\Minefinity\run\wiki_exporter\render\minecraft\yellow_shulker_box.png
[01Oct2026 19:46:17.079] [IO-Worker-1/DEBUG] [org.sinytra.wiki.exporter.render.ImageWriter/]: Exported png to: C:\Users\Andrewthepika\IdeaProjects\Minefinity\run\wiki_exporter\render\minecraft\chiseled_bookshelf.png
[01Oct2026 19:46:17.081] [IO-Worker-9/DEBUG] [org.sinytra.wiki.exporter.render.ImageWriter/]: Exported png to: C:\Users\Andrewthepika\IdeaProjects\Minefinity\run\wiki_exporter\render\minecraft\grass_block.png
[01Oct2026 19:46:17.084] [IO-Worker-10/DEBUG] [org.sinytra.wiki.exporter.render.ImageWriter/]: Exported png to: C:\Users\Andrewthepika\IdeaProjects\Minefinity\run\wiki_exporter\render\minefinity\raw_nickel.png
[01Oct2026 19:46:17.086] [IO-Worker-8/DEBUG] [org.sinytra.wiki.exporter.render.ImageWriter/]: Exported png to: C:\Users\Andrewthepika\IdeaProjects\Minefinity\run\wiki_exporter\render\minecraft\polished_blackstone_wall.png
[01Oct2026 19:46:17.088] [IO-Worker-7/DEBUG] [org.sinytra.wiki.exporter.render.ImageWriter/]: Exported png to: C:\Users\Andrewthepika\IdeaProjects\Minefinity\run\wiki_exporter\render\minecraft\prize_pottery_sherd.png
[01Oct2026 19:46:17.089] [IO-Worker-4/DEBUG] [org.sinytra.wiki.exporter.render.ImageWriter/]: Exported png to: C:\Users\Andrewthepika\IdeaProjects\Minefinity\run\wiki_exporter\render\minecraft\cherry_button.png
[01Oct2026 19:46:17.090] [IO-Worker-5/DEBUG] [org.sinytra.wiki.exporter.render.ImageWriter/]: Exported png to: C:\Users\Andrewthepika\IdeaProjects\Minefinity\run\wiki_exporter\render\minecraft\dispenser.png
[01Oct2026 19:46:17.094] [IO-Worker-6/DEBUG] [org.sinytra.wiki.exporter.render.ImageWriter/]: Exported png to: C:\Users\Andrewthepika\IdeaProjects\Minefinity\run\wiki_exporter\render\minecraft\magenta_wool.png
[01Oct2026 19:46:17.099] [IO-Worker-12/DEBUG] [org.sinytra.wiki.exporter.render.ImageWriter/]: Exported png to: C:\Users\Andrewthepika\IdeaProjects\Minefinity\run\wiki_exporter\render\minecraft\white_shulker_box.png
[01Oct2026 19:46:17.099] [IO-Worker-2/DEBUG] [org.sinytra.wiki.exporter.render.ImageWriter/]: Exported png to: C:\Users\Andrewthepika\IdeaProjects\Minefinity\run\wiki_exporter\render\minecraft\bubble_coral_fan.png
[01Oct2026 19:46:17.101] [IO-Worker-11/DEBUG] [org.sinytra.wiki.exporter.render.ImageWriter/]: Exported png to: C:\Users\Andrewthepika\IdeaProjects\Minefinity\run\wiki_exporter\render\minecraft\item_frame.png
[01Oct2026 19:46:17.110] [IO-Worker-8/DEBUG] [org.sinytra.wiki.exporter.render.ImageWriter/]: Exported png to: C:\Users\Andrewthepika\IdeaProjects\Minefinity\run\wiki_exporter\render\minecraft\dirt.png
[01Oct2026 19:46:17.111] [IO-Worker-5/DEBUG] [org.sinytra.wiki.exporter.render.ImageWriter/]: Exported png to: C:\Users\Andrewthepika\IdeaProjects\Minefinity\run\wiki_exporter\render\minecraft\mycelium.png
[01Oct2026 19:46:17.117] [IO-Worker-4/DEBUG] [org.sinytra.wiki.exporter.render.ImageWriter/]: Exported png to: C:\Users\Andrewthepika\IdeaProjects\Minefinity\run\wiki_exporter\render\minecraft\dead_brain_coral_block.png
[01Oct2026 19:46:17.132] [IO-Worker-11/DEBUG] [org.sinytra.wiki.exporter.render.ImageWriter/]: Exported png to: C:\Users\Andrewthepika\IdeaProjects\Minefinity\run\wiki_exporter\render\minecraft\black_bed.png
[01Oct2026 19:46:17.133] [IO-Worker-6/DEBUG] [org.sinytra.wiki.exporter.render.ImageWriter/]: Exported png to: C:\Users\Andrewthepika\IdeaProjects\Minefinity\run\wiki_exporter\render\minecraft\leather_boots.png
[01Oct2026 19:46:17.133] [IO-Worker-5/DEBUG] [org.sinytra.wiki.exporter.render.ImageWriter/]: Exported png to: C:\Users\Andrewthepika\IdeaProjects\Minefinity\run\wiki_exporter\render\minecraft\crying_obsidian.png
[01Oct2026 19:46:17.134] [IO-Worker-2/DEBUG] [org.sinytra.wiki.exporter.render.ImageWriter/]: Exported png to: C:\Users\Andrewthepika\IdeaProjects\Minefinity\run\wiki_exporter\render\minecraft\powered_rail.png
[01Oct2026 19:46:17.137] [IO-Worker-12/DEBUG] [org.sinytra.wiki.exporter.render.ImageWriter/]: Exported png to: C:\Users\Andrewthepika\IdeaProjects\Minefinity\run\wiki_exporter\render\minecraft\waxed_oxidized_copper_trapdoor.png
[01Oct2026 19:46:17.139] [IO-Worker-8/DEBUG] [org.sinytra.wiki.exporter.render.ImageWriter/]: Exported png to: C:\Users\Andrewthepika\IdeaProjects\Minefinity\run\wiki_exporter\render\minecraft\deepslate_tile_wall.png
[01Oct2026 19:46:17.144] [IO-Worker-10/DEBUG] [org.sinytra.wiki.exporter.render.ImageWriter/]: Exported png to: C:\Users\Andrewthepika\IdeaProjects\Minefinity\run\wiki_exporter\render\minecraft\chiseled_nether_bricks.png
[01Oct2026 19:46:17.145] [IO-Worker-4/DEBUG] [org.sinytra.wiki.exporter.render.ImageWriter/]: Exported png to: C:\Users\Andrewthepika\IdeaProjects\Minefinity\run\wiki_exporter\render\minecraft\nether_brick_fence.png
[01Oct2026 19:46:17.152] [IO-Worker-7/DEBUG] [org.sinytra.wiki.exporter.render.ImageWriter/]: Exported png to: C:\Users\Andrewthepika\IdeaProjects\Minefinity\run\wiki_exporter\render\minecraft\twisting_vines.png
[01Oct2026 19:46:17.154] [IO-Worker-2/DEBUG] [org.sinytra.wiki.exporter.render.ImageWriter/]: Exported png to: C:\Users\Andrewthepika\IdeaProjects\Minefinity\run\wiki_exporter\render\minecraft\nether_gold_ore.png
[01Oct2026 19:46:17.164] [IO-Worker-9/DEBUG] [org.sinytra.wiki.exporter.render.ImageWriter/]: Exported png to: C:\Users\Andrewthepika\IdeaProjects\Minefinity\run\wiki_exporter\render\minecraft\ender_pearl.png
[01Oct2026 19:46:17.166] [IO-Worker-8/DEBUG] [org.sinytra.wiki.exporter.render.ImageWriter/]: Exported png to: C:\Users\Andrewthepika\IdeaProjects\Minefinity\run\wiki_exporter\render\minecraft\pink_bed.png
[01Oct2026 19:46:17.169] [IO-Worker-12/DEBUG] [org.sinytra.wiki.exporter.render.ImageWriter/]: Exported png to: C:\Users\Andrewthepika\IdeaProjects\Minefinity\run\wiki_exporter\render\minecraft\waxed_exposed_copper_trapdoor.png
[01Oct2026 19:46:17.173] [IO-Worker-5/DEBUG] [org.sinytra.wiki.exporter.render.ImageWriter/]: Exported png to: C:\Users\Andrewthepika\IdeaProjects\Minefinity\run\wiki_exporter\render\minecraft\chainmail_leggings.png
[01Oct2026 19:46:17.173] [IO-Worker-10/DEBUG] [org.sinytra.wiki.exporter.render.ImageWriter/]: Exported png to: C:\Users\Andrewthepika\IdeaProjects\Minefinity\run\wiki_exporter\render\minecraft\blue_concrete.png
[01Oct2026 19:46:17.181] [IO-Worker-2/DEBUG] [org.sinytra.wiki.exporter.render.ImageWriter/]: Exported png to: C:\Users\Andrewthepika\IdeaProjects\Minefinity\run\wiki_exporter\render\minecraft\bone_block.png
[01Oct2026 19:46:17.182] [IO-Worker-4/DEBUG] [org.sinytra.wiki.exporter.render.ImageWriter/]: Exported png to: C:\Users\Andrewthepika\IdeaProjects\Minefinity\run\wiki_exporter\render\minecraft\cooked_salmon.png
[01Oct2026 19:46:17.182] [IO-Worker-11/DEBUG] [org.sinytra.wiki.exporter.render.ImageWriter/]: Exported png to: C:\Users\Andrewthepika\IdeaProjects\Minefinity\run\wiki_exporter\render\minecraft\copper_grate.png
[01Oct2026 19:46:17.187] [IO-Worker-6/DEBUG] [org.sinytra.wiki.exporter.render.ImageWriter/]: Exported png to: C:\Users\Andrewthepika\IdeaProjects\Minefinity\run\wiki_exporter\render\minecraft\flow_pottery_sherd.png
[01Oct2026 19:46:17.189] [IO-Worker-9/DEBUG] [org.sinytra.wiki.exporter.render.ImageWriter/]: Exported png to: C:\Users\Andrewthepika\IdeaProjects\Minefinity\run\wiki_exporter\render\minecraft\waxed_weathered_chiseled_copper.png
[01Oct2026 19:46:17.191] [IO-Worker-8/DEBUG] [org.sinytra.wiki.exporter.render.ImageWriter/]: Exported png to: C:\Users\Andrewthepika\IdeaProjects\Minefinity\run\wiki_exporter\render\minecraft\purple_terracotta.png
[01Oct2026 19:46:17.192] [IO-Worker-7/DEBUG] [org.sinytra.wiki.exporter.render.ImageWriter/]: Exported png to: C:\Users\Andrewthepika\IdeaProjects\Minefinity\run\wiki_exporter\render\minecraft\red_dye.png
[01Oct2026 19:46:17.196] [IO-Worker-10/DEBUG] [org.sinytra.wiki.exporter.render.ImageWriter/]: Exported png to: C:\Users\Andrewthepika\IdeaProjects\Minefinity\run\wiki_exporter\render\minecraft\black_concrete.png
[01Oct2026 19:46:17.198] [IO-Worker-5/DEBUG] [org.sinytra.wiki.exporter.render.ImageWriter/]: Exported png to: C:\Users\Andrewthepika\IdeaProjects\Minefinity\run\wiki_exporter\render\minecraft\emerald_ore.png
[01Oct2026 19:46:17.206] [IO-Worker-11/DEBUG] [org.sinytra.wiki.exporter.render.ImageWriter/]: Exported png to: C:\Users\Andrewthepika\IdeaProjects\Minefinity\run\wiki_exporter\render\minecraft\polished_andesite_stairs.png
[01Oct2026 19:46:17.208] [IO-Worker-6/DEBUG] [org.sinytra.wiki.exporter.render.ImageWriter/]: Exported png to: C:\Users\Andrewthepika\IdeaProjects\Minefinity\run\wiki_exporter\render\minecraft\packed_ice.png
[01Oct2026 19:46:17.218] [IO-Worker-8/DEBUG] [org.sinytra.wiki.exporter.render.ImageWriter/]: Exported png to: C:\Users\Andrewthepika\IdeaProjects\Minefinity\run\wiki_exporter\render\minecraft\yellow_concrete_powder.png
[01Oct2026 19:46:17.218] [IO-Worker-4/DEBUG] [org.sinytra.wiki.exporter.render.ImageWriter/]: Exported png to: C:\Users\Andrewthepika\IdeaProjects\Minefinity\run\wiki_exporter\render\minecraft\glow_squid_spawn_egg.png
[01Oct2026 19:46:17.218] [IO-Worker-7/DEBUG] [org.sinytra.wiki.exporter.render.ImageWriter/]: Exported png to: C:\Users\Andrewthepika\IdeaProjects\Minefinity\run\wiki_exporter\render\minecraft\mangrove_slab.png
[01Oct2026 19:46:17.219] [IO-Worker-10/DEBUG] [org.sinytra.wiki.exporter.render.ImageWriter/]: Exported png to: C:\Users\Andrewthepika\IdeaProjects\Minefinity\run\wiki_exporter\render\minecraft\diamond_block.png
[01Oct2026 19:46:17.221] [IO-Worker-5/DEBUG] [org.sinytra.wiki.exporter.render.ImageWriter/]: Exported png to: C:\Users\Andrewthepika\IdeaProjects\Minefinity\run\wiki_exporter\render\minecraft\jungle_planks.png
[01Oct2026 19:46:17.224] [IO-Worker-12/DEBUG] [org.sinytra.wiki.exporter.render.ImageWriter/]: Exported png to: C:\Users\Andrewthepika\IdeaProjects\Minefinity\run\wiki_exporter\render\minecraft\lapis_ore.png
[01Oct2026 19:46:17.226] [IO-Worker-9/DEBUG] [org.sinytra.wiki.exporter.render.ImageWriter/]: Exported png to: C:\Users\Andrewthepika\IdeaProjects\Minefinity\run\wiki_exporter\render\minecraft\waxed_exposed_copper_door.png
[01Oct2026 19:46:17.232] [IO-Worker-2/DEBUG] [org.sinytra.wiki.exporter.render.ImageWriter/]: Exported png to: C:\Users\Andrewthepika\IdeaProjects\Minefinity\run\wiki_exporter\render\minecraft\lime_banner.png
[01Oct2026 19:46:17.233] [IO-Worker-1/DEBUG] [org.sinytra.wiki.exporter.render.ImageWriter/]: Exported png to: C:\Users\Andrewthepika\IdeaProjects\Minefinity\run\wiki_exporter\render\minecraft\cut_red_sandstone_slab.png
[01Oct2026 19:46:17.245] [IO-Worker-7/DEBUG] [org.sinytra.wiki.exporter.render.ImageWriter/]: Exported png to: C:\Users\Andrewthepika\IdeaProjects\Minefinity\run\wiki_exporter\render\minecraft\pink_glazed_terracotta.png
[01Oct2026 19:46:17.245] [IO-Worker-6/DEBUG] [org.sinytra.wiki.exporter.render.ImageWriter/]: Exported png to: C:\Users\Andrewthepika\IdeaProjects\Minefinity\run\wiki_exporter\render\minecraft\warped_fence_gate.png
[01Oct2026 19:46:17.251] [IO-Worker-10/DEBUG] [org.sinytra.wiki.exporter.render.ImageWriter/]: Exported png to: C:\Users\Andrewthepika\IdeaProjects\Minefinity\run\wiki_exporter\render\minecraft\light_gray_stained_glass.png
[01Oct2026 19:46:17.251] [IO-Worker-5/DEBUG] [org.sinytra.wiki.exporter.render.ImageWriter/]: Exported png to: C:\Users\Andrewthepika\IdeaProjects\Minefinity\run\wiki_exporter\render\minecraft\mud_brick_wall.png
[01Oct2026 19:46:17.255] [IO-Worker-8/DEBUG] [org.sinytra.wiki.exporter.render.ImageWriter/]: Exported png to: C:\Users\Andrewthepika\IdeaProjects\Minefinity\run\wiki_exporter\render\minecraft\smooth_quartz.png
[01Oct2026 19:46:17.262] [IO-Worker-12/DEBUG] [org.sinytra.wiki.exporter.render.ImageWriter/]: Exported png to: C:\Users\Andrewthepika\IdeaProjects\Minefinity\run\wiki_exporter\render\minecraft\spruce_hanging_sign.png
[01Oct2026 19:46:17.263] [IO-Worker-9/DEBUG] [org.sinytra.wiki.exporter.render.ImageWriter/]: Exported png to: C:\Users\Andrewthepika\IdeaProjects\Minefinity\run\wiki_exporter\render\minecraft\iron_axe.png
[01Oct2026 19:46:17.266] [IO-Worker-4/DEBUG] [org.sinytra.wiki.exporter.render.ImageWriter/]: Exported png to: C:\Users\Andrewthepika\IdeaProjects\Minefinity\run\wiki_exporter\render\minecraft\slime_ball.png
[01Oct2026 19:46:17.271] [IO-Worker-1/DEBUG] [org.sinytra.wiki.exporter.render.ImageWriter/]: Exported png to: C:\Users\Andrewthepika\IdeaProjects\Minefinity\run\wiki_exporter\render\minecraft\acacia_sign.png
[01Oct2026 19:46:17.273] [IO-Worker-2/DEBUG] [org.sinytra.wiki.exporter.render.ImageWriter/]: Exported png to: C:\Users\Andrewthepika\IdeaProjects\Minefinity\run\wiki_exporter\render\minecraft\cave_spider_spawn_egg.png
[01Oct2026 19:46:17.273] [IO-Worker-6/DEBUG] [org.sinytra.wiki.exporter.render.ImageWriter/]: Exported png to: C:\Users\Andrewthepika\IdeaProjects\Minefinity\run\wiki_exporter\render\minecraft\polished_blackstone_slab.png
[01Oct2026 19:46:17.277] [IO-Worker-5/DEBUG] [org.sinytra.wiki.exporter.render.ImageWriter/]: Exported png to: C:\Users\Andrewthepika\IdeaProjects\Minefinity\run\wiki_exporter\render\minecraft\stripped_acacia_wood.png
[01Oct2026 19:46:17.287] [IO-Worker-11/DEBUG] [org.sinytra.wiki.exporter.render.ImageWriter/]: Exported png to: C:\Users\Andrewthepika\IdeaProjects\Minefinity\run\wiki_exporter\render\minecraft\tuff_wall.png
[01Oct2026 19:46:17.288] [IO-Worker-9/DEBUG] [org.sinytra.wiki.exporter.render.ImageWriter/]: Exported png to: C:\Users\Andrewthepika\IdeaProjects\Minefinity\run\wiki_exporter\render\minecraft\mossy_cobblestone.png
[01Oct2026 19:46:17.288] [IO-Worker-7/DEBUG] [org.sinytra.wiki.exporter.render.ImageWriter/]: Exported png to: C:\Users\Andrewthepika\IdeaProjects\Minefinity\run\wiki_exporter\render\minecraft\mojang_banner_pattern.png
[01Oct2026 19:46:17.289] [IO-Worker-8/DEBUG] [org.sinytra.wiki.exporter.render.ImageWriter/]: Exported png to: C:\Users\Andrewthepika\IdeaProjects\Minefinity\run\wiki_exporter\render\minecraft\cherry_boat.png
[01Oct2026 19:46:17.294] [IO-Worker-10/DEBUG] [org.sinytra.wiki.exporter.render.ImageWriter/]: Exported png to: C:\Users\Andrewthepika\IdeaProjects\Minefinity\run\wiki_exporter\render\minecraft\axolotl_bucket.png
[01Oct2026 19:46:17.295] [IO-Worker-1/DEBUG] [org.sinytra.wiki.exporter.render.ImageWriter/]: Exported png to: C:\Users\Andrewthepika\IdeaProjects\Minefinity\run\wiki_exporter\render\minecraft\dark_oak_wood.png
[01Oct2026 19:46:17.301] [IO-Worker-6/DEBUG] [org.sinytra.wiki.exporter.render.ImageWriter/]: Exported png to: C:\Users\Andrewthepika\IdeaProjects\Minefinity\run\wiki_exporter\render\minecraft\decorated_pot.png
[01Oct2026 19:46:17.304] [IO-Worker-5/DEBUG] [org.sinytra.wiki.exporter.render.ImageWriter/]: Exported png to: C:\Users\Andrewthepika\IdeaProjects\Minefinity\run\wiki_exporter\render\minecraft\target.png
[01Oct2026 19:46:17.304] [IO-Worker-2/DEBUG] [org.sinytra.wiki.exporter.render.ImageWriter/]: Exported png to: C:\Users\Andrewthepika\IdeaProjects\Minefinity\run\wiki_exporter\render\minecraft\petrified_oak_slab.png
[01Oct2026 19:46:17.306] [IO-Worker-4/DEBUG] [org.sinytra.wiki.exporter.render.ImageWriter/]: Exported png to: C:\Users\Andrewthepika\IdeaProjects\Minefinity\run\wiki_exporter\render\minecraft\nether_brick.png
[01Oct2026 19:46:17.307] [IO-Worker-12/DEBUG] [org.sinytra.wiki.exporter.render.ImageWriter/]: Exported png to: C:\Users\Andrewthepika\IdeaProjects\Minefinity\run\wiki_exporter\render\minecraft\gray_concrete.png
[01Oct2026 19:46:17.312] [IO-Worker-8/DEBUG] [org.sinytra.wiki.exporter.render.ImageWriter/]: Exported png to: C:\Users\Andrewthepika\IdeaProjects\Minefinity\run\wiki_exporter\render\minecraft\white_concrete_powder.png
[01Oct2026 19:46:17.315] [IO-Worker-7/DEBUG] [org.sinytra.wiki.exporter.render.ImageWriter/]: Exported png to: C:\Users\Andrewthepika\IdeaProjects\Minefinity\run\wiki_exporter\render\minecraft\mossy_stone_bricks.png
[01Oct2026 19:46:17.322] [IO-Worker-3/DEBUG] [org.sinytra.wiki.exporter.render.ImageWriter/]: Exported png to: C:\Users\Andrewthepika\IdeaProjects\Minefinity\run\wiki_exporter\render\minecraft\iron_chestplate.png
[01Oct2026 19:46:17.327] [IO-Worker-9/DEBUG] [org.sinytra.wiki.exporter.render.ImageWriter/]: Exported png to: C:\Users\Andrewthepika\IdeaProjects\Minefinity\run\wiki_exporter\render\minecraft\netherite_scrap.png
[01Oct2026 19:46:17.327] [IO-Worker-2/DEBUG] [org.sinytra.wiki.exporter.render.ImageWriter/]: Exported png to: C:\Users\Andrewthepika\IdeaProjects\Minefinity\run\wiki_exporter\render\minecraft\red_sandstone_stairs.png
[01Oct2026 19:46:17.329] [IO-Worker-6/DEBUG] [org.sinytra.wiki.exporter.render.ImageWriter/]: Exported png to: C:\Users\Andrewthepika\IdeaProjects\Minefinity\run\wiki_exporter\render\minecraft\pumpkin.png
[01Oct2026 19:46:17.331] [IO-Worker-4/DEBUG] [org.sinytra.wiki.exporter.render.ImageWriter/]: Exported png to: C:\Users\Andrewthepika\IdeaProjects\Minefinity\run\wiki_exporter\render\minecraft\cherry_stairs.png
[01Oct2026 19:46:17.332] [IO-Worker-1/DEBUG] [org.sinytra.wiki.exporter.render.ImageWriter/]: Exported png to: C:\Users\Andrewthepika\IdeaProjects\Minefinity\run\wiki_exporter\render\minecraft\written_book.png
[01Oct2026 19:46:17.333] [IO-Worker-12/DEBUG] [org.sinytra.wiki.exporter.render.ImageWriter/]: Exported png to: C:\Users\Andrewthepika\IdeaProjects\Minefinity\run\wiki_exporter\render\minecraft\pink_concrete.png
[01Oct2026 19:46:17.333] [IO-Worker-10/DEBUG] [org.sinytra.wiki.exporter.render.ImageWriter/]: Exported png to: C:\Users\Andrewthepika\IdeaProjects\Minefinity\run\wiki_exporter\render\minecraft\wayfinder_armor_trim_smithing_template.png
[01Oct2026 19:46:17.334] [IO-Worker-5/DEBUG] [org.sinytra.wiki.exporter.render.ImageWriter/]: Exported png to: C:\Users\Andrewthepika\IdeaProjects\Minefinity\run\wiki_exporter\render\minecraft\lapis_block.png
[01Oct2026 19:46:17.337] [IO-Worker-11/DEBUG] [org.sinytra.wiki.exporter.render.ImageWriter/]: Exported png to: C:\Users\Andrewthepika\IdeaProjects\Minefinity\run\wiki_exporter\render\minecraft\orange_concrete_powder.png
[01Oct2026 19:46:17.349] [IO-Worker-3/DEBUG] [org.sinytra.wiki.exporter.render.ImageWriter/]: Exported png to: C:\Users\Andrewthepika\IdeaProjects\Minefinity\run\wiki_exporter\render\minecraft\oxidized_copper_grate.png
[01Oct2026 19:46:17.349] [IO-Worker-7/DEBUG] [org.sinytra.wiki.exporter.render.ImageWriter/]: Exported png to: C:\Users\Andrewthepika\IdeaProjects\Minefinity\run\wiki_exporter\render\minecraft\polished_blackstone_button.png
[01Oct2026 19:46:17.351] [IO-Worker-2/DEBUG] [org.sinytra.wiki.exporter.render.ImageWriter/]: Exported png to: C:\Users\Andrewthepika\IdeaProjects\Minefinity\run\wiki_exporter\render\minecraft\waxed_exposed_copper.png
[01Oct2026 19:46:17.356] [IO-Worker-5/DEBUG] [org.sinytra.wiki.exporter.render.ImageWriter/]: Exported png to: C:\Users\Andrewthepika\IdeaProjects\Minefinity\run\wiki_exporter\render\minecraft\diamond_ore.png
[01Oct2026 19:46:17.364] [IO-Worker-4/DEBUG] [org.sinytra.wiki.exporter.render.ImageWriter/]: Exported png to: C:\Users\Andrewthepika\IdeaProjects\Minefinity\run\wiki_exporter\render\minecraft\waxed_cut_copper.png
[01Oct2026 19:46:17.365] [IO-Worker-6/DEBUG] [org.sinytra.wiki.exporter.render.ImageWriter/]: Exported png to: C:\Users\Andrewthepika\IdeaProjects\Minefinity\run\wiki_exporter\render\minecraft\iron_helmet.png
[01Oct2026 19:46:17.366] [IO-Worker-11/DEBUG] [org.sinytra.wiki.exporter.render.ImageWriter/]: Exported png to: C:\Users\Andrewthepika\IdeaProjects\Minefinity\run\wiki_exporter\render\minecraft\pink_carpet.png
[01Oct2026 19:46:17.371] [IO-Worker-10/DEBUG] [org.sinytra.wiki.exporter.render.ImageWriter/]: Exported png to: C:\Users\Andrewthepika\IdeaProjects\Minefinity\run\wiki_exporter\render\minecraft\snowball.png
[01Oct2026 19:46:17.374] [IO-Worker-12/DEBUG] [org.sinytra.wiki.exporter.render.ImageWriter/]: Exported png to: C:\Users\Andrewthepika\IdeaProjects\Minefinity\run\wiki_exporter\render\minecraft\chainmail_boots.png
[01Oct2026 19:46:17.376] [IO-Worker-1/DEBUG] [org.sinytra.wiki.exporter.render.ImageWriter/]: Exported png to: C:\Users\Andrewthepika\IdeaProjects\Minefinity\run\wiki_exporter\render\minecraft\music_disc_5.png
[01Oct2026 19:46:17.382] [IO-Worker-9/DEBUG] [org.sinytra.wiki.exporter.render.ImageWriter/]: Exported png to: C:\Users\Andrewthepika\IdeaProjects\Minefinity\run\wiki_exporter\render\minecraft\rabbit_spawn_egg.png
[01Oct2026 19:46:17.382] [IO-Worker-5/DEBUG] [org.sinytra.wiki.exporter.render.ImageWriter/]: Exported png to: C:\Users\Andrewthepika\IdeaProjects\Minefinity\run\wiki_exporter\render\minecraft\chest.png
[01Oct2026 19:46:17.392] [IO-Worker-6/DEBUG] [org.sinytra.wiki.exporter.render.ImageWriter/]: Exported png to: C:\Users\Andrewthepika\IdeaProjects\Minefinity\run\wiki_exporter\render\minecraft\deepslate_brick_stairs.png
[01Oct2026 19:46:17.395] [IO-Worker-2/DEBUG] [org.sinytra.wiki.exporter.render.ImageWriter/]: Exported png to: C:\Users\Andrewthepika\IdeaProjects\Minefinity\run\wiki_exporter\render\minecraft\furnace_minecart.png
[01Oct2026 19:46:17.398] [IO-Worker-4/DEBUG] [org.sinytra.wiki.exporter.render.ImageWriter/]: Exported png to: C:\Users\Andrewthepika\IdeaProjects\Minefinity\run\wiki_exporter\render\minecraft\carved_pumpkin.png
[01Oct2026 19:46:17.403] [IO-Worker-12/DEBUG] [org.sinytra.wiki.exporter.render.ImageWriter/]: Exported png to: C:\Users\Andrewthepika\IdeaProjects\Minefinity\run\wiki_exporter\render\minecraft\brown_carpet.png
[01Oct2026 19:46:17.403] [IO-Worker-11/DEBUG] [org.sinytra.wiki.exporter.render.ImageWriter/]: Exported png to: C:\Users\Andrewthepika\IdeaProjects\Minefinity\run\wiki_exporter\render\minecraft\cod_spawn_egg.png
[01Oct2026 19:46:17.403] [IO-Worker-10/DEBUG] [org.sinytra.wiki.exporter.render.ImageWriter/]: Exported png to: C:\Users\Andrewthepika\IdeaProjects\Minefinity\run\wiki_exporter\render\minecraft\reinforced_deepslate.png
[01Oct2026 19:46:17.411] [IO-Worker-1/DEBUG] [org.sinytra.wiki.exporter.render.ImageWriter/]: Exported png to: C:\Users\Andrewthepika\IdeaProjects\Minefinity\run\wiki_exporter\render\minecraft\dark_oak_button.png
[01Oct2026 19:46:17.417] [IO-Worker-9/DEBUG] [org.sinytra.wiki.exporter.render.ImageWriter/]: Exported png to: C:\Users\Andrewthepika\IdeaProjects\Minefinity\run\wiki_exporter\render\minecraft\prismarine_slab.png
[01Oct2026 19:46:17.420] [IO-Worker-2/DEBUG] [org.sinytra.wiki.exporter.render.ImageWriter/]: Exported png to: C:\Users\Andrewthepika\IdeaProjects\Minefinity\run\wiki_exporter\render\minecraft\green_terracotta.png
[01Oct2026 19:46:17.422] [IO-Worker-5/DEBUG] [org.sinytra.wiki.exporter.render.ImageWriter/]: Exported png to: C:\Users\Andrewthepika\IdeaProjects\Minefinity\run\wiki_exporter\render\minecraft\nautilus_shell.png
[01Oct2026 19:46:17.430] [IO-Worker-6/DEBUG] [org.sinytra.wiki.exporter.render.ImageWriter/]: Exported png to: C:\Users\Andrewthepika\IdeaProjects\Minefinity\run\wiki_exporter\render\minecraft\golden_axe.png
[01Oct2026 19:46:17.435] [IO-Worker-4/DEBUG] [org.sinytra.wiki.exporter.render.ImageWriter/]: Exported png to: C:\Users\Andrewthepika\IdeaProjects\Minefinity\run\wiki_exporter\render\minecraft\apple.png
[01Oct2026 19:46:17.440] [IO-Worker-10/DEBUG] [org.sinytra.wiki.exporter.render.ImageWriter/]: Exported png to: C:\Users\Andrewthepika\IdeaProjects\Minefinity\run\wiki_exporter\render\minecraft\elder_guardian_spawn_egg.png
[01Oct2026 19:46:17.441] [IO-Worker-1/DEBUG] [org.sinytra.wiki.exporter.render.ImageWriter/]: Exported png to: C:\Users\Andrewthepika\IdeaProjects\Minefinity\run\wiki_exporter\render\minecraft\light_blue_glazed_terracotta.png
[01Oct2026 19:46:17.444] [IO-Worker-9/DEBUG] [org.sinytra.wiki.exporter.render.ImageWriter/]: Exported png to: C:\Users\Andrewthepika\IdeaProjects\Minefinity\run\wiki_exporter\render\minecraft\deepslate_brick_slab.png
[01Oct2026 19:46:17.445] [IO-Worker-11/DEBUG] [org.sinytra.wiki.exporter.render.ImageWriter/]: Exported png to: C:\Users\Andrewthepika\IdeaProjects\Minefinity\run\wiki_exporter\render\minecraft\dark_oak_chest_boat.png
[01Oct2026 19:46:17.448] [IO-Worker-2/DEBUG] [org.sinytra.wiki.exporter.render.ImageWriter/]: Exported png to: C:\Users\Andrewthepika\IdeaProjects\Minefinity\run\wiki_exporter\render\minecraft\mangrove_trapdoor.png
[01Oct2026 19:46:17.449] [IO-Worker-5/DEBUG] [org.sinytra.wiki.exporter.render.ImageWriter/]: Exported png to: C:\Users\Andrewthepika\IdeaProjects\Minefinity\run\wiki_exporter\render\minecraft\deepslate_bricks.png
[01Oct2026 19:46:17.452] [IO-Worker-12/DEBUG] [org.sinytra.wiki.exporter.render.ImageWriter/]: Exported png to: C:\Users\Andrewthepika\IdeaProjects\Minefinity\run\wiki_exporter\render\minecraft\flower_banner_pattern.png
[01Oct2026 19:46:17.457] [IO-Worker-6/DEBUG] [org.sinytra.wiki.exporter.render.ImageWriter/]: Exported png to: C:\Users\Andrewthepika\IdeaProjects\Minefinity\run\wiki_exporter\render\minecraft\red_nether_brick_wall.png
[01Oct2026 19:46:17.468] [IO-Worker-4/DEBUG] [org.sinytra.wiki.exporter.render.ImageWriter/]: Exported png to: C:\Users\Andrewthepika\IdeaProjects\Minefinity\run\wiki_exporter\render\minecraft\orange_stained_glass.png
[01Oct2026 19:46:17.472] [IO-Worker-2/DEBUG] [org.sinytra.wiki.exporter.render.ImageWriter/]: Exported png to: C:\Users\Andrewthepika\IdeaProjects\Minefinity\run\wiki_exporter\render\minecraft\green_concrete.png
[01Oct2026 19:46:17.473] [IO-Worker-9/DEBUG] [org.sinytra.wiki.exporter.render.ImageWriter/]: Exported png to: C:\Users\Andrewthepika\IdeaProjects\Minefinity\run\wiki_exporter\render\minecraft\lime_concrete.png
[01Oct2026 19:46:17.474] [IO-Worker-5/DEBUG] [org.sinytra.wiki.exporter.render.ImageWriter/]: Exported png to: C:\Users\Andrewthepika\IdeaProjects\Minefinity\run\wiki_exporter\render\minecraft\end_stone_bricks.png
[01Oct2026 19:46:17.477] [IO-Worker-1/DEBUG] [org.sinytra.wiki.exporter.render.ImageWriter/]: Exported png to: C:\Users\Andrewthepika\IdeaProjects\Minefinity\run\wiki_exporter\render\minecraft\glow_item_frame.png
[01Oct2026 19:46:17.481] [IO-Worker-12/DEBUG] [org.sinytra.wiki.exporter.render.ImageWriter/]: Exported png to: C:\Users\Andrewthepika\IdeaProjects\Minefinity\run\wiki_exporter\render\minecraft\lime_carpet.png
[01Oct2026 19:46:17.481] [IO-Worker-11/DEBUG] [org.sinytra.wiki.exporter.render.ImageWriter/]: Exported png to: C:\Users\Andrewthepika\IdeaProjects\Minefinity\run\wiki_exporter\render\minecraft\lingering_potion.png
[01Oct2026 19:46:17.493] [IO-Worker-10/DEBUG] [org.sinytra.wiki.exporter.render.ImageWriter/]: Exported png to: C:\Users\Andrewthepika\IdeaProjects\Minefinity\run\wiki_exporter\render\minecraft\wooden_pickaxe.png
[01Oct2026 19:46:17.495] [IO-Worker-4/DEBUG] [org.sinytra.wiki.exporter.render.ImageWriter/]: Exported png to: C:\Users\Andrewthepika\IdeaProjects\Minefinity\run\wiki_exporter\render\minecraft\muddy_mangrove_roots.png
[01Oct2026 19:46:17.497] [IO-Worker-6/DEBUG] [org.sinytra.wiki.exporter.render.ImageWriter/]: Exported png to: C:\Users\Andrewthepika\IdeaProjects\Minefinity\run\wiki_exporter\render\minecraft\breeze_spawn_egg.png
[01Oct2026 19:46:17.499] [IO-Worker-7/DEBUG] [org.sinytra.wiki.exporter.render.ImageWriter/]: Exported png to: C:\Users\Andrewthepika\IdeaProjects\Minefinity\run\wiki_exporter\render\minecraft\warped_roots.png
[01Oct2026 19:46:17.504] [IO-Worker-3/DEBUG] [org.sinytra.wiki.exporter.render.ImageWriter/]: Exported png to: C:\Users\Andrewthepika\IdeaProjects\Minefinity\run\wiki_exporter\render\minecraft\potion.png
[01Oct2026 19:46:17.504] [IO-Worker-9/DEBUG] [org.sinytra.wiki.exporter.render.ImageWriter/]: Exported png to: C:\Users\Andrewthepika\IdeaProjects\Minefinity\run\wiki_exporter\render\minecraft\red_terracotta.png
[01Oct2026 19:46:17.506] [IO-Worker-1/DEBUG] [org.sinytra.wiki.exporter.render.ImageWriter/]: Exported png to: C:\Users\Andrewthepika\IdeaProjects\Minefinity\run\wiki_exporter\render\minecraft\waxed_exposed_cut_copper_slab.png
[01Oct2026 19:46:17.506] [IO-Worker-12/DEBUG] [org.sinytra.wiki.exporter.render.ImageWriter/]: Exported png to: C:\Users\Andrewthepika\IdeaProjects\Minefinity\run\wiki_exporter\render\minecraft\sand.png
[01Oct2026 19:46:17.510] [IO-Worker-5/DEBUG] [org.sinytra.wiki.exporter.render.ImageWriter/]: Exported png to: C:\Users\Andrewthepika\IdeaProjects\Minefinity\run\wiki_exporter\render\minecraft\dead_bush.png
[01Oct2026 19:46:17.515] [IO-Worker-11/DEBUG] [org.sinytra.wiki.exporter.render.ImageWriter/]: Exported png to: C:\Users\Andrewthepika\IdeaProjects\Minefinity\run\wiki_exporter\render\minecraft\mangrove_button.png
[01Oct2026 19:46:17.522] [IO-Worker-10/DEBUG] [org.sinytra.wiki.exporter.render.ImageWriter/]: Exported png to: C:\Users\Andrewthepika\IdeaProjects\Minefinity\run\wiki_exporter\render\minecraft\copper_trapdoor.png
[01Oct2026 19:46:17.523] [IO-Worker-2/DEBUG] [org.sinytra.wiki.exporter.render.ImageWriter/]: Exported png to: C:\Users\Andrewthepika\IdeaProjects\Minefinity\run\wiki_exporter\render\minecraft\cooked_cod.png
[01Oct2026 19:46:17.527] [IO-Worker-4/DEBUG] [org.sinytra.wiki.exporter.render.ImageWriter/]: Exported png to: C:\Users\Andrewthepika\IdeaProjects\Minefinity\run\wiki_exporter\render\minecraft\smoker.png
[01Oct2026 19:46:17.534] [IO-Worker-5/DEBUG] [org.sinytra.wiki.exporter.render.ImageWriter/]: Exported png to: C:\Users\Andrewthepika\IdeaProjects\Minefinity\run\wiki_exporter\render\minecraft\green_wool.png
[01Oct2026 19:46:17.536] [IO-Worker-9/DEBUG] [org.sinytra.wiki.exporter.render.ImageWriter/]: Exported png to: C:\Users\Andrewthepika\IdeaProjects\Minefinity\run\wiki_exporter\render\minecraft\light_gray_bed.png
[01Oct2026 19:46:17.536] [IO-Worker-7/DEBUG] [org.sinytra.wiki.exporter.render.ImageWriter/]: Exported png to: C:\Users\Andrewthepika\IdeaProjects\Minefinity\run\wiki_exporter\render\minecraft\stone_sword.png
[01Oct2026 19:46:17.537] [IO-Worker-6/DEBUG] [org.sinytra.wiki.exporter.render.ImageWriter/]: Exported png to: C:\Users\Andrewthepika\IdeaProjects\Minefinity\run\wiki_exporter\render\minecraft\chest_minecart.png
[01Oct2026 19:46:17.539] [IO-Worker-11/DEBUG] [org.sinytra.wiki.exporter.render.ImageWriter/]: Exported png to: C:\Users\Andrewthepika\IdeaProjects\Minefinity\run\wiki_exporter\render\minecraft\infested_mossy_stone_bricks.png
[01Oct2026 19:46:17.542] [IO-Worker-12/DEBUG] [org.sinytra.wiki.exporter.render.ImageWriter/]: Exported png to: C:\Users\Andrewthepika\IdeaProjects\Minefinity\run\wiki_exporter\render\minecraft\leather_leggings.png
[01Oct2026 19:46:17.544] [IO-Worker-1/DEBUG] [org.sinytra.wiki.exporter.render.ImageWriter/]: Exported png to: C:\Users\Andrewthepika\IdeaProjects\Minefinity\run\wiki_exporter\render\minecraft\cod.png
[01Oct2026 19:46:17.550] [IO-Worker-3/DEBUG] [org.sinytra.wiki.exporter.render.ImageWriter/]: Exported png to: C:\Users\Andrewthepika\IdeaProjects\Minefinity\run\wiki_exporter\render\minecraft\spruce_boat.png
[01Oct2026 19:46:17.557] [IO-Worker-2/DEBUG] [org.sinytra.wiki.exporter.render.ImageWriter/]: Exported png to: C:\Users\Andrewthepika\IdeaProjects\Minefinity\run\wiki_exporter\render\minecraft\pink_dye.png
[01Oct2026 19:46:17.561] [IO-Worker-6/DEBUG] [org.sinytra.wiki.exporter.render.ImageWriter/]: Exported png to: C:\Users\Andrewthepika\IdeaProjects\Minefinity\run\wiki_exporter\render\minecraft\polished_tuff.png
[01Oct2026 19:46:17.562] [IO-Worker-10/DEBUG] [org.sinytra.wiki.exporter.render.ImageWriter/]: Exported png to: C:\Users\Andrewthepika\IdeaProjects\Minefinity\run\wiki_exporter\render\minecraft\magma_cube_spawn_egg.png
[01Oct2026 19:46:17.565] [IO-Worker-7/DEBUG] [org.sinytra.wiki.exporter.render.ImageWriter/]: Exported png to: C:\Users\Andrewthepika\IdeaProjects\Minefinity\run\wiki_exporter\render\minecraft\red_concrete_powder.png
[01Oct2026 19:46:17.568] [IO-Worker-12/DEBUG] [org.sinytra.wiki.exporter.render.ImageWriter/]: Exported png to: C:\Users\Andrewthepika\IdeaProjects\Minefinity\run\wiki_exporter\render\minecraft\diorite_wall.png
[01Oct2026 19:46:17.572] [IO-Worker-9/DEBUG] [org.sinytra.wiki.exporter.render.ImageWriter/]: Exported png to: C:\Users\Andrewthepika\IdeaProjects\Minefinity\run\wiki_exporter\render\minecraft\music_disc_otherside.png
[01Oct2026 19:46:17.573] [IO-Worker-4/DEBUG] [org.sinytra.wiki.exporter.render.ImageWriter/]: Exported png to: C:\Users\Andrewthepika\IdeaProjects\Minefinity\run\wiki_exporter\render\minecraft\end_portal_frame.png
[01Oct2026 19:46:17.576] [IO-Worker-11/DEBUG] [org.sinytra.wiki.exporter.render.ImageWriter/]: Exported png to: C:\Users\Andrewthepika\IdeaProjects\Minefinity\run\wiki_exporter\render\minecraft\brick.png
[01Oct2026 19:46:17.581] [IO-Worker-1/DEBUG] [org.sinytra.wiki.exporter.render.ImageWriter/]: Exported png to: C:\Users\Andrewthepika\IdeaProjects\Minefinity\run\wiki_exporter\render\minecraft\iron_sword.png
[01Oct2026 19:46:17.583] [IO-Worker-2/DEBUG] [org.sinytra.wiki.exporter.render.ImageWriter/]: Exported png to: C:\Users\Andrewthepika\IdeaProjects\Minefinity\run\wiki_exporter\render\minecraft\dead_tube_coral_block.png
[01Oct2026 19:46:17.583] [IO-Worker-5/DEBUG] [org.sinytra.wiki.exporter.render.ImageWriter/]: Exported png to: C:\Users\Andrewthepika\IdeaProjects\Minefinity\run\wiki_exporter\render\minecraft\burn_pottery_sherd.png
[01Oct2026 19:46:17.586] [IO-Worker-10/DEBUG] [org.sinytra.wiki.exporter.render.ImageWriter/]: Exported png to: C:\Users\Andrewthepika\IdeaProjects\Minefinity\run\wiki_exporter\render\minecraft\andesite_stairs.png
[01Oct2026 19:46:17.600] [IO-Worker-6/DEBUG] [org.sinytra.wiki.exporter.render.ImageWriter/]: Exported png to: C:\Users\Andrewthepika\IdeaProjects\Minefinity\run\wiki_exporter\render\minecraft\silence_armor_trim_smithing_template.png
[01Oct2026 19:46:17.600] [IO-Worker-11/DEBUG] [org.sinytra.wiki.exporter.render.ImageWriter/]: Exported png to: C:\Users\Andrewthepika\IdeaProjects\Minefinity\run\wiki_exporter\render\minecraft\chiseled_deepslate.png
[01Oct2026 19:46:17.601] [IO-Worker-7/DEBUG] [org.sinytra.wiki.exporter.render.ImageWriter/]: Exported png to: C:\Users\Andrewthepika\IdeaProjects\Minefinity\run\wiki_exporter\render\minecraft\yellow_stained_glass_pane.png
[01Oct2026 19:46:17.608] [IO-Worker-5/DEBUG] [org.sinytra.wiki.exporter.render.ImageWriter/]: Exported png to: C:\Users\Andrewthepika\IdeaProjects\Minefinity\run\wiki_exporter\render\minecraft\damaged_anvil.png
[01Oct2026 19:46:17.610] [IO-Worker-4/DEBUG] [org.sinytra.wiki.exporter.render.ImageWriter/]: Exported png to: C:\Users\Andrewthepika\IdeaProjects\Minefinity\run\wiki_exporter\render\minecraft\cat_spawn_egg.png
[01Oct2026 19:46:17.611] [IO-Worker-9/DEBUG] [org.sinytra.wiki.exporter.render.ImageWriter/]: Exported png to: C:\Users\Andrewthepika\IdeaProjects\Minefinity\run\wiki_exporter\render\minecraft\vex_armor_trim_smithing_template.png
[01Oct2026 19:46:17.616] [IO-Worker-1/DEBUG] [org.sinytra.wiki.exporter.render.ImageWriter/]: Exported png to: C:\Users\Andrewthepika\IdeaProjects\Minefinity\run\wiki_exporter\render\minecraft\cracked_deepslate_tiles.png
[01Oct2026 19:46:17.620] [IO-Worker-10/DEBUG] [org.sinytra.wiki.exporter.render.ImageWriter/]: Exported png to: C:\Users\Andrewthepika\IdeaProjects\Minefinity\run\wiki_exporter\render\minecraft\leather_chestplate.png
[01Oct2026 19:46:17.621] [IO-Worker-2/DEBUG] [org.sinytra.wiki.exporter.render.ImageWriter/]: Exported png to: C:\Users\Andrewthepika\IdeaProjects\Minefinity\run\wiki_exporter\render\minecraft\experience_bottle.png
[01Oct2026 19:46:17.627] [IO-Worker-11/DEBUG] [org.sinytra.wiki.exporter.render.ImageWriter/]: Exported png to: C:\Users\Andrewthepika\IdeaProjects\Minefinity\run\wiki_exporter\render\minecraft\purpur_stairs.png
[01Oct2026 19:46:17.633] [IO-Worker-7/DEBUG] [org.sinytra.wiki.exporter.render.ImageWriter/]: Exported png to: C:\Users\Andrewthepika\IdeaProjects\Minefinity\run\wiki_exporter\render\minecraft\bamboo_pressure_plate.png
[01Oct2026 19:46:17.636] [IO-Worker-9/DEBUG] [org.sinytra.wiki.exporter.render.ImageWriter/]: Exported png to: C:\Users\Andrewthepika\IdeaProjects\Minefinity\run\wiki_exporter\render\minecraft\mangrove_roots.png
[01Oct2026 19:46:17.641] [IO-Worker-4/DEBUG] [org.sinytra.wiki.exporter.render.ImageWriter/]: Exported png to: C:\Users\Andrewthepika\IdeaProjects\Minefinity\run\wiki_exporter\render\minecraft\light_gray_carpet.png
[01Oct2026 19:46:17.651] [IO-Worker-11/DEBUG] [org.sinytra.wiki.exporter.render.ImageWriter/]: Exported png to: C:\Users\Andrewthepika\IdeaProjects\Minefinity\run\wiki_exporter\render\minecraft\deepslate_tiles.png
[01Oct2026 19:46:17.651] [IO-Worker-5/DEBUG] [org.sinytra.wiki.exporter.render.ImageWriter/]: Exported png to: C:\Users\Andrewthepika\IdeaProjects\Minefinity\run\wiki_exporter\render\minecraft\spider_eye.png
[01Oct2026 19:46:17.652] [IO-Worker-6/DEBUG] [org.sinytra.wiki.exporter.render.ImageWriter/]: Exported png to: C:\Users\Andrewthepika\IdeaProjects\Minefinity\run\wiki_exporter\render\minecraft\skull_banner_pattern.png
[01Oct2026 19:46:17.653] [IO-Worker-1/DEBUG] [org.sinytra.wiki.exporter.render.ImageWriter/]: Exported png to: C:\Users\Andrewthepika\IdeaProjects\Minefinity\run\wiki_exporter\render\minecraft\white_stained_glass_pane.png
[01Oct2026 19:46:17.654] [IO-Worker-2/DEBUG] [org.sinytra.wiki.exporter.render.ImageWriter/]: Exported png to: C:\Users\Andrewthepika\IdeaProjects\Minefinity\run\wiki_exporter\render\minecraft\big_dripleaf.png
[01Oct2026 19:46:17.654] [IO-Worker-12/DEBUG] [org.sinytra.wiki.exporter.render.ImageWriter/]: Exported png to: C:\Users\Andrewthepika\IdeaProjects\Minefinity\run\wiki_exporter\render\minecraft\flowering_azalea_leaves.png
[01Oct2026 19:46:17.658] [IO-Worker-9/DEBUG] [org.sinytra.wiki.exporter.render.ImageWriter/]: Exported png to: C:\Users\Andrewthepika\IdeaProjects\Minefinity\run\wiki_exporter\render\minecraft\stripped_jungle_log.png
[01Oct2026 19:46:17.662] [IO-Worker-10/DEBUG] [org.sinytra.wiki.exporter.render.ImageWriter/]: Exported png to: C:\Users\Andrewthepika\IdeaProjects\Minefinity\run\wiki_exporter\render\minecraft\arms_up_pottery_sherd.png
[01Oct2026 19:46:17.664] [IO-Worker-4/DEBUG] [org.sinytra.wiki.exporter.render.ImageWriter/]: Exported png to: C:\Users\Andrewthepika\IdeaProjects\Minefinity\run\wiki_exporter\render\minecraft\mud.png
[01Oct2026 19:46:17.667] [IO-Worker-7/DEBUG] [org.sinytra.wiki.exporter.render.ImageWriter/]: Exported png to: C:\Users\Andrewthepika\IdeaProjects\Minefinity\run\wiki_exporter\render\minecraft\oak_planks.png
[01Oct2026 19:46:17.683] [IO-Worker-9/DEBUG] [org.sinytra.wiki.exporter.render.ImageWriter/]: Exported png to: C:\Users\Andrewthepika\IdeaProjects\Minefinity\run\wiki_exporter\render\minecraft\yellow_concrete.png
[01Oct2026 19:46:17.689] [IO-Worker-1/DEBUG] [org.sinytra.wiki.exporter.render.ImageWriter/]: Exported png to: C:\Users\Andrewthepika\IdeaProjects\Minefinity\run\wiki_exporter\render\minecraft\netherite_hoe.png
[01Oct2026 19:46:17.690] [IO-Worker-12/DEBUG] [org.sinytra.wiki.exporter.render.ImageWriter/]: Exported png to: C:\Users\Andrewthepika\IdeaProjects\Minefinity\run\wiki_exporter\render\minecraft\mushroom_stew.png
[01Oct2026 19:46:17.691] [IO-Worker-4/DEBUG] [org.sinytra.wiki.exporter.render.ImageWriter/]: Exported png to: C:\Users\Andrewthepika\IdeaProjects\Minefinity\run\wiki_exporter\render\minecraft\vault.png
[01Oct2026 19:46:17.693] [IO-Worker-7/DEBUG] [org.sinytra.wiki.exporter.render.ImageWriter/]: Exported png to: C:\Users\Andrewthepika\IdeaProjects\Minefinity\run\wiki_exporter\render\minecraft\beacon.png
[01Oct2026 19:46:17.693] [IO-Worker-2/DEBUG] [org.sinytra.wiki.exporter.render.ImageWriter/]: Exported png to: C:\Users\Andrewthepika\IdeaProjects\Minefinity\run\wiki_exporter\render\minecraft\lightning_rod.png
[01Oct2026 19:46:17.700] [IO-Worker-6/DEBUG] [org.sinytra.wiki.exporter.render.ImageWriter/]: Exported png to: C:\Users\Andrewthepika\IdeaProjects\Minefinity\run\wiki_exporter\render\minecraft\salmon_spawn_egg.png
[01Oct2026 19:46:17.704] [IO-Worker-10/DEBUG] [org.sinytra.wiki.exporter.render.ImageWriter/]: Exported png to: C:\Users\Andrewthepika\IdeaProjects\Minefinity\run\wiki_exporter\render\minecraft\blade_pottery_sherd.png
[01Oct2026 19:46:17.706] [IO-Worker-5/DEBUG] [org.sinytra.wiki.exporter.render.ImageWriter/]: Exported png to: C:\Users\Andrewthepika\IdeaProjects\Minefinity\run\wiki_exporter\render\minecraft\strider_spawn_egg.png
[01Oct2026 19:46:17.709] [IO-Worker-9/DEBUG] [org.sinytra.wiki.exporter.render.ImageWriter/]: Exported png to: C:\Users\Andrewthepika\IdeaProjects\Minefinity\run\wiki_exporter\render\minecraft\slime_block.png
[01Oct2026 19:46:17.716] [IO-Worker-4/DEBUG] [org.sinytra.wiki.exporter.render.ImageWriter/]: Exported png to: C:\Users\Andrewthepika\IdeaProjects\Minefinity\run\wiki_exporter\render\minecraft\gold_block.png
[01Oct2026 19:46:17.722] [IO-Worker-7/DEBUG] [org.sinytra.wiki.exporter.render.ImageWriter/]: Exported png to: C:\Users\Andrewthepika\IdeaProjects\Minefinity\run\wiki_exporter\render\minecraft\polished_andesite.png
[01Oct2026 19:46:17.722] [IO-Worker-2/DEBUG] [org.sinytra.wiki.exporter.render.ImageWriter/]: Exported png to: C:\Users\Andrewthepika\IdeaProjects\Minefinity\run\wiki_exporter\render\minecraft\calibrated_sculk_sensor.png
[01Oct2026 19:46:17.725] [IO-Worker-1/DEBUG] [org.sinytra.wiki.exporter.render.ImageWriter/]: Exported png to: C:\Users\Andrewthepika\IdeaProjects\Minefinity\run\wiki_exporter\render\minecraft\pig_spawn_egg.png
[01Oct2026 19:46:17.725] [IO-Worker-6/DEBUG] [org.sinytra.wiki.exporter.render.ImageWriter/]: Exported png to: C:\Users\Andrewthepika\IdeaProjects\Minefinity\run\wiki_exporter\render\minecraft\gray_bed.png
[01Oct2026 19:46:17.729] [IO-Worker-12/DEBUG] [org.sinytra.wiki.exporter.render.ImageWriter/]: Exported png to: C:\Users\Andrewthepika\IdeaProjects\Minefinity\run\wiki_exporter\render\minecraft\cyan_bed.png
[01Oct2026 19:46:17.729] [IO-Worker-5/DEBUG] [org.sinytra.wiki.exporter.render.ImageWriter/]: Exported png to: C:\Users\Andrewthepika\IdeaProjects\Minefinity\run\wiki_exporter\render\minecraft\birch_stairs.png
[01Oct2026 19:46:17.739] [IO-Worker-10/DEBUG] [org.sinytra.wiki.exporter.render.ImageWriter/]: Exported png to: C:\Users\Andrewthepika\IdeaProjects\Minefinity\run\wiki_exporter\render\minecraft\trapped_chest.png
[01Oct2026 19:46:17.742] [IO-Worker-4/DEBUG] [org.sinytra.wiki.exporter.render.ImageWriter/]: Exported png to: C:\Users\Andrewthepika\IdeaProjects\Minefinity\run\wiki_exporter\render\minecraft\emerald_block.png
[01Oct2026 19:46:17.744] [IO-Worker-9/DEBUG] [org.sinytra.wiki.exporter.render.ImageWriter/]: Exported png to: C:\Users\Andrewthepika\IdeaProjects\Minefinity\run\wiki_exporter\render\minecraft\gray_banner.png
[01Oct2026 19:46:17.756] [IO-Worker-11/DEBUG] [org.sinytra.wiki.exporter.render.ImageWriter/]: Exported png to: C:\Users\Andrewthepika\IdeaProjects\Minefinity\run\wiki_exporter\render\minecraft\polar_bear_spawn_egg.png
[01Oct2026 19:46:17.756] [IO-Worker-1/DEBUG] [org.sinytra.wiki.exporter.render.ImageWriter/]: Exported png to: C:\Users\Andrewthepika\IdeaProjects\Minefinity\run\wiki_exporter\render\minecraft\granite_wall.png
[01Oct2026 19:46:17.758] [IO-Worker-12/DEBUG] [org.sinytra.wiki.exporter.render.ImageWriter/]: Exported png to: C:\Users\Andrewthepika\IdeaProjects\Minefinity\run\wiki_exporter\render\minecraft\prismarine_brick_slab.png
[01Oct2026 19:46:17.761] [IO-Worker-6/DEBUG] [org.sinytra.wiki.exporter.render.ImageWriter/]: Exported png to: C:\Users\Andrewthepika\IdeaProjects\Minefinity\run\wiki_exporter\render\minecraft\wind_charge.png
[01Oct2026 19:46:17.762] [IO-Worker-2/DEBUG] [org.sinytra.wiki.exporter.render.ImageWriter/]: Exported png to: C:\Users\Andrewthepika\IdeaProjects\Minefinity\run\wiki_exporter\render\minecraft\crimson_fence.png
[01Oct2026 19:46:17.765] [IO-Worker-5/DEBUG] [org.sinytra.wiki.exporter.render.ImageWriter/]: Exported png to: C:\Users\Andrewthepika\IdeaProjects\Minefinity\run\wiki_exporter\render\minecraft\book.png
[01Oct2026 19:46:17.769] [IO-Worker-9/DEBUG] [org.sinytra.wiki.exporter.render.ImageWriter/]: Exported png to: C:\Users\Andrewthepika\IdeaProjects\Minefinity\run\wiki_exporter\render\minecraft\shroomlight.png
[01Oct2026 19:46:17.770] [IO-Worker-4/DEBUG] [org.sinytra.wiki.exporter.render.ImageWriter/]: Exported png to: C:\Users\Andrewthepika\IdeaProjects\Minefinity\run\wiki_exporter\render\minecraft\cherry_log.png
[01Oct2026 19:46:17.770] [IO-Worker-7/DEBUG] [org.sinytra.wiki.exporter.render.ImageWriter/]: Exported png to: C:\Users\Andrewthepika\IdeaProjects\Minefinity\run\wiki_exporter\render\minecraft\red_tulip.png
[01Oct2026 19:46:17.781] [IO-Worker-10/DEBUG] [org.sinytra.wiki.exporter.render.ImageWriter/]: Exported png to: C:\Users\Andrewthepika\IdeaProjects\Minefinity\run\wiki_exporter\render\minecraft\mangrove_fence.png
[01Oct2026 19:46:17.784] [IO-Worker-6/DEBUG] [org.sinytra.wiki.exporter.render.ImageWriter/]: Exported png to: C:\Users\Andrewthepika\IdeaProjects\Minefinity\run\wiki_exporter\render\minecraft\crimson_stairs.png
[01Oct2026 19:46:17.784] [IO-Worker-12/DEBUG] [org.sinytra.wiki.exporter.render.ImageWriter/]: Exported png to: C:\Users\Andrewthepika\IdeaProjects\Minefinity\run\wiki_exporter\render\minecraft\red_nether_brick_slab.png
[01Oct2026 19:46:17.789] [IO-Worker-2/DEBUG] [org.sinytra.wiki.exporter.render.ImageWriter/]: Exported png to: C:\Users\Andrewthepika\IdeaProjects\Minefinity\run\wiki_exporter\render\minecraft\dark_oak_log.png
[01Oct2026 19:46:17.791] [IO-Worker-5/DEBUG] [org.sinytra.wiki.exporter.render.ImageWriter/]: Exported png to: C:\Users\Andrewthepika\IdeaProjects\Minefinity\run\wiki_exporter\render\minecraft\granite_slab.png
[01Oct2026 19:46:17.795] [IO-Worker-1/DEBUG] [org.sinytra.wiki.exporter.render.ImageWriter/]: Exported png to: C:\Users\Andrewthepika\IdeaProjects\Minefinity\run\wiki_exporter\render\minecraft\red_stained_glass_pane.png
[01Oct2026 19:46:17.795] [IO-Worker-7/DEBUG] [org.sinytra.wiki.exporter.render.ImageWriter/]: Exported png to: C:\Users\Andrewthepika\IdeaProjects\Minefinity\run\wiki_exporter\render\minecraft\purple_glazed_terracotta.png
[01Oct2026 19:46:17.801] [IO-Worker-11/DEBUG] [org.sinytra.wiki.exporter.render.ImageWriter/]: Exported png to: C:\Users\Andrewthepika\IdeaProjects\Minefinity\run\wiki_exporter\render\minecraft\shulker_shell.png
[01Oct2026 19:46:17.808] [IO-Worker-10/DEBUG] [org.sinytra.wiki.exporter.render.ImageWriter/]: Exported png to: C:\Users\Andrewthepika\IdeaProjects\Minefinity\run\wiki_exporter\render\minecraft\cobblestone_slab.png
[01Oct2026 19:46:17.809] [IO-Worker-9/DEBUG] [org.sinytra.wiki.exporter.render.ImageWriter/]: Exported png to: C:\Users\Andrewthepika\IdeaProjects\Minefinity\run\wiki_exporter\render\minecraft\hanging_roots.png
[01Oct2026 19:46:17.811] [IO-Worker-4/DEBUG] [org.sinytra.wiki.exporter.render.ImageWriter/]: Exported png to: C:\Users\Andrewthepika\IdeaProjects\Minefinity\run\wiki_exporter\render\minecraft\squid_spawn_egg.png
[01Oct2026 19:46:17.813] [IO-Worker-6/DEBUG] [org.sinytra.wiki.exporter.render.ImageWriter/]: Exported png to: C:\Users\Andrewthepika\IdeaProjects\Minefinity\run\wiki_exporter\render\minecraft\magenta_bed.png
[01Oct2026 19:46:17.819] [IO-Worker-3/DEBUG] [org.sinytra.wiki.exporter.render.ImageWriter/]: Exported png to: C:\Users\Andrewthepika\IdeaProjects\Minefinity\run\wiki_exporter\render\minecraft\large_amethyst_bud.png
[01Oct2026 19:46:17.823] [IO-Worker-12/DEBUG] [org.sinytra.wiki.exporter.render.ImageWriter/]: Exported png to: C:\Users\Andrewthepika\IdeaProjects\Minefinity\run\wiki_exporter\render\minecraft\sweet_berries.png
[01Oct2026 19:46:17.826] [IO-Worker-2/DEBUG] [org.sinytra.wiki.exporter.render.ImageWriter/]: Exported png to: C:\Users\Andrewthepika\IdeaProjects\Minefinity\run\wiki_exporter\render\minecraft\brown_bed.png
[01Oct2026 19:46:17.832] [IO-Worker-7/DEBUG] [org.sinytra.wiki.exporter.render.ImageWriter/]: Exported png to: C:\Users\Andrewthepika\IdeaProjects\Minefinity\run\wiki_exporter\render\minecraft\firework_star.png
[01Oct2026 19:46:17.835] [IO-Worker-1/DEBUG] [org.sinytra.wiki.exporter.render.ImageWriter/]: Exported png to: C:\Users\Andrewthepika\IdeaProjects\Minefinity\run\wiki_exporter\render\minecraft\music_disc_mellohi.png
[01Oct2026 19:46:17.835] [IO-Worker-5/DEBUG] [org.sinytra.wiki.exporter.render.ImageWriter/]: Exported png to: C:\Users\Andrewthepika\IdeaProjects\Minefinity\run\wiki_exporter\render\minecraft\lime_stained_glass_pane.png
[01Oct2026 19:46:17.836] [IO-Worker-13/DEBUG] [org.sinytra.wiki.exporter.render.ImageWriter/]: Exported png to: C:\Users\Andrewthepika\IdeaProjects\Minefinity\run\wiki_exporter\render\minecraft\copper_bulb.png
[01Oct2026 19:46:17.839] [IO-Worker-6/DEBUG] [org.sinytra.wiki.exporter.render.ImageWriter/]: Exported png to: C:\Users\Andrewthepika\IdeaProjects\Minefinity\run\wiki_exporter\render\minecraft\prismarine_brick_stairs.png
[01Oct2026 19:46:17.840] [IO-Worker-11/DEBUG] [org.sinytra.wiki.exporter.render.ImageWriter/]: Exported png to: C:\Users\Andrewthepika\IdeaProjects\Minefinity\run\wiki_exporter\render\minecraft\ominous_bottle.png
[01Oct2026 19:46:17.841] [IO-Worker-8/DEBUG] [org.sinytra.wiki.exporter.render.ImageWriter/]: Exported png to: C:\Users\Andrewthepika\IdeaProjects\Minefinity\run\wiki_exporter\render\minecraft\weeping_vines.png
[01Oct2026 19:46:17.859] [IO-Worker-2/DEBUG] [org.sinytra.wiki.exporter.render.ImageWriter/]: Exported png to: C:\Users\Andrewthepika\IdeaProjects\Minefinity\run\wiki_exporter\render\minecraft\shield.png
[01Oct2026 19:46:17.860] [IO-Worker-3/DEBUG] [org.sinytra.wiki.exporter.render.ImageWriter/]: Exported png to: C:\Users\Andrewthepika\IdeaProjects\Minefinity\run\wiki_exporter\render\minecraft\warped_door.png
[01Oct2026 19:46:17.861] [IO-Worker-12/DEBUG] [org.sinytra.wiki.exporter.render.ImageWriter/]: Exported png to: C:\Users\Andrewthepika\IdeaProjects\Minefinity\run\wiki_exporter\render\minecraft\short_grass.png
[01Oct2026 19:46:17.864] [IO-Worker-7/DEBUG] [org.sinytra.wiki.exporter.render.ImageWriter/]: Exported png to: C:\Users\Andrewthepika\IdeaProjects\Minefinity\run\wiki_exporter\render\minecraft\stone_pressure_plate.png
[01Oct2026 19:46:17.866] [IO-Worker-4/DEBUG] [org.sinytra.wiki.exporter.render.ImageWriter/]: Exported png to: C:\Users\Andrewthepika\IdeaProjects\Minefinity\run\wiki_exporter\render\minecraft\suspicious_stew.png
[01Oct2026 19:46:17.866] [IO-Worker-5/DEBUG] [org.sinytra.wiki.exporter.render.ImageWriter/]: Exported png to: C:\Users\Andrewthepika\IdeaProjects\Minefinity\run\wiki_exporter\render\minecraft\cyan_carpet.png
[01Oct2026 19:46:17.868] [IO-Worker-11/DEBUG] [org.sinytra.wiki.exporter.render.ImageWriter/]: Exported png to: C:\Users\Andrewthepika\IdeaProjects\Minefinity\run\wiki_exporter\render\minecraft\stripped_bamboo_block.png
[01Oct2026 19:46:17.875] [IO-Worker-6/DEBUG] [org.sinytra.wiki.exporter.render.ImageWriter/]: Exported png to: C:\Users\Andrewthepika\IdeaProjects\Minefinity\run\wiki_exporter\render\minecraft\trader_llama_spawn_egg.png
[01Oct2026 19:46:17.876] [IO-Worker-8/DEBUG] [org.sinytra.wiki.exporter.render.ImageWriter/]: Exported png to: C:\Users\Andrewthepika\IdeaProjects\Minefinity\run\wiki_exporter\render\minecraft\music_disc_chirp.png
[01Oct2026 19:46:17.886] [IO-Worker-7/DEBUG] [org.sinytra.wiki.exporter.render.ImageWriter/]: Exported png to: C:\Users\Andrewthepika\IdeaProjects\Minefinity\run\wiki_exporter\render\minecraft\crimson_planks.png
[01Oct2026 19:46:17.887] [IO-Worker-13/DEBUG] [org.sinytra.wiki.exporter.render.ImageWriter/]: Exported png to: C:\Users\Andrewthepika\IdeaProjects\Minefinity\run\wiki_exporter\render\minecraft\skeleton_spawn_egg.png
[01Oct2026 19:46:17.887] [IO-Worker-12/DEBUG] [org.sinytra.wiki.exporter.render.ImageWriter/]: Exported png to: C:\Users\Andrewthepika\IdeaProjects\Minefinity\run\wiki_exporter\render\minecraft\polished_tuff_stairs.png
[01Oct2026 19:46:17.895] [IO-Worker-11/DEBUG] [org.sinytra.wiki.exporter.render.ImageWriter/]: Exported png to: C:\Users\Andrewthepika\IdeaProjects\Minefinity\run\wiki_exporter\render\minecraft\black_terracotta.png
[01Oct2026 19:46:17.897] [IO-Worker-3/DEBUG] [org.sinytra.wiki.exporter.render.ImageWriter/]: Exported png to: C:\Users\Andrewthepika\IdeaProjects\Minefinity\run\wiki_exporter\render\minecraft\waxed_oxidized_copper_door.png
[01Oct2026 19:46:17.898] [IO-Worker-2/DEBUG] [org.sinytra.wiki.exporter.render.ImageWriter/]: Exported png to: C:\Users\Andrewthepika\IdeaProjects\Minefinity\run\wiki_exporter\render\minecraft\light_blue_terracotta.png
[01Oct2026 19:46:17.904] [IO-Worker-5/DEBUG] [org.sinytra.wiki.exporter.render.ImageWriter/]: Exported png to: C:\Users\Andrewthepika\IdeaProjects\Minefinity\run\wiki_exporter\render\minecraft\salmon_bucket.png
[01Oct2026 19:46:17.906] [IO-Worker-4/DEBUG] [org.sinytra.wiki.exporter.render.ImageWriter/]: Exported png to: C:\Users\Andrewthepika\IdeaProjects\Minefinity\run\wiki_exporter\render\minecraft\explorer_pottery_sherd.png
[01Oct2026 19:46:17.912] [IO-Worker-8/DEBUG] [org.sinytra.wiki.exporter.render.ImageWriter/]: Exported png to: C:\Users\Andrewthepika\IdeaProjects\Minefinity\run\wiki_exporter\render\minecraft\pink_stained_glass_pane.png
[01Oct2026 19:46:17.926] [IO-Worker-12/DEBUG] [org.sinytra.wiki.exporter.render.ImageWriter/]: Exported png to: C:\Users\Andrewthepika\IdeaProjects\Minefinity\run\wiki_exporter\render\minecraft\pufferfish_spawn_egg.png
[01Oct2026 19:46:17.926] [IO-Worker-13/DEBUG] [org.sinytra.wiki.exporter.render.ImageWriter/]: Exported png to: C:\Users\Andrewthepika\IdeaProjects\Minefinity\run\wiki_exporter\render\minecraft\golden_pickaxe.png
[01Oct2026 19:46:17.928] [IO-Worker-5/DEBUG] [org.sinytra.wiki.exporter.render.ImageWriter/]: Exported png to: C:\Users\Andrewthepika\IdeaProjects\Minefinity\run\wiki_exporter\render\minecraft\deepslate_iron_ore.png
[01Oct2026 19:46:17.929] [IO-Worker-11/DEBUG] [org.sinytra.wiki.exporter.render.ImageWriter/]: Exported png to: C:\Users\Andrewthepika\IdeaProjects\Minefinity\run\wiki_exporter\render\minecraft\diamond_shovel.png
[01Oct2026 19:46:17.929] [IO-Worker-4/DEBUG] [org.sinytra.wiki.exporter.render.ImageWriter/]: Exported png to: C:\Users\Andrewthepika\IdeaProjects\Minefinity\run\wiki_exporter\render\minecraft\waxed_copper_block.png
[01Oct2026 19:46:17.931] [IO-Worker-7/DEBUG] [org.sinytra.wiki.exporter.render.ImageWriter/]: Exported png to: C:\Users\Andrewthepika\IdeaProjects\Minefinity\run\wiki_exporter\render\minecraft\bogged_spawn_egg.png
[01Oct2026 19:46:17.932] [IO-Worker-2/DEBUG] [org.sinytra.wiki.exporter.render.ImageWriter/]: Exported png to: C:\Users\Andrewthepika\IdeaProjects\Minefinity\run\wiki_exporter\render\minecraft\flint.png
[01Oct2026 19:46:17.936] [IO-Worker-3/DEBUG] [org.sinytra.wiki.exporter.render.ImageWriter/]: Exported png to: C:\Users\Andrewthepika\IdeaProjects\Minefinity\run\wiki_exporter\render\minecraft\cherry_sign.png
[01Oct2026 19:46:17.948] [IO-Worker-6/DEBUG] [org.sinytra.wiki.exporter.render.ImageWriter/]: Exported png to: C:\Users\Andrewthepika\IdeaProjects\Minefinity\run\wiki_exporter\render\minecraft\gray_dye.png
[01Oct2026 19:46:17.949] [IO-Worker-8/DEBUG] [org.sinytra.wiki.exporter.render.ImageWriter/]: Exported png to: C:\Users\Andrewthepika\IdeaProjects\Minefinity\run\wiki_exporter\render\minecraft\husk_spawn_egg.png
[01Oct2026 19:46:17.951] [IO-Worker-11/DEBUG] [org.sinytra.wiki.exporter.render.ImageWriter/]: Exported png to: C:\Users\Andrewthepika\IdeaProjects\Minefinity\run\wiki_exporter\render\minecraft\deepslate.png
[01Oct2026 19:46:17.952] [IO-Worker-7/DEBUG] [org.sinytra.wiki.exporter.render.ImageWriter/]: Exported png to: C:\Users\Andrewthepika\IdeaProjects\Minefinity\run\wiki_exporter\render\minecraft\cobblestone.png
[01Oct2026 19:46:17.955] [IO-Worker-2/DEBUG] [org.sinytra.wiki.exporter.render.ImageWriter/]: Exported png to: C:\Users\Andrewthepika\IdeaProjects\Minefinity\run\wiki_exporter\render\minecraft\stripped_acacia_log.png
[01Oct2026 19:46:17.959] [IO-Worker-3/DEBUG] [org.sinytra.wiki.exporter.render.ImageWriter/]: Exported png to: C:\Users\Andrewthepika\IdeaProjects\Minefinity\run\wiki_exporter\render\minecraft\smooth_sandstone_stairs.png
[01Oct2026 19:46:17.970] [IO-Worker-1/DEBUG] [org.sinytra.wiki.exporter.render.ImageWriter/]: Exported png to: C:\Users\Andrewthepika\IdeaProjects\Minefinity\run\wiki_exporter\render\minecraft\redstone_ore.png
[01Oct2026 19:46:17.972] [IO-Worker-4/DEBUG] [org.sinytra.wiki.exporter.render.ImageWriter/]: Exported png to: C:\Users\Andrewthepika\IdeaProjects\Minefinity\run\wiki_exporter\render\minecraft\phantom_membrane.png
[01Oct2026 19:46:17.976] [IO-Worker-5/DEBUG] [org.sinytra.wiki.exporter.render.ImageWriter/]: Exported png to: C:\Users\Andrewthepika\IdeaProjects\Minefinity\run\wiki_exporter\render\minecraft\rabbit_foot.png
[01Oct2026 19:46:17.976] [IO-Worker-13/DEBUG] [org.sinytra.wiki.exporter.render.ImageWriter/]: Exported png to: C:\Users\Andrewthepika\IdeaProjects\Minefinity\run\wiki_exporter\render\minecraft\dead_horn_coral_fan.png
[01Oct2026 19:46:17.977] [IO-Worker-12/DEBUG] [org.sinytra.wiki.exporter.render.ImageWriter/]: Exported png to: C:\Users\Andrewthepika\IdeaProjects\Minefinity\run\wiki_exporter\render\minecraft\spectral_arrow.png
[01Oct2026 19:46:17.980] [IO-Worker-2/DEBUG] [org.sinytra.wiki.exporter.render.ImageWriter/]: Exported png to: C:\Users\Andrewthepika\IdeaProjects\Minefinity\run\wiki_exporter\render\minecraft\rooted_dirt.png
[01Oct2026 19:46:17.989] [IO-Worker-8/DEBUG] [org.sinytra.wiki.exporter.render.ImageWriter/]: Exported png to: C:\Users\Andrewthepika\IdeaProjects\Minefinity\run\wiki_exporter\render\minecraft\azalea_leaves.png
[01Oct2026 19:46:17.991] [IO-Worker-7/DEBUG] [org.sinytra.wiki.exporter.render.ImageWriter/]: Exported png to: C:\Users\Andrewthepika\IdeaProjects\Minefinity\run\wiki_exporter\render\minecraft\oak_boat.png
[01Oct2026 19:46:17.999] [IO-Worker-1/DEBUG] [org.sinytra.wiki.exporter.render.ImageWriter/]: Exported png to: C:\Users\Andrewthepika\IdeaProjects\Minefinity\run\wiki_exporter\render\minecraft\wet_sponge.png
[01Oct2026 19:46:17.999] [IO-Worker-11/DEBUG] [org.sinytra.wiki.exporter.render.ImageWriter/]: Exported png to: C:\Users\Andrewthepika\IdeaProjects\Minefinity\run\wiki_exporter\render\minecraft\wooden_hoe.png
[01Oct2026 19:46:18.000] [IO-Worker-3/DEBUG] [org.sinytra.wiki.exporter.render.ImageWriter/]: Exported png to: C:\Users\Andrewthepika\IdeaProjects\Minefinity\run\wiki_exporter\render\minecraft\white_dye.png
[01Oct2026 19:46:18.006] [IO-Worker-4/DEBUG] [org.sinytra.wiki.exporter.render.ImageWriter/]: Exported png to: C:\Users\Andrewthepika\IdeaProjects\Minefinity\run\wiki_exporter\render\minecraft\magenta_stained_glass.png
[01Oct2026 19:46:18.012] [IO-Worker-8/DEBUG] [org.sinytra.wiki.exporter.render.ImageWriter/]: Exported png to: C:\Users\Andrewthepika\IdeaProjects\Minefinity\run\wiki_exporter\render\minecraft\honeycomb_block.png
[01Oct2026 19:46:18.013] [IO-Worker-13/DEBUG] [org.sinytra.wiki.exporter.render.ImageWriter/]: Exported png to: C:\Users\Andrewthepika\IdeaProjects\Minefinity\run\wiki_exporter\render\minecraft\spruce_chest_boat.png
[01Oct2026 19:46:18.015] [IO-Worker-2/DEBUG] [org.sinytra.wiki.exporter.render.ImageWriter/]: Exported png to: C:\Users\Andrewthepika\IdeaProjects\Minefinity\run\wiki_exporter\render\minecraft\angler_pottery_sherd.png
[01Oct2026 19:46:18.015] [IO-Worker-7/DEBUG] [org.sinytra.wiki.exporter.render.ImageWriter/]: Exported png to: C:\Users\Andrewthepika\IdeaProjects\Minefinity\run\wiki_exporter\render\minecraft\soul_soil.png
[01Oct2026 19:46:18.022] [IO-Worker-5/DEBUG] [org.sinytra.wiki.exporter.render.ImageWriter/]: Exported png to: C:\Users\Andrewthepika\IdeaProjects\Minefinity\run\wiki_exporter\render\minecraft\azure_bluet.png
[01Oct2026 19:46:18.022] [IO-Worker-12/DEBUG] [org.sinytra.wiki.exporter.render.ImageWriter/]: Exported png to: C:\Users\Andrewthepika\IdeaProjects\Minefinity\run\wiki_exporter\render\minecraft\zombie_spawn_egg.png
[01Oct2026 19:46:18.024] [IO-Worker-11/DEBUG] [org.sinytra.wiki.exporter.render.ImageWriter/]: Exported png to: C:\Users\Andrewthepika\IdeaProjects\Minefinity\run\wiki_exporter\render\minecraft\magma_block.png
[01Oct2026 19:46:18.030] [IO-Worker-4/DEBUG] [org.sinytra.wiki.exporter.render.ImageWriter/]: Exported png to: C:\Users\Andrewthepika\IdeaProjects\Minefinity\run\wiki_exporter\render\minecraft\polished_blackstone_brick_stairs.png
[01Oct2026 19:46:18.031] [IO-Worker-1/DEBUG] [org.sinytra.wiki.exporter.render.ImageWriter/]: Exported png to: C:\Users\Andrewthepika\IdeaProjects\Minefinity\run\wiki_exporter\render\minecraft\red_nether_bricks.png
[01Oct2026 19:46:18.038] [IO-Worker-3/DEBUG] [org.sinytra.wiki.exporter.render.ImageWriter/]: Exported png to: C:\Users\Andrewthepika\IdeaProjects\Minefinity\run\wiki_exporter\render\minecraft\mangrove_sign.png
[01Oct2026 19:46:18.039] [IO-Worker-7/DEBUG] [org.sinytra.wiki.exporter.render.ImageWriter/]: Exported png to: C:\Users\Andrewthepika\IdeaProjects\Minefinity\run\wiki_exporter\render\minecraft\waxed_oxidized_cut_copper.png
[01Oct2026 19:46:18.045] [IO-Worker-6/DEBUG] [org.sinytra.wiki.exporter.render.ImageWriter/]: Exported png to: C:\Users\Andrewthepika\IdeaProjects\Minefinity\run\wiki_exporter\render\minecraft\orange_tulip.png
[01Oct2026 19:46:18.048] [IO-Worker-12/DEBUG] [org.sinytra.wiki.exporter.render.ImageWriter/]: Exported png to: C:\Users\Andrewthepika\IdeaProjects\Minefinity\run\wiki_exporter\render\minecraft\magenta_shulker_box.png
[01Oct2026 19:46:18.049] [IO-Worker-11/DEBUG] [org.sinytra.wiki.exporter.render.ImageWriter/]: Exported png to: C:\Users\Andrewthepika\IdeaProjects\Minefinity\run\wiki_exporter\render\minecraft\sticky_piston.png
[01Oct2026 19:46:18.053] [IO-Worker-13/DEBUG] [org.sinytra.wiki.exporter.render.ImageWriter/]: Exported png to: C:\Users\Andrewthepika\IdeaProjects\Minefinity\run\wiki_exporter\render\minecraft\birch_sign.png
[01Oct2026 19:46:18.053] [IO-Worker-8/DEBUG] [org.sinytra.wiki.exporter.render.ImageWriter/]: Exported png to: C:\Users\Andrewthepika\IdeaProjects\Minefinity\run\wiki_exporter\render\minecraft\lime_wool.png
[01Oct2026 19:46:18.054] [IO-Worker-2/DEBUG] [org.sinytra.wiki.exporter.render.ImageWriter/]: Exported png to: C:\Users\Andrewthepika\IdeaProjects\Minefinity\run\wiki_exporter\render\minecraft\green_candle.png
[01Oct2026 19:46:18.063] [IO-Worker-7/DEBUG] [org.sinytra.wiki.exporter.render.ImageWriter/]: Exported png to: C:\Users\Andrewthepika\IdeaProjects\Minefinity\run\wiki_exporter\render\minecraft\ancient_debris.png
[01Oct2026 19:46:18.065] [IO-Worker-5/DEBUG] [org.sinytra.wiki.exporter.render.ImageWriter/]: Exported png to: C:\Users\Andrewthepika\IdeaProjects\Minefinity\run\wiki_exporter\render\minecraft\dandelion.png
[01Oct2026 19:46:18.068] [IO-Worker-1/DEBUG] [org.sinytra.wiki.exporter.render.ImageWriter/]: Exported png to: C:\Users\Andrewthepika\IdeaProjects\Minefinity\run\wiki_exporter\render\minecraft\birch_boat.png
[01Oct2026 19:46:18.072] [IO-Worker-8/DEBUG] [org.sinytra.wiki.exporter.render.ImageWriter/]: Exported png to: C:\Users\Andrewthepika\IdeaProjects\Minefinity\run\wiki_exporter\render\minecraft\gravel.png
[01Oct2026 19:46:18.074] [IO-Worker-3/DEBUG] [org.sinytra.wiki.exporter.render.ImageWriter/]: Exported png to: C:\Users\Andrewthepika\IdeaProjects\Minefinity\run\wiki_exporter\render\minecraft\light_gray_dye.png
[01Oct2026 19:46:18.085] [IO-Worker-7/DEBUG] [org.sinytra.wiki.exporter.render.ImageWriter/]: Exported png to: C:\Users\Andrewthepika\IdeaProjects\Minefinity\run\wiki_exporter\render\minecraft\moss_block.png
[01Oct2026 19:46:18.093] [IO-Worker-2/DEBUG] [org.sinytra.wiki.exporter.render.ImageWriter/]: Exported png to: C:\Users\Andrewthepika\IdeaProjects\Minefinity\run\wiki_exporter\render\minecraft\polished_blackstone.png
[01Oct2026 19:46:18.095] [IO-Worker-5/DEBUG] [org.sinytra.wiki.exporter.render.ImageWriter/]: Exported png to: C:\Users\Andrewthepika\IdeaProjects\Minefinity\run\wiki_exporter\render\minecraft\sculk_shrieker.png
[01Oct2026 19:46:18.095] [IO-Worker-1/DEBUG] [org.sinytra.wiki.exporter.render.ImageWriter/]: Exported png to: C:\Users\Andrewthepika\IdeaProjects\Minefinity\run\wiki_exporter\render\minecraft\stone.png
[01Oct2026 19:46:18.100] [IO-Worker-3/DEBUG] [org.sinytra.wiki.exporter.render.ImageWriter/]: Exported png to: C:\Users\Andrewthepika\IdeaProjects\Minefinity\run\wiki_exporter\render\minecraft\spruce_pressure_plate.png
[01Oct2026 19:46:18.100] [IO-Worker-13/DEBUG] [org.sinytra.wiki.exporter.render.ImageWriter/]: Exported png to: C:\Users\Andrewthepika\IdeaProjects\Minefinity\run\wiki_exporter\render\minecraft\diamond_chestplate.png
[01Oct2026 19:46:18.108] [IO-Worker-8/DEBUG] [org.sinytra.wiki.exporter.render.ImageWriter/]: Exported png to: C:\Users\Andrewthepika\IdeaProjects\Minefinity\run\wiki_exporter\render\minecraft\flow_armor_trim_smithing_template.png
[01Oct2026 19:46:18.114] [IO-Worker-2/DEBUG] [org.sinytra.wiki.exporter.render.ImageWriter/]: Exported png to: C:\Users\Andrewthepika\IdeaProjects\Minefinity\run\wiki_exporter\render\minecraft\cracked_nether_bricks.png
[01Oct2026 19:46:18.119] [IO-Worker-7/DEBUG] [org.sinytra.wiki.exporter.render.ImageWriter/]: Exported png to: C:\Users\Andrewthepika\IdeaProjects\Minefinity\run\wiki_exporter\render\minecraft\debug_stick.png
[01Oct2026 19:46:18.123] [IO-Worker-11/DEBUG] [org.sinytra.wiki.exporter.render.ImageWriter/]: Exported png to: C:\Users\Andrewthepika\IdeaProjects\Minefinity\run\wiki_exporter\render\minecraft\lime_bed.png
[01Oct2026 19:46:18.128] [IO-Worker-13/DEBUG] [org.sinytra.wiki.exporter.render.ImageWriter/]: Exported png to: C:\Users\Andrewthepika\IdeaProjects\Minefinity\run\wiki_exporter\render\minecraft\stone_slab.png
[01Oct2026 19:46:18.128] [IO-Worker-5/DEBUG] [org.sinytra.wiki.exporter.render.ImageWriter/]: Exported png to: C:\Users\Andrewthepika\IdeaProjects\Minefinity\run\wiki_exporter\render\minecraft\tadpole_spawn_egg.png
[01Oct2026 19:46:18.128] [IO-Worker-3/DEBUG] [org.sinytra.wiki.exporter.render.ImageWriter/]: Exported png to: C:\Users\Andrewthepika\IdeaProjects\Minefinity\run\wiki_exporter\render\minecraft\sandstone_stairs.png
[01Oct2026 19:46:18.132] [IO-Worker-1/DEBUG] [org.sinytra.wiki.exporter.render.ImageWriter/]: Exported png to: C:\Users\Andrewthepika\IdeaProjects\Minefinity\run\wiki_exporter\render\minecraft\cherry_door.png
[01Oct2026 19:46:18.137] [IO-Worker-4/DEBUG] [org.sinytra.wiki.exporter.render.ImageWriter/]: Exported png to: C:\Users\Andrewthepika\IdeaProjects\Minefinity\run\wiki_exporter\render\minecraft\magenta_terracotta.png
[01Oct2026 19:46:18.138] [IO-Worker-12/DEBUG] [org.sinytra.wiki.exporter.render.ImageWriter/]: Exported png to: C:\Users\Andrewthepika\IdeaProjects\Minefinity\run\wiki_exporter\render\minecraft\sugar.png
[01Oct2026 19:46:18.144] [IO-Worker-6/DEBUG] [org.sinytra.wiki.exporter.render.ImageWriter/]: Exported png to: C:\Users\Andrewthepika\IdeaProjects\Minefinity\run\wiki_exporter\render\minecraft\jungle_chest_boat.png
[01Oct2026 19:46:18.145] [IO-Worker-2/DEBUG] [org.sinytra.wiki.exporter.render.ImageWriter/]: Exported png to: C:\Users\Andrewthepika\IdeaProjects\Minefinity\run\wiki_exporter\render\minecraft\weathered_copper_grate.png
[01Oct2026 19:46:18.146] [IO-Worker-8/DEBUG] [org.sinytra.wiki.exporter.render.ImageWriter/]: Exported png to: C:\Users\Andrewthepika\IdeaProjects\Minefinity\run\wiki_exporter\render\minecraft\chain.png
[01Oct2026 19:46:18.148] [IO-Worker-11/DEBUG] [org.sinytra.wiki.exporter.render.ImageWriter/]: Exported png to: C:\Users\Andrewthepika\IdeaProjects\Minefinity\run\wiki_exporter\render\minecraft\waxed_weathered_cut_copper_stairs.png
[01Oct2026 19:46:18.152] [IO-Worker-13/DEBUG] [org.sinytra.wiki.exporter.render.ImageWriter/]: Exported png to: C:\Users\Andrewthepika\IdeaProjects\Minefinity\run\wiki_exporter\render\minecraft\blue_concrete_powder.png
[01Oct2026 19:46:18.156] [IO-Worker-7/DEBUG] [org.sinytra.wiki.exporter.render.ImageWriter/]: Exported png to: C:\Users\Andrewthepika\IdeaProjects\Minefinity\run\wiki_exporter\render\minecraft\fire_coral_fan.png
[01Oct2026 19:46:18.156] [IO-Worker-5/DEBUG] [org.sinytra.wiki.exporter.render.ImageWriter/]: Exported png to: C:\Users\Andrewthepika\IdeaProjects\Minefinity\run\wiki_exporter\render\minecraft\acacia_wood.png
[01Oct2026 19:46:18.161] [IO-Worker-3/DEBUG] [org.sinytra.wiki.exporter.render.ImageWriter/]: Exported png to: C:\Users\Andrewthepika\IdeaProjects\Minefinity\run\wiki_exporter\render\minecraft\warped_pressure_plate.png
[01Oct2026 19:46:18.162] [IO-Worker-12/DEBUG] [org.sinytra.wiki.exporter.render.ImageWriter/]: Exported png to: C:\Users\Andrewthepika\IdeaProjects\Minefinity\run\wiki_exporter\render\minecraft\deepslate_tile_stairs.png
[01Oct2026 19:46:18.167] [IO-Worker-4/DEBUG] [org.sinytra.wiki.exporter.render.ImageWriter/]: Exported png to: C:\Users\Andrewthepika\IdeaProjects\Minefinity\run\wiki_exporter\render\minecraft\tuff_brick_slab.png
[01Oct2026 19:46:18.168] [IO-Worker-1/DEBUG] [org.sinytra.wiki.exporter.render.ImageWriter/]: Exported png to: C:\Users\Andrewthepika\IdeaProjects\Minefinity\run\wiki_exporter\render\minecraft\large_fern.png
[01Oct2026 19:46:18.177] [IO-Worker-8/DEBUG] [org.sinytra.wiki.exporter.render.ImageWriter/]: Exported png to: C:\Users\Andrewthepika\IdeaProjects\Minefinity\run\wiki_exporter\render\minecraft\cherry_pressure_plate.png
[01Oct2026 19:46:18.180] [IO-Worker-5/DEBUG] [org.sinytra.wiki.exporter.render.ImageWriter/]: Exported png to: C:\Users\Andrewthepika\IdeaProjects\Minefinity\run\wiki_exporter\render\minecraft\blue_shulker_box.png
[01Oct2026 19:46:18.181] [IO-Worker-2/DEBUG] [org.sinytra.wiki.exporter.render.ImageWriter/]: Exported png to: C:\Users\Andrewthepika\IdeaProjects\Minefinity\run\wiki_exporter\render\minecraft\guster_banner_pattern.png
[01Oct2026 19:46:18.183] [IO-Worker-7/DEBUG] [org.sinytra.wiki.exporter.render.ImageWriter/]: Exported png to: C:\Users\Andrewthepika\IdeaProjects\Minefinity\run\wiki_exporter\render\minecraft\dead_fire_coral_block.png
[01Oct2026 19:46:18.184] [IO-Worker-11/DEBUG] [org.sinytra.wiki.exporter.render.ImageWriter/]: Exported png to: C:\Users\Andrewthepika\IdeaProjects\Minefinity\run\wiki_exporter\render\minecraft\porkchop.png
[01Oct2026 19:46:18.185] [IO-Worker-6/DEBUG] [org.sinytra.wiki.exporter.render.ImageWriter/]: Exported png to: C:\Users\Andrewthepika\IdeaProjects\Minefinity\run\wiki_exporter\render\minecraft\pillager_spawn_egg.png
[01Oct2026 19:46:18.194] [IO-Worker-1/DEBUG] [org.sinytra.wiki.exporter.render.ImageWriter/]: Exported png to: C:\Users\Andrewthepika\IdeaProjects\Minefinity\run\wiki_exporter\render\minecraft\polished_blackstone_brick_slab.png
[01Oct2026 19:46:18.195] [IO-Worker-4/DEBUG] [org.sinytra.wiki.exporter.render.ImageWriter/]: Exported png to: C:\Users\Andrewthepika\IdeaProjects\Minefinity\run\wiki_exporter\render\minecraft\bamboo_mosaic_slab.png
[01Oct2026 19:46:18.197] [IO-Worker-12/DEBUG] [org.sinytra.wiki.exporter.render.ImageWriter/]: Exported png to: C:\Users\Andrewthepika\IdeaProjects\Minefinity\run\wiki_exporter\render\minecraft\bamboo_button.png
[01Oct2026 19:46:18.198] [IO-Worker-3/DEBUG] [org.sinytra.wiki.exporter.render.ImageWriter/]: Exported png to: C:\Users\Andrewthepika\IdeaProjects\Minefinity\run\wiki_exporter\render\minecraft\sea_lantern.png
[01Oct2026 19:46:18.199] [IO-Worker-8/DEBUG] [org.sinytra.wiki.exporter.render.ImageWriter/]: Exported png to: C:\Users\Andrewthepika\IdeaProjects\Minefinity\run\wiki_exporter\render\minecraft\nether_brick_stairs.png
[01Oct2026 19:46:18.203] [IO-Worker-9/DEBUG] [org.sinytra.wiki.exporter.render.ImageWriter/]: Exported png to: C:\Users\Andrewthepika\IdeaProjects\Minefinity\run\wiki_exporter\render\minecraft\weathered_cut_copper_stairs.png
[01Oct2026 19:46:18.206] [IO-Worker-11/DEBUG] [org.sinytra.wiki.exporter.render.ImageWriter/]: Exported png to: C:\Users\Andrewthepika\IdeaProjects\Minefinity\run\wiki_exporter\render\minecraft\waxed_copper_bulb.png
[01Oct2026 19:46:18.212] [IO-Worker-13/DEBUG] [org.sinytra.wiki.exporter.render.ImageWriter/]: Exported png to: C:\Users\Andrewthepika\IdeaProjects\Minefinity\run\wiki_exporter\render\minecraft\music_disc_cat.png
[01Oct2026 19:46:18.214] [IO-Worker-7/DEBUG] [org.sinytra.wiki.exporter.render.ImageWriter/]: Exported png to: C:\Users\Andrewthepika\IdeaProjects\Minefinity\run\wiki_exporter\render\minecraft\andesite.png
[01Oct2026 19:46:18.215] [IO-Worker-2/DEBUG] [org.sinytra.wiki.exporter.render.ImageWriter/]: Exported png to: C:\Users\Andrewthepika\IdeaProjects\Minefinity\run\wiki_exporter\render\minecraft\pink_tulip.png
[01Oct2026 19:46:18.220] [IO-Worker-4/DEBUG] [org.sinytra.wiki.exporter.render.ImageWriter/]: Exported png to: C:\Users\Andrewthepika\IdeaProjects\Minefinity\run\wiki_exporter\render\minecraft\cyan_concrete_powder.png
[01Oct2026 19:46:18.222] [IO-Worker-8/DEBUG] [org.sinytra.wiki.exporter.render.ImageWriter/]: Exported png to: C:\Users\Andrewthepika\IdeaProjects\Minefinity\run\wiki_exporter\render\minecraft\structure_block.png
[01Oct2026 19:46:18.223] [IO-Worker-6/DEBUG] [org.sinytra.wiki.exporter.render.ImageWriter/]: Exported png to: C:\Users\Andrewthepika\IdeaProjects\Minefinity\run\wiki_exporter\render\minecraft\bamboo_door.png
[01Oct2026 19:46:18.231] [IO-Worker-12/DEBUG] [org.sinytra.wiki.exporter.render.ImageWriter/]: Exported png to: C:\Users\Andrewthepika\IdeaProjects\Minefinity\run\wiki_exporter\render\minecraft\goat_spawn_egg.png
[01Oct2026 19:46:18.231] [IO-Worker-9/DEBUG] [org.sinytra.wiki.exporter.render.ImageWriter/]: Exported png to: C:\Users\Andrewthepika\IdeaProjects\Minefinity\run\wiki_exporter\render\minecraft\nether_wart_block.png
[01Oct2026 19:46:18.240] [IO-Worker-7/DEBUG] [org.sinytra.wiki.exporter.render.ImageWriter/]: Exported png to: C:\Users\Andrewthepika\IdeaProjects\Minefinity\run\wiki_exporter\render\minecraft\mangrove_log.png
[01Oct2026 19:46:18.241] [IO-Worker-13/DEBUG] [org.sinytra.wiki.exporter.render.ImageWriter/]: Exported png to: C:\Users\Andrewthepika\IdeaProjects\Minefinity\run\wiki_exporter\render\minecraft\spruce_slab.png
[01Oct2026 19:46:18.243] [IO-Worker-11/DEBUG] [org.sinytra.wiki.exporter.render.ImageWriter/]: Exported png to: C:\Users\Andrewthepika\IdeaProjects\Minefinity\run\wiki_exporter\render\minecraft\light.png
[01Oct2026 19:46:18.245] [IO-Worker-3/DEBUG] [org.sinytra.wiki.exporter.render.ImageWriter/]: Exported png to: C:\Users\Andrewthepika\IdeaProjects\Minefinity\run\wiki_exporter\render\minecraft\acacia_door.png
[01Oct2026 19:46:18.253] [IO-Worker-2/DEBUG] [org.sinytra.wiki.exporter.render.ImageWriter/]: Exported png to: C:\Users\Andrewthepika\IdeaProjects\Minefinity\run\wiki_exporter\render\minecraft\light_gray_candle.png
[01Oct2026 19:46:18.258] [IO-Worker-6/DEBUG] [org.sinytra.wiki.exporter.render.ImageWriter/]: Exported png to: C:\Users\Andrewthepika\IdeaProjects\Minefinity\run\wiki_exporter\render\minecraft\beetroot_soup.png
[01Oct2026 19:46:18.261] [IO-Worker-4/DEBUG] [org.sinytra.wiki.exporter.render.ImageWriter/]: Exported png to: C:\Users\Andrewthepika\IdeaProjects\Minefinity\run\wiki_exporter\render\minecraft\spruce_button.png
[01Oct2026 19:46:18.262] [IO-Worker-8/DEBUG] [org.sinytra.wiki.exporter.render.ImageWriter/]: Exported png to: C:\Users\Andrewthepika\IdeaProjects\Minefinity\run\wiki_exporter\render\minecraft\light_gray_stained_glass_pane.png
[01Oct2026 19:46:18.264] [IO-Worker-9/DEBUG] [org.sinytra.wiki.exporter.render.ImageWriter/]: Exported png to: C:\Users\Andrewthepika\IdeaProjects\Minefinity\run\wiki_exporter\render\minecraft\oak_log.png
[01Oct2026 19:46:18.264] [IO-Worker-7/DEBUG] [org.sinytra.wiki.exporter.render.ImageWriter/]: Exported png to: C:\Users\Andrewthepika\IdeaProjects\Minefinity\run\wiki_exporter\render\minecraft\blackstone.png
[01Oct2026 19:46:18.266] [IO-Worker-13/DEBUG] [org.sinytra.wiki.exporter.render.ImageWriter/]: Exported png to: C:\Users\Andrewthepika\IdeaProjects\Minefinity\run\wiki_exporter\render\minecraft\jigsaw.png
[01Oct2026 19:46:18.276] [IO-Worker-12/DEBUG] [org.sinytra.wiki.exporter.render.ImageWriter/]: Exported png to: C:\Users\Andrewthepika\IdeaProjects\Minefinity\run\wiki_exporter\render\minecraft\oak_trapdoor.png
[01Oct2026 19:46:18.281] [IO-Worker-11/DEBUG] [org.sinytra.wiki.exporter.render.ImageWriter/]: Exported png to: C:\Users\Andrewthepika\IdeaProjects\Minefinity\run\wiki_exporter\render\minecraft\pufferfish_bucket.png
[01Oct2026 19:46:18.285] [IO-Worker-3/DEBUG] [org.sinytra.wiki.exporter.render.ImageWriter/]: Exported png to: C:\Users\Andrewthepika\IdeaProjects\Minefinity\run\wiki_exporter\render\minecraft\bat_spawn_egg.png
[01Oct2026 19:46:18.290] [IO-Worker-7/DEBUG] [org.sinytra.wiki.exporter.render.ImageWriter/]: Exported png to: C:\Users\Andrewthepika\IdeaProjects\Minefinity\run\wiki_exporter\render\minecraft\light_blue_concrete.png
[01Oct2026 19:46:18.291] [IO-Worker-13/DEBUG] [org.sinytra.wiki.exporter.render.ImageWriter/]: Exported png to: C:\Users\Andrewthepika\IdeaProjects\Minefinity\run\wiki_exporter\render\minecraft\tuff_bricks.png
[01Oct2026 19:46:18.291] [IO-Worker-2/DEBUG] [org.sinytra.wiki.exporter.render.ImageWriter/]: Exported png to: C:\Users\Andrewthepika\IdeaProjects\Minefinity\run\wiki_exporter\render\minecraft\stone_button.png
[01Oct2026 19:46:18.298] [IO-Worker-6/DEBUG] [org.sinytra.wiki.exporter.render.ImageWriter/]: Exported png to: C:\Users\Andrewthepika\IdeaProjects\Minefinity\run\wiki_exporter\render\minecraft\bundle.png
[01Oct2026 19:46:18.299] [IO-Worker-8/DEBUG] [org.sinytra.wiki.exporter.render.ImageWriter/]: Exported png to: C:\Users\Andrewthepika\IdeaProjects\Minefinity\run\wiki_exporter\render\minecraft\golden_horse_armor.png
[01Oct2026 19:46:18.303] [IO-Worker-9/DEBUG] [org.sinytra.wiki.exporter.render.ImageWriter/]: Exported png to: C:\Users\Andrewthepika\IdeaProjects\Minefinity\run\wiki_exporter\render\minecraft\spider_spawn_egg.png
[01Oct2026 19:46:18.308] [IO-Worker-4/DEBUG] [org.sinytra.wiki.exporter.render.ImageWriter/]: Exported png to: C:\Users\Andrewthepika\IdeaProjects\Minefinity\run\wiki_exporter\render\minecraft\tall_grass.png
[01Oct2026 19:46:18.308] [IO-Worker-11/DEBUG] [org.sinytra.wiki.exporter.render.ImageWriter/]: Exported png to: C:\Users\Andrewthepika\IdeaProjects\Minefinity\run\wiki_exporter\render\minecraft\beehive.png
[01Oct2026 19:46:18.308] [IO-Worker-12/DEBUG] [org.sinytra.wiki.exporter.render.ImageWriter/]: Exported png to: C:\Users\Andrewthepika\IdeaProjects\Minefinity\run\wiki_exporter\render\minecraft\oak_fence.png
[01Oct2026 19:46:18.318] [IO-Worker-13/DEBUG] [org.sinytra.wiki.exporter.render.ImageWriter/]: Exported png to: C:\Users\Andrewthepika\IdeaProjects\Minefinity\run\wiki_exporter\render\minecraft\tuff_stairs.png
[01Oct2026 19:46:18.322] [IO-Worker-3/DEBUG] [org.sinytra.wiki.exporter.render.ImageWriter/]: Exported png to: C:\Users\Andrewthepika\IdeaProjects\Minefinity\run\wiki_exporter\render\minecraft\turtle_spawn_egg.png
[01Oct2026 19:46:18.328] [IO-Worker-2/DEBUG] [org.sinytra.wiki.exporter.render.ImageWriter/]: Exported png to: C:\Users\Andrewthepika\IdeaProjects\Minefinity\run\wiki_exporter\render\minecraft\mangrove_door.png
[01Oct2026 19:46:18.335] [IO-Worker-8/DEBUG] [org.sinytra.wiki.exporter.render.ImageWriter/]: Exported png to: C:\Users\Andrewthepika\IdeaProjects\Minefinity\run\wiki_exporter\render\minecraft\raw_copper.png
[01Oct2026 19:46:18.337] [IO-Worker-4/DEBUG] [org.sinytra.wiki.exporter.render.ImageWriter/]: Exported png to: C:\Users\Andrewthepika\IdeaProjects\Minefinity\run\wiki_exporter\render\minecraft\spruce_planks.png
[01Oct2026 19:46:18.337] [IO-Worker-6/DEBUG] [org.sinytra.wiki.exporter.render.ImageWriter/]: Exported png to: C:\Users\Andrewthepika\IdeaProjects\Minefinity\run\wiki_exporter\render\minecraft\purple_stained_glass.png
[01Oct2026 19:46:18.342] [IO-Worker-9/DEBUG] [org.sinytra.wiki.exporter.render.ImageWriter/]: Exported png to: C:\Users\Andrewthepika\IdeaProjects\Minefinity\run\wiki_exporter\render\minecraft\emerald.png
[01Oct2026 19:46:18.343] [IO-Worker-7/DEBUG] [org.sinytra.wiki.exporter.render.ImageWriter/]: Exported png to: C:\Users\Andrewthepika\IdeaProjects\Minefinity\run\wiki_exporter\render\minecraft\crimson_door.png
[01Oct2026 19:46:18.346] [IO-Worker-12/DEBUG] [org.sinytra.wiki.exporter.render.ImageWriter/]: Exported png to: C:\Users\Andrewthepika\IdeaProjects\Minefinity\run\wiki_exporter\render\minecraft\brain_coral.png
[01Oct2026 19:46:18.346] [IO-Worker-13/DEBUG] [org.sinytra.wiki.exporter.render.ImageWriter/]: Exported png to: C:\Users\Andrewthepika\IdeaProjects\Minefinity\run\wiki_exporter\render\minecraft\brown_shulker_box.png
[01Oct2026 19:46:18.350] [IO-Worker-11/DEBUG] [org.sinytra.wiki.exporter.render.ImageWriter/]: Exported png to: C:\Users\Andrewthepika\IdeaProjects\Minefinity\run\wiki_exporter\render\minecraft\mule_spawn_egg.png
[01Oct2026 19:46:18.363] [IO-Worker-4/DEBUG] [org.sinytra.wiki.exporter.render.ImageWriter/]: Exported png to: C:\Users\Andrewthepika\IdeaProjects\Minefinity\run\wiki_exporter\render\minecraft\prismarine_stairs.png
[01Oct2026 19:46:18.366] [IO-Worker-2/DEBUG] [org.sinytra.wiki.exporter.render.ImageWriter/]: Exported png to: C:\Users\Andrewthepika\IdeaProjects\Minefinity\run\wiki_exporter\render\minecraft\netherite_ingot.png
[01Oct2026 19:46:18.368] [IO-Worker-7/DEBUG] [org.sinytra.wiki.exporter.render.ImageWriter/]: Exported png to: C:\Users\Andrewthepika\IdeaProjects\Minefinity\run\wiki_exporter\render\minecraft\weathered_chiseled_copper.png
[01Oct2026 19:46:18.371] [IO-Worker-8/DEBUG] [org.sinytra.wiki.exporter.render.ImageWriter/]: Exported png to: C:\Users\Andrewthepika\IdeaProjects\Minefinity\run\wiki_exporter\render\minecraft\music_disc_blocks.png
[01Oct2026 19:46:18.372] [IO-Worker-13/DEBUG] [org.sinytra.wiki.exporter.render.ImageWriter/]: Exported png to: C:\Users\Andrewthepika\IdeaProjects\Minefinity\run\wiki_exporter\render\minecraft\stripped_mangrove_wood.png
[01Oct2026 19:46:18.376] [IO-Worker-6/DEBUG] [org.sinytra.wiki.exporter.render.ImageWriter/]: Exported png to: C:\Users\Andrewthepika\IdeaProjects\Minefinity\run\wiki_exporter\render\minecraft\ward_armor_trim_smithing_template.png
[01Oct2026 19:46:18.377] [IO-Worker-12/DEBUG] [org.sinytra.wiki.exporter.render.ImageWriter/]: Exported png to: C:\Users\Andrewthepika\IdeaProjects\Minefinity\run\wiki_exporter\render\minecraft\chipped_anvil.png
[01Oct2026 19:46:18.382] [IO-Worker-3/DEBUG] [org.sinytra.wiki.exporter.render.ImageWriter/]: Exported png to: C:\Users\Andrewthepika\IdeaProjects\Minefinity\run\wiki_exporter\render\minecraft\smooth_quartz_slab.png
[01Oct2026 19:46:18.382] [IO-Worker-1/DEBUG] [org.sinytra.wiki.exporter.render.ImageWriter/]: Exported png to: C:\Users\Andrewthepika\IdeaProjects\Minefinity\run\wiki_exporter\render\minecraft\dark_prismarine_slab.png
[01Oct2026 19:46:18.383] [IO-Worker-9/DEBUG] [org.sinytra.wiki.exporter.render.ImageWriter/]: Exported png to: C:\Users\Andrewthepika\IdeaProjects\Minefinity\run\wiki_exporter\render\minecraft\horn_coral_fan.png
[01Oct2026 19:46:18.385] [IO-Worker-11/DEBUG] [org.sinytra.wiki.exporter.render.ImageWriter/]: Exported png to: C:\Users\Andrewthepika\IdeaProjects\Minefinity\run\wiki_exporter\render\minecraft\golden_sword.png
[01Oct2026 19:46:18.401] [IO-Worker-4/DEBUG] [org.sinytra.wiki.exporter.render.ImageWriter/]: Exported png to: C:\Users\Andrewthepika\IdeaProjects\Minefinity\run\wiki_exporter\render\minecraft\tripwire_hook.png
[01Oct2026 19:46:18.403] [IO-Worker-2/DEBUG] [org.sinytra.wiki.exporter.render.ImageWriter/]: Exported png to: C:\Users\Andrewthepika\IdeaProjects\Minefinity\run\wiki_exporter\render\minecraft\polished_blackstone_brick_wall.png
[01Oct2026 19:46:18.406] [IO-Worker-12/DEBUG] [org.sinytra.wiki.exporter.render.ImageWriter/]: Exported png to: C:\Users\Andrewthepika\IdeaProjects\Minefinity\run\wiki_exporter\render\minecraft\red_sandstone_wall.png
[01Oct2026 19:46:18.406] [IO-Worker-7/DEBUG] [org.sinytra.wiki.exporter.render.ImageWriter/]: Exported png to: C:\Users\Andrewthepika\IdeaProjects\Minefinity\run\wiki_exporter\render\minecraft\goat_horn.png
[01Oct2026 19:46:18.407] [IO-Worker-8/DEBUG] [org.sinytra.wiki.exporter.render.ImageWriter/]: Exported png to: C:\Users\Andrewthepika\IdeaProjects\Minefinity\run\wiki_exporter\render\minecraft\rabbit_hide.png
[01Oct2026 19:46:18.409] [IO-Worker-13/DEBUG] [org.sinytra.wiki.exporter.render.ImageWriter/]: Exported png to: C:\Users\Andrewthepika\IdeaProjects\Minefinity\run\wiki_exporter\render\minecraft\pink_petals.png
[01Oct2026 19:46:18.410] [IO-Worker-11/DEBUG] [org.sinytra.wiki.exporter.render.ImageWriter/]: Exported png to: C:\Users\Andrewthepika\IdeaProjects\Minefinity\run\wiki_exporter\render\minecraft\dragon_head.png
[01Oct2026 19:46:18.415] [IO-Worker-5/DEBUG] [org.sinytra.wiki.exporter.render.ImageWriter/]: Exported png to: C:\Users\Andrewthepika\IdeaProjects\Minefinity\run\wiki_exporter\render\minecraft\dark_oak_boat.png
[01Oct2026 19:46:18.416] [IO-Worker-6/DEBUG] [org.sinytra.wiki.exporter.render.ImageWriter/]: Exported png to: C:\Users\Andrewthepika\IdeaProjects\Minefinity\run\wiki_exporter\render\minecraft\raw_iron.png
[01Oct2026 19:46:18.418] [IO-Worker-1/DEBUG] [org.sinytra.wiki.exporter.render.ImageWriter/]: Exported png to: C:\Users\Andrewthepika\IdeaProjects\Minefinity\run\wiki_exporter\render\minecraft\iron_block.png
[01Oct2026 19:46:18.422] [IO-Worker-9/DEBUG] [org.sinytra.wiki.exporter.render.ImageWriter/]: Exported png to: C:\Users\Andrewthepika\IdeaProjects\Minefinity\run\wiki_exporter\render\minecraft\birch_sapling.png
[01Oct2026 19:46:18.427] [IO-Worker-2/DEBUG] [org.sinytra.wiki.exporter.render.ImageWriter/]: Exported png to: C:\Users\Andrewthepika\IdeaProjects\Minefinity\run\wiki_exporter\render\minecraft\birch_log.png
[01Oct2026 19:46:18.432] [IO-Worker-13/DEBUG] [org.sinytra.wiki.exporter.render.ImageWriter/]: Exported png to: C:\Users\Andrewthepika\IdeaProjects\Minefinity\run\wiki_exporter\render\minecraft\waxed_oxidized_cut_copper_stairs.png
[01Oct2026 19:46:18.433] [IO-Worker-8/DEBUG] [org.sinytra.wiki.exporter.render.ImageWriter/]: Exported png to: C:\Users\Andrewthepika\IdeaProjects\Minefinity\run\wiki_exporter\render\minecraft\snow_block.png
[01Oct2026 19:46:18.442] [IO-Worker-7/DEBUG] [org.sinytra.wiki.exporter.render.ImageWriter/]: Exported png to: C:\Users\Andrewthepika\IdeaProjects\Minefinity\run\wiki_exporter\render\minecraft\heart_pottery_sherd.png
[01Oct2026 19:46:18.443] [IO-Worker-5/DEBUG] [org.sinytra.wiki.exporter.render.ImageWriter/]: Exported png to: C:\Users\Andrewthepika\IdeaProjects\Minefinity\run\wiki_exporter\render\minecraft\waxed_weathered_cut_copper.png
[01Oct2026 19:46:18.446] [IO-Worker-11/DEBUG] [org.sinytra.wiki.exporter.render.ImageWriter/]: Exported png to: C:\Users\Andrewthepika\IdeaProjects\Minefinity\run\wiki_exporter\render\minecraft\trial_key.png
[01Oct2026 19:46:18.451] [IO-Worker-4/DEBUG] [org.sinytra.wiki.exporter.render.ImageWriter/]: Exported png to: C:\Users\Andrewthepika\IdeaProjects\Minefinity\run\wiki_exporter\render\minecraft\sentry_armor_trim_smithing_template.png
[01Oct2026 19:46:18.452] [IO-Worker-6/DEBUG] [org.sinytra.wiki.exporter.render.ImageWriter/]: Exported png to: C:\Users\Andrewthepika\IdeaProjects\Minefinity\run\wiki_exporter\render\minecraft\music_disc_stal.png
[01Oct2026 19:46:18.453] [IO-Worker-2/DEBUG] [org.sinytra.wiki.exporter.render.ImageWriter/]: Exported png to: C:\Users\Andrewthepika\IdeaProjects\Minefinity\run\wiki_exporter\render\minecraft\dead_bubble_coral_block.png
[01Oct2026 19:46:18.453] [IO-Worker-1/DEBUG] [org.sinytra.wiki.exporter.render.ImageWriter/]: Exported png to: C:\Users\Andrewthepika\IdeaProjects\Minefinity\run\wiki_exporter\render\minecraft\glowstone_dust.png
[01Oct2026 19:46:18.456] [IO-Worker-12/DEBUG] [org.sinytra.wiki.exporter.render.ImageWriter/]: Exported png to: C:\Users\Andrewthepika\IdeaProjects\Minefinity\run\wiki_exporter\render\minecraft\rib_armor_trim_smithing_template.png
[01Oct2026 19:46:18.458] [IO-Worker-9/DEBUG] [org.sinytra.wiki.exporter.render.ImageWriter/]: Exported png to: C:\Users\Andrewthepika\IdeaProjects\Minefinity\run\wiki_exporter\render\minecraft\music_disc_strad.png
[01Oct2026 19:46:18.461] [IO-Worker-13/DEBUG] [org.sinytra.wiki.exporter.render.ImageWriter/]: Exported png to: C:\Users\Andrewthepika\IdeaProjects\Minefinity\run\wiki_exporter\render\minecraft\azalea.png
[01Oct2026 19:46:18.461] [IO-Worker-3/DEBUG] [org.sinytra.wiki.exporter.render.ImageWriter/]: Exported png to: C:\Users\Andrewthepika\IdeaProjects\Minefinity\run\wiki_exporter\render\minecraft\magenta_dye.png
[01Oct2026 19:46:18.469] [IO-Worker-8/DEBUG] [org.sinytra.wiki.exporter.render.ImageWriter/]: Exported png to: C:\Users\Andrewthepika\IdeaProjects\Minefinity\run\wiki_exporter\render\minecraft\crossbow.png
[01Oct2026 19:46:18.480] [IO-Worker-1/DEBUG] [org.sinytra.wiki.exporter.render.ImageWriter/]: Exported png to: C:\Users\Andrewthepika\IdeaProjects\Minefinity\run\wiki_exporter\render\minecraft\acacia_fence.png
[01Oct2026 19:46:18.481] [IO-Worker-12/DEBUG] [org.sinytra.wiki.exporter.render.ImageWriter/]: Exported png to: C:\Users\Andrewthepika\IdeaProjects\Minefinity\run\wiki_exporter\render\minecraft\sandstone_slab.png
[01Oct2026 19:46:18.488] [IO-Worker-13/DEBUG] [org.sinytra.wiki.exporter.render.ImageWriter/]: Exported png to: C:\Users\Andrewthepika\IdeaProjects\Minefinity\run\wiki_exporter\render\minecraft\tuff_brick_stairs.png
[01Oct2026 19:46:18.494] [IO-Worker-9/DEBUG] [org.sinytra.wiki.exporter.render.ImageWriter/]: Exported png to: C:\Users\Andrewthepika\IdeaProjects\Minefinity\run\wiki_exporter\render\minecraft\warden_spawn_egg.png
[01Oct2026 19:46:18.496] [IO-Worker-2/DEBUG] [org.sinytra.wiki.exporter.render.ImageWriter/]: Exported png to: C:\Users\Andrewthepika\IdeaProjects\Minefinity\run\wiki_exporter\render\minecraft\guster_pottery_sherd.png
[01Oct2026 19:46:18.498] [IO-Worker-6/DEBUG] [org.sinytra.wiki.exporter.render.ImageWriter/]: Exported png to: C:\Users\Andrewthepika\IdeaProjects\Minefinity\run\wiki_exporter\render\minecraft\moss_carpet.png
[01Oct2026 19:46:18.498] [IO-Worker-3/DEBUG] [org.sinytra.wiki.exporter.render.ImageWriter/]: Exported png to: C:\Users\Andrewthepika\IdeaProjects\Minefinity\run\wiki_exporter\render\minecraft\lead.png
[01Oct2026 19:46:18.505] [IO-Worker-8/DEBUG] [org.sinytra.wiki.exporter.render.ImageWriter/]: Exported png to: C:\Users\Andrewthepika\IdeaProjects\Minefinity\run\wiki_exporter\render\minecraft\black_banner.png
[01Oct2026 19:46:18.507] [IO-Worker-4/DEBUG] [org.sinytra.wiki.exporter.render.ImageWriter/]: Exported png to: C:\Users\Andrewthepika\IdeaProjects\Minefinity\run\wiki_exporter\render\minecraft\brown_banner.png
[01Oct2026 19:46:18.521] [IO-Worker-2/DEBUG] [org.sinytra.wiki.exporter.render.ImageWriter/]: Exported png to: C:\Users\Andrewthepika\IdeaProjects\Minefinity\run\wiki_exporter\render\minecraft\smooth_sandstone_slab.png
[01Oct2026 19:46:18.526] [IO-Worker-1/DEBUG] [org.sinytra.wiki.exporter.render.ImageWriter/]: Exported png to: C:\Users\Andrewthepika\IdeaProjects\Minefinity\run\wiki_exporter\render\minecraft\stone_stairs.png
[01Oct2026 19:46:18.526] [IO-Worker-13/DEBUG] [org.sinytra.wiki.exporter.render.ImageWriter/]: Exported png to: C:\Users\Andrewthepika\IdeaProjects\Minefinity\run\wiki_exporter\render\minecraft\mutton.png
[01Oct2026 19:46:18.529] [IO-Worker-9/DEBUG] [org.sinytra.wiki.exporter.render.ImageWriter/]: Exported png to: C:\Users\Andrewthepika\IdeaProjects\Minefinity\run\wiki_exporter\render\minecraft\black_stained_glass_pane.png
[01Oct2026 19:46:18.530] [IO-Worker-12/DEBUG] [org.sinytra.wiki.exporter.render.ImageWriter/]: Exported png to: C:\Users\Andrewthepika\IdeaProjects\Minefinity\run\wiki_exporter\render\minecraft\waxed_copper_trapdoor.png
[01Oct2026 19:46:18.533] [IO-Worker-3/DEBUG] [org.sinytra.wiki.exporter.render.ImageWriter/]: Exported png to: C:\Users\Andrewthepika\IdeaProjects\Minefinity\run\wiki_exporter\render\minecraft\netherite_shovel.png
[01Oct2026 19:46:18.538] [IO-Worker-6/DEBUG] [org.sinytra.wiki.exporter.render.ImageWriter/]: Exported png to: C:\Users\Andrewthepika\IdeaProjects\Minefinity\run\wiki_exporter\render\minecraft\spyglass.png
[01Oct2026 19:46:18.540] [IO-Worker-8/DEBUG] [org.sinytra.wiki.exporter.render.ImageWriter/]: Exported png to: C:\Users\Andrewthepika\IdeaProjects\Minefinity\run\wiki_exporter\render\minecraft\tnt_minecart.png
[01Oct2026 19:46:18.543] [IO-Worker-4/DEBUG] [org.sinytra.wiki.exporter.render.ImageWriter/]: Exported png to: C:\Users\Andrewthepika\IdeaProjects\Minefinity\run\wiki_exporter\render\minecraft\torchflower.png
[01Oct2026 19:46:18.548] [IO-Worker-2/DEBUG] [org.sinytra.wiki.exporter.render.ImageWriter/]: Exported png to: C:\Users\Andrewthepika\IdeaProjects\Minefinity\run\wiki_exporter\render\minecraft\yellow_terracotta.png
[01Oct2026 19:46:18.552] [IO-Worker-13/DEBUG] [org.sinytra.wiki.exporter.render.ImageWriter/]: Exported png to: C:\Users\Andrewthepika\IdeaProjects\Minefinity\run\wiki_exporter\render\minecraft\respawn_anchor.png
[01Oct2026 19:46:18.564] [IO-Worker-6/DEBUG] [org.sinytra.wiki.exporter.render.ImageWriter/]: Exported png to: C:\Users\Andrewthepika\IdeaProjects\Minefinity\run\wiki_exporter\render\minecraft\magenta_glazed_terracotta.png
[01Oct2026 19:46:18.568] [IO-Worker-12/DEBUG] [org.sinytra.wiki.exporter.render.ImageWriter/]: Exported png to: C:\Users\Andrewthepika\IdeaProjects\Minefinity\run\wiki_exporter\render\minecraft\bone.png
[01Oct2026 19:46:18.569] [IO-Worker-3/DEBUG] [org.sinytra.wiki.exporter.render.ImageWriter/]: Exported png to: C:\Users\Andrewthepika\IdeaProjects\Minefinity\run\wiki_exporter\render\minecraft\wolf_armor.png
[01Oct2026 19:46:18.572] [IO-Worker-9/DEBUG] [org.sinytra.wiki.exporter.render.ImageWriter/]: Exported png to: C:\Users\Andrewthepika\IdeaProjects\Minefinity\run\wiki_exporter\render\minecraft\mossy_stone_brick_wall.png
[01Oct2026 19:46:18.576] [IO-Worker-8/DEBUG] [org.sinytra.wiki.exporter.render.ImageWriter/]: Exported png to: C:\Users\Andrewthepika\IdeaProjects\Minefinity\run\wiki_exporter\render\minecraft\pumpkin_pie.png
[01Oct2026 19:46:18.581] [IO-Worker-4/DEBUG] [org.sinytra.wiki.exporter.render.ImageWriter/]: Exported png to: C:\Users\Andrewthepika\IdeaProjects\Minefinity\run\wiki_exporter\render\minecraft\cherry_sapling.png
[01Oct2026 19:46:18.582] [IO-Worker-2/DEBUG] [org.sinytra.wiki.exporter.render.ImageWriter/]: Exported png to: C:\Users\Andrewthepika\IdeaProjects\Minefinity\run\wiki_exporter\render\minecraft\black_stained_glass.png
[01Oct2026 19:46:18.593] [IO-Worker-3/DEBUG] [org.sinytra.wiki.exporter.render.ImageWriter/]: Exported png to: C:\Users\Andrewthepika\IdeaProjects\Minefinity\run\wiki_exporter\render\minecraft\cracked_polished_blackstone_bricks.png
[01Oct2026 19:46:18.596] [IO-Worker-13/DEBUG] [org.sinytra.wiki.exporter.render.ImageWriter/]: Exported png to: C:\Users\Andrewthepika\IdeaProjects\Minefinity\run\wiki_exporter\render\minecraft\lime_candle.png
[01Oct2026 19:46:18.596] [IO-Worker-9/DEBUG] [org.sinytra.wiki.exporter.render.ImageWriter/]: Exported png to: C:\Users\Andrewthepika\IdeaProjects\Minefinity\run\wiki_exporter\render\minecraft\dark_oak_planks.png
[01Oct2026 19:46:18.600] [IO-Worker-6/DEBUG] [org.sinytra.wiki.exporter.render.ImageWriter/]: Exported png to: C:\Users\Andrewthepika\IdeaProjects\Minefinity\run\wiki_exporter\render\minecraft\iron_golem_spawn_egg.png
[01Oct2026 19:46:18.604] [IO-Worker-4/DEBUG] [org.sinytra.wiki.exporter.render.ImageWriter/]: Exported png to: C:\Users\Andrewthepika\IdeaProjects\Minefinity\run\wiki_exporter\render\minecraft\chiseled_tuff.png
[01Oct2026 19:46:18.605] [IO-Worker-8/DEBUG] [org.sinytra.wiki.exporter.render.ImageWriter/]: Exported png to: C:\Users\Andrewthepika\IdeaProjects\Minefinity\run\wiki_exporter\render\minecraft\crimson_button.png
[01Oct2026 19:46:18.608] [IO-Worker-12/DEBUG] [org.sinytra.wiki.exporter.render.ImageWriter/]: Exported png to: C:\Users\Andrewthepika\IdeaProjects\Minefinity\run\wiki_exporter\render\minecraft\heavy_weighted_pressure_plate.png
[01Oct2026 19:46:18.620] [IO-Worker-2/DEBUG] [org.sinytra.wiki.exporter.render.ImageWriter/]: Exported png to: C:\Users\Andrewthepika\IdeaProjects\Minefinity\run\wiki_exporter\render\minecraft\wheat_seeds.png
[01Oct2026 19:46:18.623] [IO-Worker-1/DEBUG] [org.sinytra.wiki.exporter.render.ImageWriter/]: Exported png to: C:\Users\Andrewthepika\IdeaProjects\Minefinity\run\wiki_exporter\render\minecraft\light_blue_dye.png
[01Oct2026 19:46:18.627] [IO-Worker-6/DEBUG] [org.sinytra.wiki.exporter.render.ImageWriter/]: Exported png to: C:\Users\Andrewthepika\IdeaProjects\Minefinity\run\wiki_exporter\render\minecraft\tnt.png
[01Oct2026 19:46:18.630] [IO-Worker-4/DEBUG] [org.sinytra.wiki.exporter.render.ImageWriter/]: Exported png to: C:\Users\Andrewthepika\IdeaProjects\Minefinity\run\wiki_exporter\render\minecraft\crimson_slab.png
[01Oct2026 19:46:18.632] [IO-Worker-12/DEBUG] [org.sinytra.wiki.exporter.render.ImageWriter/]: Exported png to: C:\Users\Andrewthepika\IdeaProjects\Minefinity\run\wiki_exporter\render\minecraft\lime_terracotta.png
[01Oct2026 19:46:18.643] [IO-Worker-13/DEBUG] [org.sinytra.wiki.exporter.render.ImageWriter/]: Exported png to: C:\Users\Andrewthepika\IdeaProjects\Minefinity\run\wiki_exporter\render\minecraft\dark_oak_fence.png
[01Oct2026 19:46:18.645] [IO-Worker-8/DEBUG] [org.sinytra.wiki.exporter.render.ImageWriter/]: Exported png to: C:\Users\Andrewthepika\IdeaProjects\Minefinity\run\wiki_exporter\render\minecraft\beetroot.png
[01Oct2026 19:46:18.649] [IO-Worker-1/DEBUG] [org.sinytra.wiki.exporter.render.ImageWriter/]: Exported png to: C:\Users\Andrewthepika\IdeaProjects\Minefinity\run\wiki_exporter\render\minecraft\raw_gold_block.png
[01Oct2026 19:46:18.649] [IO-Worker-9/DEBUG] [org.sinytra.wiki.exporter.render.ImageWriter/]: Exported png to: C:\Users\Andrewthepika\IdeaProjects\Minefinity\run\wiki_exporter\render\minecraft\dune_armor_trim_smithing_template.png
[01Oct2026 19:46:18.655] [IO-Worker-11/DEBUG] [org.sinytra.wiki.exporter.render.ImageWriter/]: Exported png to: C:\Users\Andrewthepika\IdeaProjects\Minefinity\run\wiki_exporter\render\minecraft\warped_fence.png
[01Oct2026 19:46:18.655] [IO-Worker-3/DEBUG] [org.sinytra.wiki.exporter.render.ImageWriter/]: Exported png to: C:\Users\Andrewthepika\IdeaProjects\Minefinity\run\wiki_exporter\render\minecraft\prismarine_crystals.png
[01Oct2026 19:46:18.663] [IO-Worker-2/DEBUG] [org.sinytra.wiki.exporter.render.ImageWriter/]: Exported png to: C:\Users\Andrewthepika\IdeaProjects\Minefinity\run\wiki_exporter\render\minecraft\stick.png
[01Oct2026 19:46:18.666] [IO-Worker-6/DEBUG] [org.sinytra.wiki.exporter.render.ImageWriter/]: Exported png to: C:\Users\Andrewthepika\IdeaProjects\Minefinity\run\wiki_exporter\render\minecraft\glow_ink_sac.png
[01Oct2026 19:46:18.667] [IO-Worker-5/DEBUG] [org.sinytra.wiki.exporter.render.ImageWriter/]: Exported png to: C:\Users\Andrewthepika\IdeaProjects\Minefinity\run\wiki_exporter\render\minecraft\white_carpet.png
[01Oct2026 19:46:18.670] [IO-Worker-4/DEBUG] [org.sinytra.wiki.exporter.render.ImageWriter/]: Exported png to: C:\Users\Andrewthepika\IdeaProjects\Minefinity\run\wiki_exporter\render\minecraft\netherite_helmet.png
[01Oct2026 19:46:18.672] [IO-Worker-12/DEBUG] [org.sinytra.wiki.exporter.render.ImageWriter/]: Exported png to: C:\Users\Andrewthepika\IdeaProjects\Minefinity\run\wiki_exporter\render\minecraft\music_disc_wait.png
[01Oct2026 19:46:18.675] [IO-Worker-1/DEBUG] [org.sinytra.wiki.exporter.render.ImageWriter/]: Exported png to: C:\Users\Andrewthepika\IdeaProjects\Minefinity\run\wiki_exporter\render\minecraft\sculk_catalyst.png
[01Oct2026 19:46:18.679] [IO-Worker-8/DEBUG] [org.sinytra.wiki.exporter.render.ImageWriter/]: Exported png to: C:\Users\Andrewthepika\IdeaProjects\Minefinity\run\wiki_exporter\render\minecraft\weathered_copper.png
[01Oct2026 19:46:18.684] [IO-Worker-11/DEBUG] [org.sinytra.wiki.exporter.render.ImageWriter/]: Exported png to: C:\Users\Andrewthepika\IdeaProjects\Minefinity\run\wiki_exporter\render\minecraft\magenta_concrete_powder.png
[01Oct2026 19:46:18.686] [IO-Worker-9/DEBUG] [org.sinytra.wiki.exporter.render.ImageWriter/]: Exported png to: C:\Users\Andrewthepika\IdeaProjects\Minefinity\run\wiki_exporter\render\minecraft\amethyst_cluster.png
[01Oct2026 19:46:18.695] [IO-Worker-3/DEBUG] [org.sinytra.wiki.exporter.render.ImageWriter/]: Exported png to: C:\Users\Andrewthepika\IdeaProjects\Minefinity\run\wiki_exporter\render\minecraft\brewing_stand.png
[01Oct2026 19:46:18.696] [IO-Worker-5/DEBUG] [org.sinytra.wiki.exporter.render.ImageWriter/]: Exported png to: C:\Users\Andrewthepika\IdeaProjects\Minefinity\run\wiki_exporter\render\minecraft\red_sandstone_slab.png
[01Oct2026 19:46:18.698] [IO-Worker-12/DEBUG] [org.sinytra.wiki.exporter.render.ImageWriter/]: Exported png to: C:\Users\Andrewthepika\IdeaProjects\Minefinity\run\wiki_exporter\render\minecraft\chiseled_stone_bricks.png
[01Oct2026 19:46:18.701] [IO-Worker-2/DEBUG] [org.sinytra.wiki.exporter.render.ImageWriter/]: Exported png to: C:\Users\Andrewthepika\IdeaProjects\Minefinity\run\wiki_exporter\render\minecraft\ender_eye.png
[01Oct2026 19:46:18.703] [IO-Worker-13/DEBUG] [org.sinytra.wiki.exporter.render.ImageWriter/]: Exported png to: C:\Users\Andrewthepika\IdeaProjects\Minefinity\run\wiki_exporter\render\minecraft\polished_andesite_slab.png
[01Oct2026 19:46:18.704] [IO-Worker-4/DEBUG] [org.sinytra.wiki.exporter.render.ImageWriter/]: Exported png to: C:\Users\Andrewthepika\IdeaProjects\Minefinity\run\wiki_exporter\render\minecraft\stray_spawn_egg.png
[01Oct2026 19:46:18.705] [IO-Worker-8/DEBUG] [org.sinytra.wiki.exporter.render.ImageWriter/]: Exported png to: C:\Users\Andrewthepika\IdeaProjects\Minefinity\run\wiki_exporter\render\minecraft\cartography_table.png
[01Oct2026 19:46:18.708] [IO-Worker-11/DEBUG] [org.sinytra.wiki.exporter.render.ImageWriter/]: Exported png to: C:\Users\Andrewthepika\IdeaProjects\Minefinity\run\wiki_exporter\render\minecraft\white_wool.png
[01Oct2026 19:46:18.709] [IO-Worker-6/DEBUG] [org.sinytra.wiki.exporter.render.ImageWriter/]: Exported png to: C:\Users\Andrewthepika\IdeaProjects\Minefinity\run\wiki_exporter\render\minecraft\seagrass.png
[01Oct2026 19:46:18.712] [IO-Worker-1/DEBUG] [org.sinytra.wiki.exporter.render.ImageWriter/]: Exported png to: C:\Users\Andrewthepika\IdeaProjects\Minefinity\run\wiki_exporter\render\minecraft\gunpowder.png
[01Oct2026 19:46:18.717] [IO-Worker-9/DEBUG] [org.sinytra.wiki.exporter.render.ImageWriter/]: Exported png to: C:\Users\Andrewthepika\IdeaProjects\Minefinity\run\wiki_exporter\render\minecraft\bamboo_trapdoor.png
[01Oct2026 19:46:18.722] [IO-Worker-12/DEBUG] [org.sinytra.wiki.exporter.render.ImageWriter/]: Exported png to: C:\Users\Andrewthepika\IdeaProjects\Minefinity\run\wiki_exporter\render\minecraft\crafter.png
[01Oct2026 19:46:18.724] [IO-Worker-5/DEBUG] [org.sinytra.wiki.exporter.render.ImageWriter/]: Exported png to: C:\Users\Andrewthepika\IdeaProjects\Minefinity\run\wiki_exporter\render\minecraft\purple_concrete_powder.png
[01Oct2026 19:46:18.727] [IO-Worker-8/DEBUG] [org.sinytra.wiki.exporter.render.ImageWriter/]: Exported png to: C:\Users\Andrewthepika\IdeaProjects\Minefinity\run\wiki_exporter\render\minecraft\light_blue_wool.png
[01Oct2026 19:46:18.727] [IO-Worker-2/DEBUG] [org.sinytra.wiki.exporter.render.ImageWriter/]: Exported png to: C:\Users\Andrewthepika\IdeaProjects\Minefinity\run\wiki_exporter\render\minecraft\stripped_birch_log.png
[01Oct2026 19:46:18.736] [IO-Worker-11/DEBUG] [org.sinytra.wiki.exporter.render.ImageWriter/]: Exported png to: C:\Users\Andrewthepika\IdeaProjects\Minefinity\run\wiki_exporter\render\minecraft\heavy_core.png
[01Oct2026 19:46:18.737] [IO-Worker-1/DEBUG] [org.sinytra.wiki.exporter.render.ImageWriter/]: Exported png to: C:\Users\Andrewthepika\IdeaProjects\Minefinity\run\wiki_exporter\render\minecraft\oak_wood.png
[01Oct2026 19:46:18.738] [IO-Worker-6/DEBUG] [org.sinytra.wiki.exporter.render.ImageWriter/]: Exported png to: C:\Users\Andrewthepika\IdeaProjects\Minefinity\run\wiki_exporter\render\minecraft\warped_stem.png
[01Oct2026 19:46:18.741] [IO-Worker-13/DEBUG] [org.sinytra.wiki.exporter.render.ImageWriter/]: Exported png to: C:\Users\Andrewthepika\IdeaProjects\Minefinity\run\wiki_exporter\render\minecraft\yellow_dye.png
[01Oct2026 19:46:18.744] [IO-Worker-12/DEBUG] [org.sinytra.wiki.exporter.render.ImageWriter/]: Exported png to: C:\Users\Andrewthepika\IdeaProjects\Minefinity\run\wiki_exporter\render\minecraft\oak_stairs.png
[01Oct2026 19:46:18.752] [IO-Worker-9/DEBUG] [org.sinytra.wiki.exporter.render.ImageWriter/]: Exported png to: C:\Users\Andrewthepika\IdeaProjects\Minefinity\run\wiki_exporter\render\minecraft\armadillo_scute.png
[01Oct2026 19:46:18.755] [IO-Worker-2/DEBUG] [org.sinytra.wiki.exporter.render.ImageWriter/]: Exported png to: C:\Users\Andrewthepika\IdeaProjects\Minefinity\run\wiki_exporter\render\minecraft\jungle_trapdoor.png
[01Oct2026 19:46:18.759] [IO-Worker-8/DEBUG] [org.sinytra.wiki.exporter.render.ImageWriter/]: Exported png to: C:\Users\Andrewthepika\IdeaProjects\Minefinity\run\wiki_exporter\render\minecraft\purple_bed.png
[01Oct2026 19:46:18.770] [IO-Worker-5/DEBUG] [org.sinytra.wiki.exporter.render.ImageWriter/]: Exported png to: C:\Users\Andrewthepika\IdeaProjects\Minefinity\run\wiki_exporter\render\minecraft\music_disc_precipice.png
[01Oct2026 19:46:18.771] [IO-Worker-13/DEBUG] [org.sinytra.wiki.exporter.render.ImageWriter/]: Exported png to: C:\Users\Andrewthepika\IdeaProjects\Minefinity\run\wiki_exporter\render\minecraft\birch_leaves.png
[01Oct2026 19:46:18.772] [IO-Worker-1/DEBUG] [org.sinytra.wiki.exporter.render.ImageWriter/]: Exported png to: C:\Users\Andrewthepika\IdeaProjects\Minefinity\run\wiki_exporter\render\minecraft\torch.png
[01Oct2026 19:46:18.776] [IO-Worker-6/DEBUG] [org.sinytra.wiki.exporter.render.ImageWriter/]: Exported png to: C:\Users\Andrewthepika\IdeaProjects\Minefinity\run\wiki_exporter\render\minecraft\jungle_hanging_sign.png
[01Oct2026 19:46:18.777] [IO-Worker-11/DEBUG] [org.sinytra.wiki.exporter.render.ImageWriter/]: Exported png to: C:\Users\Andrewthepika\IdeaProjects\Minefinity\run\wiki_exporter\render\minecraft\quartz_pillar.png
[01Oct2026 19:46:18.779] [IO-Worker-9/DEBUG] [org.sinytra.wiki.exporter.render.ImageWriter/]: Exported png to: C:\Users\Andrewthepika\IdeaProjects\Minefinity\run\wiki_exporter\render\minecraft\cut_copper.png
[01Oct2026 19:46:18.782] [IO-Worker-8/DEBUG] [org.sinytra.wiki.exporter.render.ImageWriter/]: Exported png to: C:\Users\Andrewthepika\IdeaProjects\Minefinity\run\wiki_exporter\render\minecraft\dark_prismarine.png
[01Oct2026 19:46:18.783] [IO-Worker-12/DEBUG] [org.sinytra.wiki.exporter.render.ImageWriter/]: Exported png to: C:\Users\Andrewthepika\IdeaProjects\Minefinity\run\wiki_exporter\render\minecraft\lantern.png
[01Oct2026 19:46:18.788] [IO-Worker-4/DEBUG] [org.sinytra.wiki.exporter.render.ImageWriter/]: Exported png to: C:\Users\Andrewthepika\IdeaProjects\Minefinity\run\wiki_exporter\render\minecraft\netherite_pickaxe.png
[01Oct2026 19:46:18.801] [IO-Worker-2/DEBUG] [org.sinytra.wiki.exporter.render.ImageWriter/]: Exported png to: C:\Users\Andrewthepika\IdeaProjects\Minefinity\run\wiki_exporter\render\minecraft\arrow.png
[01Oct2026 19:46:18.802] [IO-Worker-9/DEBUG] [org.sinytra.wiki.exporter.render.ImageWriter/]: Exported png to: C:\Users\Andrewthepika\IdeaProjects\Minefinity\run\wiki_exporter\render\minecraft\cyan_shulker_box.png
[01Oct2026 19:46:18.802] [IO-Worker-6/DEBUG] [org.sinytra.wiki.exporter.render.ImageWriter/]: Exported png to: C:\Users\Andrewthepika\IdeaProjects\Minefinity\run\wiki_exporter\render\minecraft\waxed_weathered_copper.png
[01Oct2026 19:46:18.806] [IO-Worker-1/DEBUG] [org.sinytra.wiki.exporter.render.ImageWriter/]: Exported png to: C:\Users\Andrewthepika\IdeaProjects\Minefinity\run\wiki_exporter\render\minecraft\diamond_boots.png
[01Oct2026 19:46:18.811] [IO-Worker-8/DEBUG] [org.sinytra.wiki.exporter.render.ImageWriter/]: Exported png to: C:\Users\Andrewthepika\IdeaProjects\Minefinity\run\wiki_exporter\render\minecraft\player_head.png
[01Oct2026 19:46:18.814] [IO-Worker-11/DEBUG] [org.sinytra.wiki.exporter.render.ImageWriter/]: Exported png to: C:\Users\Andrewthepika\IdeaProjects\Minefinity\run\wiki_exporter\render\minecraft\quartz_stairs.png
[01Oct2026 19:46:18.814] [IO-Worker-4/DEBUG] [org.sinytra.wiki.exporter.render.ImageWriter/]: Exported png to: C:\Users\Andrewthepika\IdeaProjects\Minefinity\run\wiki_exporter\render\minecraft\brown_terracotta.png
[01Oct2026 19:46:18.815] [IO-Worker-13/DEBUG] [org.sinytra.wiki.exporter.render.ImageWriter/]: Exported png to: C:\Users\Andrewthepika\IdeaProjects\Minefinity\run\wiki_exporter\render\minecraft\waxed_oxidized_chiseled_copper.png
[01Oct2026 19:46:18.820] [IO-Worker-12/DEBUG] [org.sinytra.wiki.exporter.render.ImageWriter/]: Exported png to: C:\Users\Andrewthepika\IdeaProjects\Minefinity\run\wiki_exporter\render\minecraft\villager_spawn_egg.png
[01Oct2026 19:46:18.827] [IO-Worker-3/DEBUG] [org.sinytra.wiki.exporter.render.ImageWriter/]: Exported png to: C:\Users\Andrewthepika\IdeaProjects\Minefinity\run\wiki_exporter\render\minecraft\end_crystal.png
[01Oct2026 19:46:18.832] [IO-Worker-5/DEBUG] [org.sinytra.wiki.exporter.render.ImageWriter/]: Exported png to: C:\Users\Andrewthepika\IdeaProjects\Minefinity\run\wiki_exporter\render\minecraft\magenta_stained_glass_pane.png
[01Oct2026 19:46:18.832] [IO-Worker-7/DEBUG] [org.sinytra.wiki.exporter.render.ImageWriter/]: Exported png to: C:\Users\Andrewthepika\IdeaProjects\Minefinity\run\wiki_exporter\render\minecraft\purple_banner.png
[01Oct2026 19:46:18.832] [IO-Worker-1/DEBUG] [org.sinytra.wiki.exporter.render.ImageWriter/]: Exported png to: C:\Users\Andrewthepika\IdeaProjects\Minefinity\run\wiki_exporter\render\minecraft\waxed_oxidized_copper.png
[01Oct2026 19:46:18.836] [IO-Worker-10/DEBUG] [org.sinytra.wiki.exporter.render.ImageWriter/]: Exported png to: C:\Users\Andrewthepika\IdeaProjects\Minefinity\run\wiki_exporter\render\minecraft\panda_spawn_egg.png
[01Oct2026 19:46:18.837] [IO-Worker-14/DEBUG] [org.sinytra.wiki.exporter.render.ImageWriter/]: Exported png to: C:\Users\Andrewthepika\IdeaProjects\Minefinity\run\wiki_exporter\render\minecraft\ink_sac.png
[01Oct2026 19:46:18.841] [IO-Worker-4/DEBUG] [org.sinytra.wiki.exporter.render.ImageWriter/]: Exported png to: C:\Users\Andrewthepika\IdeaProjects\Minefinity\run\wiki_exporter\render\minecraft\light_gray_glazed_terracotta.png
[01Oct2026 19:46:18.841] [IO-Worker-8/DEBUG] [org.sinytra.wiki.exporter.render.ImageWriter/]: Exported png to: C:\Users\Andrewthepika\IdeaProjects\Minefinity\run\wiki_exporter\render\minecraft\sculk_sensor.png
[01Oct2026 19:46:18.842] [IO-Worker-13/DEBUG] [org.sinytra.wiki.exporter.render.ImageWriter/]: Exported png to: C:\Users\Andrewthepika\IdeaProjects\Minefinity\run\wiki_exporter\render\minecraft\mossy_cobblestone_wall.png
[01Oct2026 19:46:18.859] [IO-Worker-1/DEBUG] [org.sinytra.wiki.exporter.render.ImageWriter/]: Exported png to: C:\Users\Andrewthepika\IdeaProjects\Minefinity\run\wiki_exporter\render\minecraft\stone_brick_slab.png
[01Oct2026 19:46:18.860] [IO-Worker-10/DEBUG] [org.sinytra.wiki.exporter.render.ImageWriter/]: Exported png to: C:\Users\Andrewthepika\IdeaProjects\Minefinity\run\wiki_exporter\render\minecraft\infested_chiseled_stone_bricks.png
[01Oct2026 19:46:18.865] [IO-Worker-3/DEBUG] [org.sinytra.wiki.exporter.render.ImageWriter/]: Exported png to: C:\Users\Andrewthepika\IdeaProjects\Minefinity\run\wiki_exporter\render\minecraft\ghast_spawn_egg.png
[01Oct2026 19:46:18.866] [IO-Worker-13/DEBUG] [org.sinytra.wiki.exporter.render.ImageWriter/]: Exported png to: C:\Users\Andrewthepika\IdeaProjects\Minefinity\run\wiki_exporter\render\minecraft\orange_terracotta.png
[01Oct2026 19:46:18.873] [IO-Worker-7/DEBUG] [org.sinytra.wiki.exporter.render.ImageWriter/]: Exported png to: C:\Users\Andrewthepika\IdeaProjects\Minefinity\run\wiki_exporter\render\minecraft\glow_lichen.png
[01Oct2026 19:46:18.873] [IO-Worker-5/DEBUG] [org.sinytra.wiki.exporter.render.ImageWriter/]: Exported png to: C:\Users\Andrewthepika\IdeaProjects\Minefinity\run\wiki_exporter\render\minecraft\light_gray_terracotta.png
[01Oct2026 19:46:18.874] [IO-Worker-14/DEBUG] [org.sinytra.wiki.exporter.render.ImageWriter/]: Exported png to: C:\Users\Andrewthepika\IdeaProjects\Minefinity\run\wiki_exporter\render\minecraft\frogspawn.png
[01Oct2026 19:46:18.879] [IO-Worker-8/DEBUG] [org.sinytra.wiki.exporter.render.ImageWriter/]: Exported png to: C:\Users\Andrewthepika\IdeaProjects\Minefinity\run\wiki_exporter\render\minecraft\leather_helmet.png
[01Oct2026 19:46:18.881] [IO-Worker-4/DEBUG] [org.sinytra.wiki.exporter.render.ImageWriter/]: Exported png to: C:\Users\Andrewthepika\IdeaProjects\Minefinity\run\wiki_exporter\render\minecraft\turtle_egg.png
[01Oct2026 19:46:18.884] [IO-Worker-1/DEBUG] [org.sinytra.wiki.exporter.render.ImageWriter/]: Exported png to: C:\Users\Andrewthepika\IdeaProjects\Minefinity\run\wiki_exporter\render\minecraft\raw_iron_block.png
[01Oct2026 19:46:18.886] [IO-Worker-10/DEBUG] [org.sinytra.wiki.exporter.render.ImageWriter/]: Exported png to: C:\Users\Andrewthepika\IdeaProjects\Minefinity\run\wiki_exporter\render\minecraft\dark_prismarine_stairs.png
[01Oct2026 19:46:18.899] [IO-Worker-14/DEBUG] [org.sinytra.wiki.exporter.render.ImageWriter/]: Exported png to: C:\Users\Andrewthepika\IdeaProjects\Minefinity\run\wiki_exporter\render\minecraft\cobbled_deepslate_slab.png
[01Oct2026 19:46:18.901] [IO-Worker-5/DEBUG] [org.sinytra.wiki.exporter.render.ImageWriter/]: Exported png to: C:\Users\Andrewthepika\IdeaProjects\Minefinity\run\wiki_exporter\render\minecraft\dark_oak_leaves.png
[01Oct2026 19:46:18.902] [IO-Worker-13/DEBUG] [org.sinytra.wiki.exporter.render.ImageWriter/]: Exported png to: C:\Users\Andrewthepika\IdeaProjects\Minefinity\run\wiki_exporter\render\minecraft\parrot_spawn_egg.png
[01Oct2026 19:46:18.904] [IO-Worker-4/DEBUG] [org.sinytra.wiki.exporter.render.ImageWriter/]: Exported png to: C:\Users\Andrewthepika\IdeaProjects\Minefinity\run\wiki_exporter\render\minecraft\deepslate_redstone_ore.png
[01Oct2026 19:46:18.906] [IO-Worker-8/DEBUG] [org.sinytra.wiki.exporter.render.ImageWriter/]: Exported png to: C:\Users\Andrewthepika\IdeaProjects\Minefinity\run\wiki_exporter\render\minecraft\quartz_slab.png
[01Oct2026 19:46:18.914] [IO-Worker-7/DEBUG] [org.sinytra.wiki.exporter.render.ImageWriter/]: Exported png to: C:\Users\Andrewthepika\IdeaProjects\Minefinity\run\wiki_exporter\render\minecraft\light_blue_candle.png
[01Oct2026 19:46:18.917] [IO-Worker-12/DEBUG] [org.sinytra.wiki.exporter.render.ImageWriter/]: Exported png to: C:\Users\Andrewthepika\IdeaProjects\Minefinity\run\wiki_exporter\render\minecraft\acacia_trapdoor.png
[01Oct2026 19:46:18.919] [IO-Worker-3/DEBUG] [org.sinytra.wiki.exporter.render.ImageWriter/]: Exported png to: C:\Users\Andrewthepika\IdeaProjects\Minefinity\run\wiki_exporter\render\minecraft\diamond_axe.png
[01Oct2026 19:46:18.921] [IO-Worker-1/DEBUG] [org.sinytra.wiki.exporter.render.ImageWriter/]: Exported png to: C:\Users\Andrewthepika\IdeaProjects\Minefinity\run\wiki_exporter\render\minecraft\ghast_tear.png
[01Oct2026 19:46:18.921] [IO-Worker-11/DEBUG] [org.sinytra.wiki.exporter.render.ImageWriter/]: Exported png to: C:\Users\Andrewthepika\IdeaProjects\Minefinity\run\wiki_exporter\render\minecraft\waxed_chiseled_copper.png
[01Oct2026 19:46:18.924] [IO-Worker-10/DEBUG] [org.sinytra.wiki.exporter.render.ImageWriter/]: Exported png to: C:\Users\Andrewthepika\IdeaProjects\Minefinity\run\wiki_exporter\render\minecraft\paper.png
[01Oct2026 19:46:18.929] [IO-Worker-5/DEBUG] [org.sinytra.wiki.exporter.render.ImageWriter/]: Exported png to: C:\Users\Andrewthepika\IdeaProjects\Minefinity\run\wiki_exporter\render\minecraft\birch_trapdoor.png
[01Oct2026 19:46:18.934] [IO-Worker-8/DEBUG] [org.sinytra.wiki.exporter.render.ImageWriter/]: Exported png to: C:\Users\Andrewthepika\IdeaProjects\Minefinity\run\wiki_exporter\render\minecraft\orange_concrete.png
[01Oct2026 19:46:18.940] [IO-Worker-14/DEBUG] [org.sinytra.wiki.exporter.render.ImageWriter/]: Exported png to: C:\Users\Andrewthepika\IdeaProjects\Minefinity\run\wiki_exporter\render\minecraft\polished_deepslate.png
[01Oct2026 19:46:18.940] [IO-Worker-4/DEBUG] [org.sinytra.wiki.exporter.render.ImageWriter/]: Exported png to: C:\Users\Andrewthepika\IdeaProjects\Minefinity\run\wiki_exporter\render\minecraft\fermented_spider_eye.png
[01Oct2026 19:46:18.943] [IO-Worker-13/DEBUG] [org.sinytra.wiki.exporter.render.ImageWriter/]: Exported png to: C:\Users\Andrewthepika\IdeaProjects\Minefinity\run\wiki_exporter\render\minecraft\oak_door.png
[01Oct2026 19:46:18.947] [IO-Worker-6/DEBUG] [org.sinytra.wiki.exporter.render.ImageWriter/]: Exported png to: C:\Users\Andrewthepika\IdeaProjects\Minefinity\run\wiki_exporter\render\minecraft\cherry_hanging_sign.png
[01Oct2026 19:46:18.948] [IO-Worker-11/DEBUG] [org.sinytra.wiki.exporter.render.ImageWriter/]: Exported png to: C:\Users\Andrewthepika\IdeaProjects\Minefinity\run\wiki_exporter\render\minecraft\piglin_head.png
[01Oct2026 19:46:18.950] [IO-Worker-1/DEBUG] [org.sinytra.wiki.exporter.render.ImageWriter/]: Exported png to: C:\Users\Andrewthepika\IdeaProjects\Minefinity\run\wiki_exporter\render\minecraft\anvil.png
[01Oct2026 19:46:18.959] [IO-Worker-8/DEBUG] [org.sinytra.wiki.exporter.render.ImageWriter/]: Exported png to: C:\Users\Andrewthepika\IdeaProjects\Minefinity\run\wiki_exporter\render\minecraft\polished_blackstone_bricks.png
[01Oct2026 19:46:18.963] [IO-Worker-10/DEBUG] [org.sinytra.wiki.exporter.render.ImageWriter/]: Exported png to: C:\Users\Andrewthepika\IdeaProjects\Minefinity\run\wiki_exporter\render\minecraft\dragon_breath.png
[01Oct2026 19:46:18.964] [IO-Worker-3/DEBUG] [org.sinytra.wiki.exporter.render.ImageWriter/]: Exported png to: C:\Users\Andrewthepika\IdeaProjects\Minefinity\run\wiki_exporter\render\minecraft\chicken.png
[01Oct2026 19:46:18.965] [IO-Worker-5/DEBUG] [org.sinytra.wiki.exporter.render.ImageWriter/]: Exported png to: C:\Users\Andrewthepika\IdeaProjects\Minefinity\run\wiki_exporter\render\minecraft\sunflower.png
[01Oct2026 19:46:18.971] [IO-Worker-13/DEBUG] [org.sinytra.wiki.exporter.render.ImageWriter/]: Exported png to: C:\Users\Andrewthepika\IdeaProjects\Minefinity\run\wiki_exporter\render\minecraft\sculk.png
[01Oct2026 19:46:18.973] [IO-Worker-14/DEBUG] [org.sinytra.wiki.exporter.render.ImageWriter/]: Exported png to: C:\Users\Andrewthepika\IdeaProjects\Minefinity\run\wiki_exporter\render\minecraft\end_stone_brick_slab.png
[01Oct2026 19:46:18.979] [IO-Worker-4/DEBUG] [org.sinytra.wiki.exporter.render.ImageWriter/]: Exported png to: C:\Users\Andrewthepika\IdeaProjects\Minefinity\run\wiki_exporter\render\minecraft\white_candle.png
[01Oct2026 19:46:18.985] [IO-Worker-11/DEBUG] [org.sinytra.wiki.exporter.render.ImageWriter/]: Exported png to: C:\Users\Andrewthepika\IdeaProjects\Minefinity\run\wiki_exporter\render\minecraft\sea_pickle.png
[01Oct2026 19:46:18.989] [IO-Worker-1/DEBUG] [org.sinytra.wiki.exporter.render.ImageWriter/]: Exported png to: C:\Users\Andrewthepika\IdeaProjects\Minefinity\run\wiki_exporter\render\minecraft\brown_stained_glass_pane.png
[01Oct2026 19:46:18.990] [IO-Worker-6/DEBUG] [org.sinytra.wiki.exporter.render.ImageWriter/]: Exported png to: C:\Users\Andrewthepika\IdeaProjects\Minefinity\run\wiki_exporter\render\minecraft\bubble_coral.png
[01Oct2026 19:46:18.991] [IO-Worker-5/DEBUG] [org.sinytra.wiki.exporter.render.ImageWriter/]: Exported png to: C:\Users\Andrewthepika\IdeaProjects\Minefinity\run\wiki_exporter\render\minecraft\blue_terracotta.png
[01Oct2026 19:46:18.993] [IO-Worker-12/DEBUG] [org.sinytra.wiki.exporter.render.ImageWriter/]: Exported png to: C:\Users\Andrewthepika\IdeaProjects\Minefinity\run\wiki_exporter\render\minecraft\lime_dye.png
[01Oct2026 19:46:19.002] [IO-Worker-10/DEBUG] [org.sinytra.wiki.exporter.render.ImageWriter/]: Exported png to: C:\Users\Andrewthepika\IdeaProjects\Minefinity\run\wiki_exporter\render\minecraft\howl_pottery_sherd.png
[01Oct2026 19:46:19.009] [IO-Worker-14/DEBUG] [org.sinytra.wiki.exporter.render.ImageWriter/]: Exported png to: C:\Users\Andrewthepika\IdeaProjects\Minefinity\run\wiki_exporter\render\minecraft\music_disc_relic.png
[01Oct2026 19:46:19.009] [IO-Worker-11/DEBUG] [org.sinytra.wiki.exporter.render.ImageWriter/]: Exported png to: C:\Users\Andrewthepika\IdeaProjects\Minefinity\run\wiki_exporter\render\minecraft\command_block.png
[01Oct2026 19:46:19.009] [IO-Worker-13/DEBUG] [org.sinytra.wiki.exporter.render.ImageWriter/]: Exported png to: C:\Users\Andrewthepika\IdeaProjects\Minefinity\run\wiki_exporter\render\minecraft\yellow_banner.png
[01Oct2026 19:46:19.010] [IO-Worker-3/DEBUG] [org.sinytra.wiki.exporter.render.ImageWriter/]: Exported png to: C:\Users\Andrewthepika\IdeaProjects\Minefinity\run\wiki_exporter\render\minecraft\cut_copper_stairs.png
[01Oct2026 19:46:19.014] [IO-Worker-7/DEBUG] [org.sinytra.wiki.exporter.render.ImageWriter/]: Exported png to: C:\Users\Andrewthepika\IdeaProjects\Minefinity\run\wiki_exporter\render\minecraft\purpur_pillar.png
[01Oct2026 19:46:19.016] [IO-Worker-4/DEBUG] [org.sinytra.wiki.exporter.render.ImageWriter/]: Exported png to: C:\Users\Andrewthepika\IdeaProjects\Minefinity\run\wiki_exporter\render\minecraft\egg.png
[01Oct2026 19:46:19.019] [IO-Worker-5/DEBUG] [org.sinytra.wiki.exporter.render.ImageWriter/]: Exported png to: C:\Users\Andrewthepika\IdeaProjects\Minefinity\run\wiki_exporter\render\minecraft\dripstone_block.png
[01Oct2026 19:46:19.020] [IO-Worker-12/DEBUG] [org.sinytra.wiki.exporter.render.ImageWriter/]: Exported png to: C:\Users\Andrewthepika\IdeaProjects\Minefinity\run\wiki_exporter\render\minecraft\polished_basalt.png
[01Oct2026 19:46:19.022] [IO-Worker-8/DEBUG] [org.sinytra.wiki.exporter.render.ImageWriter/]: Exported png to: C:\Users\Andrewthepika\IdeaProjects\Minefinity\run\wiki_exporter\render\minecraft\cauldron.png
[01Oct2026 19:46:19.028] [IO-Worker-10/DEBUG] [org.sinytra.wiki.exporter.render.ImageWriter/]: Exported png to: C:\Users\Andrewthepika\IdeaProjects\Minefinity\run\wiki_exporter\render\minecraft\deepslate_coal_ore.png
[01Oct2026 19:46:19.035] [IO-Worker-6/DEBUG] [org.sinytra.wiki.exporter.render.ImageWriter/]: Exported png to: C:\Users\Andrewthepika\IdeaProjects\Minefinity\run\wiki_exporter\render\minecraft\jungle_sapling.png
[01Oct2026 19:46:19.040] [IO-Worker-4/DEBUG] [org.sinytra.wiki.exporter.render.ImageWriter/]: Exported png to: C:\Users\Andrewthepika\IdeaProjects\Minefinity\run\wiki_exporter\render\minecraft\lime_glazed_terracotta.png
[01Oct2026 19:46:19.042] [IO-Worker-13/DEBUG] [org.sinytra.wiki.exporter.render.ImageWriter/]: Exported png to: C:\Users\Andrewthepika\IdeaProjects\Minefinity\run\wiki_exporter\render\minecraft\red_carpet.png
[01Oct2026 19:46:19.043] [IO-Worker-5/DEBUG] [org.sinytra.wiki.exporter.render.ImageWriter/]: Exported png to: C:\Users\Andrewthepika\IdeaProjects\Minefinity\run\wiki_exporter\render\minecraft\smooth_red_sandstone.png
[01Oct2026 19:46:19.046] [IO-Worker-11/DEBUG] [org.sinytra.wiki.exporter.render.ImageWriter/]: Exported png to: C:\Users\Andrewthepika\IdeaProjects\Minefinity\run\wiki_exporter\render\minecraft\cyan_stained_glass_pane.png
[01Oct2026 19:46:19.046] [IO-Worker-3/DEBUG] [org.sinytra.wiki.exporter.render.ImageWriter/]: Exported png to: C:\Users\Andrewthepika\IdeaProjects\Minefinity\run\wiki_exporter\render\minecraft\leather_horse_armor.png
[01Oct2026 19:46:19.049] [IO-Worker-12/DEBUG] [org.sinytra.wiki.exporter.render.ImageWriter/]: Exported png to: C:\Users\Andrewthepika\IdeaProjects\Minefinity\run\wiki_exporter\render\minecraft\grindstone.png
[01Oct2026 19:46:19.051] [IO-Worker-8/DEBUG] [org.sinytra.wiki.exporter.render.ImageWriter/]: Exported png to: C:\Users\Andrewthepika\IdeaProjects\Minefinity\run\wiki_exporter\render\minecraft\warped_planks.png
[01Oct2026 19:46:19.060] [IO-Worker-7/DEBUG] [org.sinytra.wiki.exporter.render.ImageWriter/]: Exported png to: C:\Users\Andrewthepika\IdeaProjects\Minefinity\run\wiki_exporter\render\minecraft\exposed_copper_trapdoor.png
[01Oct2026 19:46:19.064] [IO-Worker-6/DEBUG] [org.sinytra.wiki.exporter.render.ImageWriter/]: Exported png to: C:\Users\Andrewthepika\IdeaProjects\Minefinity\run\wiki_exporter\render\minecraft\red_shulker_box.png
[01Oct2026 19:46:19.067] [IO-Worker-4/DEBUG] [org.sinytra.wiki.exporter.render.ImageWriter/]: Exported png to: C:\Users\Andrewthepika\IdeaProjects\Minefinity\run\wiki_exporter\render\minecraft\polished_blackstone_stairs.png
[01Oct2026 19:46:19.067] [IO-Worker-10/DEBUG] [org.sinytra.wiki.exporter.render.ImageWriter/]: Exported png to: C:\Users\Andrewthepika\IdeaProjects\Minefinity\run\wiki_exporter\render\minecraft\glass_pane.png
[01Oct2026 19:46:19.072] [IO-Worker-5/DEBUG] [org.sinytra.wiki.exporter.render.ImageWriter/]: Exported png to: C:\Users\Andrewthepika\IdeaProjects\Minefinity\run\wiki_exporter\render\minecraft\spruce_fence.png
[01Oct2026 19:46:19.074] [IO-Worker-3/DEBUG] [org.sinytra.wiki.exporter.render.ImageWriter/]: Exported png to: C:\Users\Andrewthepika\IdeaProjects\Minefinity\run\wiki_exporter\render\minecraft\spruce_wood.png
[01Oct2026 19:46:19.077] [IO-Worker-12/DEBUG] [org.sinytra.wiki.exporter.render.ImageWriter/]: Exported png to: C:\Users\Andrewthepika\IdeaProjects\Minefinity\run\wiki_exporter\render\minecraft\prismarine_bricks.png
[01Oct2026 19:46:19.082] [IO-Worker-8/DEBUG] [org.sinytra.wiki.exporter.render.ImageWriter/]: Exported png to: C:\Users\Andrewthepika\IdeaProjects\Minefinity\run\wiki_exporter\render\minecraft\cherry_fence.png
[01Oct2026 19:46:19.096] [IO-Worker-13/DEBUG] [org.sinytra.wiki.exporter.render.ImageWriter/]: Exported png to: C:\Users\Andrewthepika\IdeaProjects\Minefinity\run\wiki_exporter\render\minecraft\copper_ingot.png
[01Oct2026 19:46:19.096] [IO-Worker-11/DEBUG] [org.sinytra.wiki.exporter.render.ImageWriter/]: Exported png to: C:\Users\Andrewthepika\IdeaProjects\Minefinity\run\wiki_exporter\render\minecraft\dead_horn_coral.png
[01Oct2026 19:46:19.097] [IO-Worker-6/DEBUG] [org.sinytra.wiki.exporter.render.ImageWriter/]: Exported png to: C:\Users\Andrewthepika\IdeaProjects\Minefinity\run\wiki_exporter\render\minecraft\orange_banner.png
[01Oct2026 19:46:19.097] [IO-Worker-10/DEBUG] [org.sinytra.wiki.exporter.render.ImageWriter/]: Exported png to: C:\Users\Andrewthepika\IdeaProjects\Minefinity\run\wiki_exporter\render\minecraft\cobbled_deepslate_wall.png
[01Oct2026 19:46:19.104] [IO-Worker-8/DEBUG] [org.sinytra.wiki.exporter.render.ImageWriter/]: Exported png to: C:\Users\Andrewthepika\IdeaProjects\Minefinity\run\wiki_exporter\render\minecraft\exposed_copper.png
[01Oct2026 19:46:19.107] [IO-Worker-4/DEBUG] [org.sinytra.wiki.exporter.render.ImageWriter/]: Exported png to: C:\Users\Andrewthepika\IdeaProjects\Minefinity\run\wiki_exporter\render\minecraft\allay_spawn_egg.png
[01Oct2026 19:46:19.111] [IO-Worker-12/DEBUG] [org.sinytra.wiki.exporter.render.ImageWriter/]: Exported png to: C:\Users\Andrewthepika\IdeaProjects\Minefinity\run\wiki_exporter\render\minecraft\waxed_oxidized_cut_copper_slab.png
[01Oct2026 19:46:19.112] [IO-Worker-3/DEBUG] [org.sinytra.wiki.exporter.render.ImageWriter/]: Exported png to: C:\Users\Andrewthepika\IdeaProjects\Minefinity\run\wiki_exporter\render\minecraft\oxidized_copper_door.png
[01Oct2026 19:46:19.125] [IO-Worker-5/DEBUG] [org.sinytra.wiki.exporter.render.ImageWriter/]: Exported png to: C:\Users\Andrewthepika\IdeaProjects\Minefinity\run\wiki_exporter\render\minecraft\tide_armor_trim_smithing_template.png
[01Oct2026 19:46:19.129] [IO-Worker-7/DEBUG] [org.sinytra.wiki.exporter.render.ImageWriter/]: Exported png to: C:\Users\Andrewthepika\IdeaProjects\Minefinity\run\wiki_exporter\render\minecraft\dead_fire_coral.png
[01Oct2026 19:46:19.133] [IO-Worker-10/DEBUG] [org.sinytra.wiki.exporter.render.ImageWriter/]: Exported png to: C:\Users\Andrewthepika\IdeaProjects\Minefinity\run\wiki_exporter\render\minecraft\lever.png
[01Oct2026 19:46:19.136] [IO-Worker-6/DEBUG] [org.sinytra.wiki.exporter.render.ImageWriter/]: Exported png to: C:\Users\Andrewthepika\IdeaProjects\Minefinity\run\wiki_exporter\render\minecraft\iron_bars.png
[01Oct2026 19:46:19.137] [IO-Worker-11/DEBUG] [org.sinytra.wiki.exporter.render.ImageWriter/]: Exported png to: C:\Users\Andrewthepika\IdeaProjects\Minefinity\run\wiki_exporter\render\minecraft\tube_coral_fan.png
[01Oct2026 19:46:19.140] [IO-Worker-12/DEBUG] [org.sinytra.wiki.exporter.render.ImageWriter/]: Exported png to: C:\Users\Andrewthepika\IdeaProjects\Minefinity\run\wiki_exporter\render\minecraft\iron_ore.png
[01Oct2026 19:46:19.146] [IO-Worker-8/DEBUG] [org.sinytra.wiki.exporter.render.ImageWriter/]: Exported png to: C:\Users\Andrewthepika\IdeaProjects\Minefinity\run\wiki_exporter\render\minecraft\lectern.png
[01Oct2026 19:46:19.148] [IO-Worker-4/DEBUG] [org.sinytra.wiki.exporter.render.ImageWriter/]: Exported png to: C:\Users\Andrewthepika\IdeaProjects\Minefinity\run\wiki_exporter\render\minecraft\fire_coral.png
[01Oct2026 19:46:19.150] [IO-Worker-3/DEBUG] [org.sinytra.wiki.exporter.render.ImageWriter/]: Exported png to: C:\Users\Andrewthepika\IdeaProjects\Minefinity\run\wiki_exporter\render\minecraft\music_disc_11.png
[01Oct2026 19:46:19.162] [IO-Worker-5/DEBUG] [org.sinytra.wiki.exporter.render.ImageWriter/]: Exported png to: C:\Users\Andrewthepika\IdeaProjects\Minefinity\run\wiki_exporter\render\minecraft\soul_torch.png
[01Oct2026 19:46:19.165] [IO-Worker-11/DEBUG] [org.sinytra.wiki.exporter.render.ImageWriter/]: Exported png to: C:\Users\Andrewthepika\IdeaProjects\Minefinity\run\wiki_exporter\render\minecraft\chain_command_block.png
[01Oct2026 19:46:19.167] [IO-Worker-7/DEBUG] [org.sinytra.wiki.exporter.render.ImageWriter/]: Exported png to: C:\Users\Andrewthepika\IdeaProjects\Minefinity\run\wiki_exporter\render\minecraft\hopper.png
[01Oct2026 19:46:19.170] [IO-Worker-6/DEBUG] [org.sinytra.wiki.exporter.render.ImageWriter/]: Exported png to: C:\Users\Andrewthepika\IdeaProjects\Minefinity\run\wiki_exporter\render\minecraft\warped_nylium.png
[01Oct2026 19:46:19.181] [IO-Worker-10/DEBUG] [org.sinytra.wiki.exporter.render.ImageWriter/]: Exported png to: C:\Users\Andrewthepika\IdeaProjects\Minefinity\run\wiki_exporter\render\minecraft\polished_diorite.png
[01Oct2026 19:46:19.181] [IO-Worker-12/DEBUG] [org.sinytra.wiki.exporter.render.ImageWriter/]: Exported png to: C:\Users\Andrewthepika\IdeaProjects\Minefinity\run\wiki_exporter\render\minecraft\birch_hanging_sign.png
[01Oct2026 19:46:19.183] [IO-Worker-8/DEBUG] [org.sinytra.wiki.exporter.render.ImageWriter/]: Exported png to: C:\Users\Andrewthepika\IdeaProjects\Minefinity\run\wiki_exporter\render\minecraft\totem_of_undying.png
[01Oct2026 19:46:19.185] [IO-Worker-3/DEBUG] [org.sinytra.wiki.exporter.render.ImageWriter/]: Exported png to: C:\Users\Andrewthepika\IdeaProjects\Minefinity\run\wiki_exporter\render\minecraft\lava_bucket.png
[01Oct2026 19:46:19.191] [IO-Worker-13/DEBUG] [org.sinytra.wiki.exporter.render.ImageWriter/]: Exported png to: C:\Users\Andrewthepika\IdeaProjects\Minefinity\run\wiki_exporter\render\minecraft\green_stained_glass.png
[01Oct2026 19:46:19.192] [IO-Worker-4/DEBUG] [org.sinytra.wiki.exporter.render.ImageWriter/]: Exported png to: C:\Users\Andrewthepika\IdeaProjects\Minefinity\run\wiki_exporter\render\minecraft\honeycomb.png
[01Oct2026 19:46:19.193] [IO-Worker-6/DEBUG] [org.sinytra.wiki.exporter.render.ImageWriter/]: Exported png to: C:\Users\Andrewthepika\IdeaProjects\Minefinity\run\wiki_exporter\render\minecraft\podzol.png
[01Oct2026 19:46:19.201] [IO-Worker-7/DEBUG] [org.sinytra.wiki.exporter.render.ImageWriter/]: Exported png to: C:\Users\Andrewthepika\IdeaProjects\Minefinity\run\wiki_exporter\render\minecraft\brick_wall.png
[01Oct2026 19:46:19.212] [IO-Worker-11/DEBUG] [org.sinytra.wiki.exporter.render.ImageWriter/]: Exported png to: C:\Users\Andrewthepika\IdeaProjects\Minefinity\run\wiki_exporter\render\minecraft\shaper_armor_trim_smithing_template.png
[01Oct2026 19:46:19.214] [IO-Worker-5/DEBUG] [org.sinytra.wiki.exporter.render.ImageWriter/]: Exported png to: C:\Users\Andrewthepika\IdeaProjects\Minefinity\run\wiki_exporter\render\minecraft\shelter_pottery_sherd.png
[01Oct2026 19:46:19.215] [IO-Worker-6/DEBUG] [org.sinytra.wiki.exporter.render.ImageWriter/]: Exported png to: C:\Users\Andrewthepika\IdeaProjects\Minefinity\run\wiki_exporter\render\minecraft\light_gray_shulker_box.png
[01Oct2026 19:46:19.224] [IO-Worker-3/DEBUG] [org.sinytra.wiki.exporter.render.ImageWriter/]: Exported png to: C:\Users\Andrewthepika\IdeaProjects\Minefinity\run\wiki_exporter\render\minecraft\honey_bottle.png
[01Oct2026 19:46:19.228] [IO-Worker-13/DEBUG] [org.sinytra.wiki.exporter.render.ImageWriter/]: Exported png to: C:\Users\Andrewthepika\IdeaProjects\Minefinity\run\wiki_exporter\render\minecraft\scaffolding.png
[01Oct2026 19:46:19.228] [IO-Worker-8/DEBUG] [org.sinytra.wiki.exporter.render.ImageWriter/]: Exported png to: C:\Users\Andrewthepika\IdeaProjects\Minefinity\run\wiki_exporter\render\minecraft\skeleton_horse_spawn_egg.png
[01Oct2026 19:46:19.231] [IO-Worker-10/DEBUG] [org.sinytra.wiki.exporter.render.ImageWriter/]: Exported png to: C:\Users\Andrewthepika\IdeaProjects\Minefinity\run\wiki_exporter\render\minecraft\blackstone_stairs.png
[01Oct2026 19:46:19.232] [IO-Worker-4/DEBUG] [org.sinytra.wiki.exporter.render.ImageWriter/]: Exported png to: C:\Users\Andrewthepika\IdeaProjects\Minefinity\run\wiki_exporter\render\minecraft\cooked_porkchop.png
[01Oct2026 19:46:19.233] [IO-Worker-14/DEBUG] [org.sinytra.wiki.exporter.render.ImageWriter/]: Exported png to: C:\Users\Andrewthepika\IdeaProjects\Minefinity\run\wiki_exporter\render\minecraft\oak_slab.png
[01Oct2026 19:46:19.235] [IO-Worker-1/DEBUG] [org.sinytra.wiki.exporter.render.ImageWriter/]: Exported png to: C:\Users\Andrewthepika\IdeaProjects\Minefinity\run\wiki_exporter\render\minecraft\brown_mushroom_block.png
[01Oct2026 19:46:19.238] [IO-Worker-7/DEBUG] [org.sinytra.wiki.exporter.render.ImageWriter/]: Exported png to: C:\Users\Andrewthepika\IdeaProjects\Minefinity\run\wiki_exporter\render\minecraft\amethyst_shard.png
[01Oct2026 19:46:19.239] [IO-Worker-12/DEBUG] [org.sinytra.wiki.exporter.render.ImageWriter/]: Exported png to: C:\Users\Andrewthepika\IdeaProjects\Minefinity\run\wiki_exporter\render\minecraft\wandering_trader_spawn_egg.png
[01Oct2026 19:46:19.245] [IO-Worker-6/DEBUG] [org.sinytra.wiki.exporter.render.ImageWriter/]: Exported png to: C:\Users\Andrewthepika\IdeaProjects\Minefinity\run\wiki_exporter\render\minecraft\acacia_log.png
[01Oct2026 19:46:19.249] [IO-Worker-5/DEBUG] [org.sinytra.wiki.exporter.render.ImageWriter/]: Exported png to: C:\Users\Andrewthepika\IdeaProjects\Minefinity\run\wiki_exporter\render\minecraft\crimson_stem.png
[01Oct2026 19:46:19.251] [IO-Worker-3/DEBUG] [org.sinytra.wiki.exporter.render.ImageWriter/]: Exported png to: C:\Users\Andrewthepika\IdeaProjects\Minefinity\run\wiki_exporter\render\minecraft\daylight_detector.png
[01Oct2026 19:46:19.255] [IO-Worker-10/DEBUG] [org.sinytra.wiki.exporter.render.ImageWriter/]: Exported png to: C:\Users\Andrewthepika\IdeaProjects\Minefinity\run\wiki_exporter\render\minecraft\purple_concrete.png
[01Oct2026 19:46:19.259] [IO-Worker-1/DEBUG] [org.sinytra.wiki.exporter.render.ImageWriter/]: Exported png to: C:\Users\Andrewthepika\IdeaProjects\Minefinity\run\wiki_exporter\render\minecraft\loom.png
[01Oct2026 19:46:19.265] [IO-Worker-14/DEBUG] [org.sinytra.wiki.exporter.render.ImageWriter/]: Exported png to: C:\Users\Andrewthepika\IdeaProjects\Minefinity\run\wiki_exporter\render\minecraft\light_gray_banner.png
[01Oct2026 19:46:19.267] [IO-Worker-4/DEBUG] [org.sinytra.wiki.exporter.render.ImageWriter/]: Exported png to: C:\Users\Andrewthepika\IdeaProjects\Minefinity\run\wiki_exporter\render\minecraft\cherry_planks.png
[01Oct2026 19:46:19.268] [IO-Worker-7/DEBUG] [org.sinytra.wiki.exporter.render.ImageWriter/]: Exported png to: C:\Users\Andrewthepika\IdeaProjects\Minefinity\run\wiki_exporter\render\minecraft\polished_blackstone_pressure_plate.png
[01Oct2026 19:46:19.281] [IO-Worker-8/DEBUG] [org.sinytra.wiki.exporter.render.ImageWriter/]: Exported png to: C:\Users\Andrewthepika\IdeaProjects\Minefinity\run\wiki_exporter\render\minecraft\waxed_exposed_cut_copper.png
[01Oct2026 19:46:19.283] [IO-Worker-12/DEBUG] [org.sinytra.wiki.exporter.render.ImageWriter/]: Exported png to: C:\Users\Andrewthepika\IdeaProjects\Minefinity\run\wiki_exporter\render\minecraft\music_disc_far.png
[01Oct2026 19:46:19.285] [IO-Worker-6/DEBUG] [org.sinytra.wiki.exporter.render.ImageWriter/]: Exported png to: C:\Users\Andrewthepika\IdeaProjects\Minefinity\run\wiki_exporter\render\minecraft\bamboo_hanging_sign.png
[01Oct2026 19:46:19.286] [IO-Worker-13/DEBUG] [org.sinytra.wiki.exporter.render.ImageWriter/]: Exported png to: C:\Users\Andrewthepika\IdeaProjects\Minefinity\run\wiki_exporter\render\minecraft\cobblestone_wall.png
[01Oct2026 19:46:19.286] [IO-Worker-3/DEBUG] [org.sinytra.wiki.exporter.render.ImageWriter/]: Exported png to: C:\Users\Andrewthepika\IdeaProjects\Minefinity\run\wiki_exporter\render\minecraft\clock.png
[01Oct2026 19:46:19.290] [IO-Worker-5/DEBUG] [org.sinytra.wiki.exporter.render.ImageWriter/]: Exported png to: C:\Users\Andrewthepika\IdeaProjects\Minefinity\run\wiki_exporter\render\minecraft\cocoa_beans.png
[01Oct2026 19:46:19.292] [IO-Worker-10/DEBUG] [org.sinytra.wiki.exporter.render.ImageWriter/]: Exported png to: C:\Users\Andrewthepika\IdeaProjects\Minefinity\run\wiki_exporter\render\minecraft\nether_wart.png
[01Oct2026 19:46:19.293] [IO-Worker-1/DEBUG] [org.sinytra.wiki.exporter.render.ImageWriter/]: Exported png to: C:\Users\Andrewthepika\IdeaProjects\Minefinity\run\wiki_exporter\render\minecraft\magenta_banner.png
[01Oct2026 19:46:19.296] [IO-Worker-4/DEBUG] [org.sinytra.wiki.exporter.render.ImageWriter/]: Exported png to: C:\Users\Andrewthepika\IdeaProjects\Minefinity\run\wiki_exporter\render\minecraft\enchanting_table.png
[01Oct2026 19:46:19.302] [IO-Worker-14/DEBUG] [org.sinytra.wiki.exporter.render.ImageWriter/]: Exported png to: C:\Users\Andrewthepika\IdeaProjects\Minefinity\run\wiki_exporter\render\minecraft\beef.png
[01Oct2026 19:46:19.305] [IO-Worker-7/DEBUG] [org.sinytra.wiki.exporter.render.ImageWriter/]: Exported png to: C:\Users\Andrewthepika\IdeaProjects\Minefinity\run\wiki_exporter\render\minecraft\sniffer_egg.png
[01Oct2026 19:46:19.308] [IO-Worker-6/DEBUG] [org.sinytra.wiki.exporter.render.ImageWriter/]: Exported png to: C:\Users\Andrewthepika\IdeaProjects\Minefinity\run\wiki_exporter\render\minecraft\jungle_leaves.png
[01Oct2026 19:46:19.313] [IO-Worker-3/DEBUG] [org.sinytra.wiki.exporter.render.ImageWriter/]: Exported png to: C:\Users\Andrewthepika\IdeaProjects\Minefinity\run\wiki_exporter\render\minecraft\ender_chest.png
[01Oct2026 19:46:19.325] [IO-Worker-13/DEBUG] [org.sinytra.wiki.exporter.render.ImageWriter/]: Exported png to: C:\Users\Andrewthepika\IdeaProjects\Minefinity\run\wiki_exporter\render\minecraft\netherite_leggings.png
[01Oct2026 19:46:19.326] [IO-Worker-10/DEBUG] [org.sinytra.wiki.exporter.render.ImageWriter/]: Exported png to: C:\Users\Andrewthepika\IdeaProjects\Minefinity\run\wiki_exporter\render\minecraft\light_blue_banner.png
[01Oct2026 19:46:19.327] [IO-Worker-5/DEBUG] [org.sinytra.wiki.exporter.render.ImageWriter/]: Exported png to: C:\Users\Andrewthepika\IdeaProjects\Minefinity\run\wiki_exporter\render\minecraft\sniffer_spawn_egg.png
[01Oct2026 19:46:19.331] [IO-Worker-1/DEBUG] [org.sinytra.wiki.exporter.render.ImageWriter/]: Exported png to: C:\Users\Andrewthepika\IdeaProjects\Minefinity\run\wiki_exporter\render\minecraft\crimson_hanging_sign.png
[01Oct2026 19:46:19.335] [IO-Worker-12/DEBUG] [org.sinytra.wiki.exporter.render.ImageWriter/]: Exported png to: C:\Users\Andrewthepika\IdeaProjects\Minefinity\run\wiki_exporter\render\minecraft\creeper_banner_pattern.png
[01Oct2026 19:46:19.336] [IO-Worker-8/DEBUG] [org.sinytra.wiki.exporter.render.ImageWriter/]: Exported png to: C:\Users\Andrewthepika\IdeaProjects\Minefinity\run\wiki_exporter\render\minecraft\purple_dye.png
[01Oct2026 19:46:19.336] [IO-Worker-4/DEBUG] [org.sinytra.wiki.exporter.render.ImageWriter/]: Exported png to: C:\Users\Andrewthepika\IdeaProjects\Minefinity\run\wiki_exporter\render\minecraft\spire_armor_trim_smithing_template.png
[01Oct2026 19:46:19.339] [IO-Worker-14/DEBUG] [org.sinytra.wiki.exporter.render.ImageWriter/]: Exported png to: C:\Users\Andrewthepika\IdeaProjects\Minefinity\run\wiki_exporter\render\minecraft\music_disc_pigstep.png
[01Oct2026 19:46:19.341] [IO-Worker-3/DEBUG] [org.sinytra.wiki.exporter.render.ImageWriter/]: Exported png to: C:\Users\Andrewthepika\IdeaProjects\Minefinity\run\wiki_exporter\render\minecraft\red_bed.png
[01Oct2026 19:46:19.344] [IO-Worker-7/DEBUG] [org.sinytra.wiki.exporter.render.ImageWriter/]: Exported png to: C:\Users\Andrewthepika\IdeaProjects\Minefinity\run\wiki_exporter\render\minecraft\spruce_sapling.png
[01Oct2026 19:46:19.347] [IO-Worker-6/DEBUG] [org.sinytra.wiki.exporter.render.ImageWriter/]: Exported png to: C:\Users\Andrewthepika\IdeaProjects\Minefinity\run\wiki_exporter\render\minecraft\diamond_sword.png
[01Oct2026 19:46:19.356] [IO-Worker-1/DEBUG] [org.sinytra.wiki.exporter.render.ImageWriter/]: Exported png to: C:\Users\Andrewthepika\IdeaProjects\Minefinity\run\wiki_exporter\render\minecraft\budding_amethyst.png
[01Oct2026 19:46:19.358] [IO-Worker-11/DEBUG] [org.sinytra.wiki.exporter.render.ImageWriter/]: Exported png to: C:\Users\Andrewthepika\IdeaProjects\Minefinity\run\wiki_exporter\render\minecraft\comparator.png
[01Oct2026 19:46:19.361] [IO-Worker-4/DEBUG] [org.sinytra.wiki.exporter.render.ImageWriter/]: Exported png to: C:\Users\Andrewthepika\IdeaProjects\Minefinity\run\wiki_exporter\render\minecraft\deepslate_gold_ore.png
[01Oct2026 19:46:19.365] [IO-Worker-5/DEBUG] [org.sinytra.wiki.exporter.render.ImageWriter/]: Exported png to: C:\Users\Andrewthepika\IdeaProjects\Minefinity\run\wiki_exporter\render\minecraft\black_dye.png
[01Oct2026 19:46:19.369] [IO-Worker-13/DEBUG] [org.sinytra.wiki.exporter.render.ImageWriter/]: Exported png to: C:\Users\Andrewthepika\IdeaProjects\Minefinity\run\wiki_exporter\render\minecraft\netherite_upgrade_smithing_template.png
[01Oct2026 19:46:19.370] [IO-Worker-7/DEBUG] [org.sinytra.wiki.exporter.render.ImageWriter/]: Exported png to: C:\Users\Andrewthepika\IdeaProjects\Minefinity\run\wiki_exporter\render\minecraft\chiseled_sandstone.png
[01Oct2026 19:46:19.370] [IO-Worker-10/DEBUG] [org.sinytra.wiki.exporter.render.ImageWriter/]: Exported png to: C:\Users\Andrewthepika\IdeaProjects\Minefinity\run\wiki_exporter\render\minecraft\knowledge_book.png
[01Oct2026 19:46:19.374] [IO-Worker-6/DEBUG] [org.sinytra.wiki.exporter.render.ImageWriter/]: Exported png to: C:\Users\Andrewthepika\IdeaProjects\Minefinity\run\wiki_exporter\render\minecraft\repeating_command_block.png
[01Oct2026 19:46:19.375] [IO-Worker-3/DEBUG] [org.sinytra.wiki.exporter.render.ImageWriter/]: Exported png to: C:\Users\Andrewthepika\IdeaProjects\Minefinity\run\wiki_exporter\render\minecraft\deepslate_brick_wall.png
[01Oct2026 19:46:19.376] [IO-Worker-14/DEBUG] [org.sinytra.wiki.exporter.render.ImageWriter/]: Exported png to: C:\Users\Andrewthepika\IdeaProjects\Minefinity\run\wiki_exporter\render\minecraft\acacia_sapling.png
[01Oct2026 19:46:19.377] [IO-Worker-8/DEBUG] [org.sinytra.wiki.exporter.render.ImageWriter/]: Exported png to: C:\Users\Andrewthepika\IdeaProjects\Minefinity\run\wiki_exporter\render\minecraft\pink_terracotta.png
[01Oct2026 19:46:19.389] [IO-Worker-1/DEBUG] [org.sinytra.wiki.exporter.render.ImageWriter/]: Exported png to: C:\Users\Andrewthepika\IdeaProjects\Minefinity\run\wiki_exporter\render\minecraft\cherry_trapdoor.png
[01Oct2026 19:46:19.393] [IO-Worker-11/DEBUG] [org.sinytra.wiki.exporter.render.ImageWriter/]: Exported png to: C:\Users\Andrewthepika\IdeaProjects\Minefinity\run\wiki_exporter\render\minecraft\warped_button.png
[01Oct2026 19:46:19.397] [IO-Worker-4/DEBUG] [org.sinytra.wiki.exporter.render.ImageWriter/]: Exported png to: C:\Users\Andrewthepika\IdeaProjects\Minefinity\run\wiki_exporter\render\minecraft\chainmail_chestplate.png
[01Oct2026 19:46:19.403] [IO-Worker-6/DEBUG] [org.sinytra.wiki.exporter.render.ImageWriter/]: Exported png to: C:\Users\Andrewthepika\IdeaProjects\Minefinity\run\wiki_exporter\render\minecraft\jungle_stairs.png
[01Oct2026 19:46:19.403] [IO-Worker-14/DEBUG] [org.sinytra.wiki.exporter.render.ImageWriter/]: Exported png to: C:\Users\Andrewthepika\IdeaProjects\Minefinity\run\wiki_exporter\render\minecraft\chiseled_tuff_bricks.png
[01Oct2026 19:46:19.407] [IO-Worker-10/DEBUG] [org.sinytra.wiki.exporter.render.ImageWriter/]: Exported png to: C:\Users\Andrewthepika\IdeaProjects\Minefinity\run\wiki_exporter\render\minecraft\blue_banner.png
[01Oct2026 19:46:19.410] [IO-Worker-8/DEBUG] [org.sinytra.wiki.exporter.render.ImageWriter/]: Exported png to: C:\Users\Andrewthepika\IdeaProjects\Minefinity\run\wiki_exporter\render\minecraft\firework_rocket.png
[01Oct2026 19:46:19.411] [IO-Worker-3/DEBUG] [org.sinytra.wiki.exporter.render.ImageWriter/]: Exported png to: C:\Users\Andrewthepika\IdeaProjects\Minefinity\run\wiki_exporter\render\minecraft\phantom_spawn_egg.png
[01Oct2026 19:46:19.413] [IO-Worker-13/DEBUG] [org.sinytra.wiki.exporter.render.ImageWriter/]: Exported png to: C:\Users\Andrewthepika\IdeaProjects\Minefinity\run\wiki_exporter\render\minecraft\crimson_pressure_plate.png
[01Oct2026 19:46:19.416] [IO-Worker-7/DEBUG] [org.sinytra.wiki.exporter.render.ImageWriter/]: Exported png to: C:\Users\Andrewthepika\IdeaProjects\Minefinity\run\wiki_exporter\render\minecraft\rail.png
[01Oct2026 19:46:19.420] [IO-Worker-5/DEBUG] [org.sinytra.wiki.exporter.render.ImageWriter/]: Exported png to: C:\Users\Andrewthepika\IdeaProjects\Minefinity\run\wiki_exporter\render\minecraft\pumpkin_seeds.png
[01Oct2026 19:46:19.421] [IO-Worker-12/DEBUG] [org.sinytra.wiki.exporter.render.ImageWriter/]: Exported png to: C:\Users\Andrewthepika\IdeaProjects\Minefinity\run\wiki_exporter\render\minecraft\diamond.png
[01Oct2026 19:46:19.424] [IO-Worker-4/DEBUG] [org.sinytra.wiki.exporter.render.ImageWriter/]: Exported png to: C:\Users\Andrewthepika\IdeaProjects\Minefinity\run\wiki_exporter\render\minecraft\deepslate_lapis_ore.png
[01Oct2026 19:46:19.434] [IO-Worker-11/DEBUG] [org.sinytra.wiki.exporter.render.ImageWriter/]: Exported png to: C:\Users\Andrewthepika\IdeaProjects\Minefinity\run\wiki_exporter\render\minecraft\jungle_fence_gate.png
[01Oct2026 19:46:19.437] [IO-Worker-14/DEBUG] [org.sinytra.wiki.exporter.render.ImageWriter/]: Exported png to: C:\Users\Andrewthepika\IdeaProjects\Minefinity\run\wiki_exporter\render\minecraft\iron_hoe.png
[01Oct2026 19:46:19.439] [IO-Worker-13/DEBUG] [org.sinytra.wiki.exporter.render.ImageWriter/]: Exported png to: C:\Users\Andrewthepika\IdeaProjects\Minefinity\run\wiki_exporter\render\minecraft\obsidian.png
[01Oct2026 19:46:19.440] [IO-Worker-8/DEBUG] [org.sinytra.wiki.exporter.render.ImageWriter/]: Exported png to: C:\Users\Andrewthepika\IdeaProjects\Minefinity\run\wiki_exporter\render\minecraft\light_blue_carpet.png
[01Oct2026 19:46:19.447] [IO-Worker-3/DEBUG] [org.sinytra.wiki.exporter.render.ImageWriter/]: Exported png to: C:\Users\Andrewthepika\IdeaProjects\Minefinity\run\wiki_exporter\render\minecraft\danger_pottery_sherd.png
[01Oct2026 19:46:19.451] [IO-Worker-7/DEBUG] [org.sinytra.wiki.exporter.render.ImageWriter/]: Exported png to: C:\Users\Andrewthepika\IdeaProjects\Minefinity\run\wiki_exporter\render\minecraft\jungle_door.png
[01Oct2026 19:46:19.454] [IO-Worker-6/DEBUG] [org.sinytra.wiki.exporter.render.ImageWriter/]: Exported png to: C:\Users\Andrewthepika\IdeaProjects\Minefinity\run\wiki_exporter\render\minecraft\light_gray_wool.png
[01Oct2026 19:46:19.454] [IO-Worker-12/DEBUG] [org.sinytra.wiki.exporter.render.ImageWriter/]: Exported png to: C:\Users\Andrewthepika\IdeaProjects\Minefinity\run\wiki_exporter\render\minecraft\mangrove_fence_gate.png
[01Oct2026 19:46:19.455] [IO-Worker-5/DEBUG] [org.sinytra.wiki.exporter.render.ImageWriter/]: Exported png to: C:\Users\Andrewthepika\IdeaProjects\Minefinity\run\wiki_exporter\render\minecraft\diorite_slab.png
[01Oct2026 19:46:19.455] [IO-Worker-10/DEBUG] [org.sinytra.wiki.exporter.render.ImageWriter/]: Exported png to: C:\Users\Andrewthepika\IdeaProjects\Minefinity\run\wiki_exporter\render\minecraft\fire_charge.png
[01Oct2026 19:46:19.457] [IO-Worker-4/DEBUG] [org.sinytra.wiki.exporter.render.ImageWriter/]: Exported png to: C:\Users\Andrewthepika\IdeaProjects\Minefinity\run\wiki_exporter\render\minecraft\pink_stained_glass.png
[01Oct2026 19:46:19.462] [IO-Worker-8/DEBUG] [org.sinytra.wiki.exporter.render.ImageWriter/]: Exported png to: C:\Users\Andrewthepika\IdeaProjects\Minefinity\run\wiki_exporter\render\minecraft\purpur_block.png
[01Oct2026 19:46:19.467] [IO-Worker-3/DEBUG] [org.sinytra.wiki.exporter.render.ImageWriter/]: Exported png to: C:\Users\Andrewthepika\IdeaProjects\Minefinity\run\wiki_exporter\render\minecraft\dark_oak_stairs.png
[01Oct2026 19:46:19.484] [IO-Worker-13/DEBUG] [org.sinytra.wiki.exporter.render.ImageWriter/]: Exported png to: C:\Users\Andrewthepika\IdeaProjects\Minefinity\run\wiki_exporter\render\minecraft\diamond_helmet.png
[01Oct2026 19:46:19.486] [IO-Worker-7/DEBUG] [org.sinytra.wiki.exporter.render.ImageWriter/]: Exported png to: C:\Users\Andrewthepika\IdeaProjects\Minefinity\run\wiki_exporter\render\minecraft\allium.png
[01Oct2026 19:46:19.489] [IO-Worker-5/DEBUG] [org.sinytra.wiki.exporter.render.ImageWriter/]: Exported png to: C:\Users\Andrewthepika\IdeaProjects\Minefinity\run\wiki_exporter\render\minecraft\cherry_fence_gate.png
[01Oct2026 19:46:19.491] [IO-Worker-4/DEBUG] [org.sinytra.wiki.exporter.render.ImageWriter/]: Exported png to: C:\Users\Andrewthepika\IdeaProjects\Minefinity\run\wiki_exporter\render\minecraft\cornflower.png
[01Oct2026 19:46:19.493] [IO-Worker-3/DEBUG] [org.sinytra.wiki.exporter.render.ImageWriter/]: Exported png to: C:\Users\Andrewthepika\IdeaProjects\Minefinity\run\wiki_exporter\render\minecraft\light_blue_concrete_powder.png
[01Oct2026 19:46:19.495] [IO-Worker-8/DEBUG] [org.sinytra.wiki.exporter.render.ImageWriter/]: Exported png to: C:\Users\Andrewthepika\IdeaProjects\Minefinity\run\wiki_exporter\render\minecraft\lime_stained_glass.png
[01Oct2026 19:46:19.495] [IO-Worker-12/DEBUG] [org.sinytra.wiki.exporter.render.ImageWriter/]: Exported png to: C:\Users\Andrewthepika\IdeaProjects\Minefinity\run\wiki_exporter\render\minecraft\jungle_boat.png
[01Oct2026 19:46:19.497] [IO-Worker-10/DEBUG] [org.sinytra.wiki.exporter.render.ImageWriter/]: Exported png to: C:\Users\Andrewthepika\IdeaProjects\Minefinity\run\wiki_exporter\render\minecraft\pitcher_plant.png
[01Oct2026 19:46:19.498] [IO-Worker-14/DEBUG] [org.sinytra.wiki.exporter.render.ImageWriter/]: Exported png to: C:\Users\Andrewthepika\IdeaProjects\Minefinity\run\wiki_exporter\render\minecraft\cyan_stained_glass.png
[01Oct2026 19:46:19.499] [IO-Worker-6/DEBUG] [org.sinytra.wiki.exporter.render.ImageWriter/]: Exported png to: C:\Users\Andrewthepika\IdeaProjects\Minefinity\run\wiki_exporter\render\minecraft\cooked_rabbit.png
[01Oct2026 19:46:19.507] [IO-Worker-11/DEBUG] [org.sinytra.wiki.exporter.render.ImageWriter/]: Exported png to: C:\Users\Andrewthepika\IdeaProjects\Minefinity\run\wiki_exporter\render\minecraft\skull_pottery_sherd.png
[01Oct2026 19:46:19.512] [IO-Worker-5/DEBUG] [org.sinytra.wiki.exporter.render.ImageWriter/]: Exported png to: C:\Users\Andrewthepika\IdeaProjects\Minefinity\run\wiki_exporter\render\minecraft\tuff.png
[01Oct2026 19:46:19.512] [IO-Worker-7/DEBUG] [org.sinytra.wiki.exporter.render.ImageWriter/]: Exported png to: C:\Users\Andrewthepika\IdeaProjects\Minefinity\run\wiki_exporter\render\minecraft\stone_brick_wall.png
[01Oct2026 19:46:19.518] [IO-Worker-4/DEBUG] [org.sinytra.wiki.exporter.render.ImageWriter/]: Exported png to: C:\Users\Andrewthepika\IdeaProjects\Minefinity\run\wiki_exporter\render\minecraft\exposed_cut_copper_slab.png
[01Oct2026 19:46:19.525] [IO-Worker-13/DEBUG] [org.sinytra.wiki.exporter.render.ImageWriter/]: Exported png to: C:\Users\Andrewthepika\IdeaProjects\Minefinity\run\wiki_exporter\render\minecraft\mangrove_boat.png
[01Oct2026 19:46:19.529] [IO-Worker-8/DEBUG] [org.sinytra.wiki.exporter.render.ImageWriter/]: Exported png to: C:\Users\Andrewthepika\IdeaProjects\Minefinity\run\wiki_exporter\render\minecraft\brain_coral_fan.png
[01Oct2026 19:46:19.533] [IO-Worker-12/DEBUG] [org.sinytra.wiki.exporter.render.ImageWriter/]: Exported png to: C:\Users\Andrewthepika\IdeaProjects\Minefinity\run\wiki_exporter\render\minecraft\beetroot_seeds.png
[01Oct2026 19:46:19.534] [IO-Worker-14/DEBUG] [org.sinytra.wiki.exporter.render.ImageWriter/]: Exported png to: C:\Users\Andrewthepika\IdeaProjects\Minefinity\run\wiki_exporter\render\minecraft\blaze_rod.png
[01Oct2026 19:46:19.534] [IO-Worker-6/DEBUG] [org.sinytra.wiki.exporter.render.ImageWriter/]: Exported png to: C:\Users\Andrewthepika\IdeaProjects\Minefinity\run\wiki_exporter\render\minecraft\dead_tube_coral_fan.png
[01Oct2026 19:46:19.541] [IO-Worker-3/DEBUG] [org.sinytra.wiki.exporter.render.ImageWriter/]: Exported png to: C:\Users\Andrewthepika\IdeaProjects\Minefinity\run\wiki_exporter\render\minecraft\orange_stained_glass_pane.png
[01Oct2026 19:46:19.541] [IO-Worker-10/DEBUG] [org.sinytra.wiki.exporter.render.ImageWriter/]: Exported png to: C:\Users\Andrewthepika\IdeaProjects\Minefinity\run\wiki_exporter\render\minecraft\host_armor_trim_smithing_template.png
[01Oct2026 19:46:19.544] [IO-Worker-1/DEBUG] [org.sinytra.wiki.exporter.render.ImageWriter/]: Exported png to: C:\Users\Andrewthepika\IdeaProjects\Minefinity\run\wiki_exporter\render\minecraft\lapis_lazuli.png
[01Oct2026 19:46:19.545] [IO-Worker-11/DEBUG] [org.sinytra.wiki.exporter.render.ImageWriter/]: Exported png to: C:\Users\Andrewthepika\IdeaProjects\Minefinity\run\wiki_exporter\render\minecraft\iron_ingot.png
[01Oct2026 19:46:19.546] [IO-Worker-7/DEBUG] [org.sinytra.wiki.exporter.render.ImageWriter/]: Exported png to: C:\Users\Andrewthepika\IdeaProjects\Minefinity\run\wiki_exporter\render\minecraft\jungle_log.png
[01Oct2026 19:46:19.548] [IO-Worker-9/DEBUG] [org.sinytra.wiki.exporter.render.ImageWriter/]: Exported png to: C:\Users\Andrewthepika\IdeaProjects\Minefinity\run\wiki_exporter\render\minecraft\zombified_piglin_spawn_egg.png
[01Oct2026 19:46:19.557] [IO-Worker-6/DEBUG] [org.sinytra.wiki.exporter.render.ImageWriter/]: Exported png to: C:\Users\Andrewthepika\IdeaProjects\Minefinity\run\wiki_exporter\render\minecraft\pink_shulker_box.png
[01Oct2026 19:46:19.560] [IO-Worker-4/DEBUG] [org.sinytra.wiki.exporter.render.ImageWriter/]: Exported png to: C:\Users\Andrewthepika\IdeaProjects\Minefinity\run\wiki_exporter\render\minecraft\music_disc_13.png
[01Oct2026 19:46:19.561] [IO-Worker-8/DEBUG] [org.sinytra.wiki.exporter.render.ImageWriter/]: Exported png to: C:\Users\Andrewthepika\IdeaProjects\Minefinity\run\wiki_exporter\render\minecraft\spruce_fence_gate.png
[01Oct2026 19:46:19.572] [IO-Worker-14/DEBUG] [org.sinytra.wiki.exporter.render.ImageWriter/]: Exported png to: C:\Users\Andrewthepika\IdeaProjects\Minefinity\run\wiki_exporter\render\minecraft\pink_candle.png
[01Oct2026 19:46:19.577] [IO-Worker-10/DEBUG] [org.sinytra.wiki.exporter.render.ImageWriter/]: Exported png to: C:\Users\Andrewthepika\IdeaProjects\Minefinity\run\wiki_exporter\render\minecraft\music_disc_creator_music_box.png
[01Oct2026 19:46:19.577] [IO-Worker-12/DEBUG] [org.sinytra.wiki.exporter.render.ImageWriter/]: Exported png to: C:\Users\Andrewthepika\IdeaProjects\Minefinity\run\wiki_exporter\render\minecraft\turtle_helmet.png
[01Oct2026 19:46:19.577] [IO-Worker-9/DEBUG] [org.sinytra.wiki.exporter.render.ImageWriter/]: Exported png to: C:\Users\Andrewthepika\IdeaProjects\Minefinity\run\wiki_exporter\render\minecraft\dark_oak_trapdoor.png
[01Oct2026 19:46:19.579] [IO-Worker-3/DEBUG] [org.sinytra.wiki.exporter.render.ImageWriter/]: Exported png to: C:\Users\Andrewthepika\IdeaProjects\Minefinity\run\wiki_exporter\render\minecraft\poisonous_potato.png
[01Oct2026 19:46:19.580] [IO-Worker-11/DEBUG] [org.sinytra.wiki.exporter.render.ImageWriter/]: Exported png to: C:\Users\Andrewthepika\IdeaProjects\Minefinity\run\wiki_exporter\render\minecraft\pitcher_pod.png
[01Oct2026 19:46:19.583] [IO-Worker-4/DEBUG] [org.sinytra.wiki.exporter.render.ImageWriter/]: Exported png to: C:\Users\Andrewthepika\IdeaProjects\Minefinity\run\wiki_exporter\render\minecraft\acacia_stairs.png
[01Oct2026 19:46:19.586] [IO-Worker-8/DEBUG] [org.sinytra.wiki.exporter.render.ImageWriter/]: Exported png to: C:\Users\Andrewthepika\IdeaProjects\Minefinity\run\wiki_exporter\render\minecraft\prismarine.png
[01Oct2026 19:46:19.594] [IO-Worker-6/DEBUG] [org.sinytra.wiki.exporter.render.ImageWriter/]: Exported png to: C:\Users\Andrewthepika\IdeaProjects\Minefinity\run\wiki_exporter\render\minecraft\end_stone_brick_wall.png
[01Oct2026 19:46:19.602] [IO-Worker-3/DEBUG] [org.sinytra.wiki.exporter.render.ImageWriter/]: Exported png to: C:\Users\Andrewthepika\IdeaProjects\Minefinity\run\wiki_exporter\render\minecraft\mud_brick_slab.png
[01Oct2026 19:46:19.604] [IO-Worker-7/DEBUG] [org.sinytra.wiki.exporter.render.ImageWriter/]: Exported png to: C:\Users\Andrewthepika\IdeaProjects\Minefinity\run\wiki_exporter\render\minecraft\frog_spawn_egg.png
[01Oct2026 19:46:19.605] [IO-Worker-11/DEBUG] [org.sinytra.wiki.exporter.render.ImageWriter/]: Exported png to: C:\Users\Andrewthepika\IdeaProjects\Minefinity\run\wiki_exporter\render\minecraft\spruce_log.png
[01Oct2026 19:46:19.606] [IO-Worker-1/DEBUG] [org.sinytra.wiki.exporter.render.ImageWriter/]: Exported png to: C:\Users\Andrewthepika\IdeaProjects\Minefinity\run\wiki_exporter\render\minecraft\iron_pickaxe.png
[01Oct2026 19:46:19.617] [IO-Worker-9/DEBUG] [org.sinytra.wiki.exporter.render.ImageWriter/]: Exported png to: C:\Users\Andrewthepika\IdeaProjects\Minefinity\run\wiki_exporter\render\minecraft\redstone.png
[01Oct2026 19:46:19.619] [IO-Worker-12/DEBUG] [org.sinytra.wiki.exporter.render.ImageWriter/]: Exported png to: C:\Users\Andrewthepika\IdeaProjects\Minefinity\run\wiki_exporter\render\minecraft\polished_granite_slab.png
[01Oct2026 19:46:19.619] [IO-Worker-4/DEBUG] [org.sinytra.wiki.exporter.render.ImageWriter/]: Exported png to: C:\Users\Andrewthepika\IdeaProjects\Minefinity\run\wiki_exporter\render\minecraft\red_mushroom.png
[01Oct2026 19:46:19.620] [IO-Worker-8/DEBUG] [org.sinytra.wiki.exporter.render.ImageWriter/]: Exported png to: C:\Users\Andrewthepika\IdeaProjects\Minefinity\run\wiki_exporter\render\minecraft\golden_hoe.png
[01Oct2026 19:46:19.627] [IO-Worker-3/DEBUG] [org.sinytra.wiki.exporter.render.ImageWriter/]: Exported png to: C:\Users\Andrewthepika\IdeaProjects\Minefinity\run\wiki_exporter\render\minecraft\redstone_block.png
[01Oct2026 19:46:19.633] [IO-Worker-1/DEBUG] [org.sinytra.wiki.exporter.render.ImageWriter/]: Exported png to: C:\Users\Andrewthepika\IdeaProjects\Minefinity\run\wiki_exporter\render\minecraft\cut_copper_slab.png
[01Oct2026 19:46:19.633] [IO-Worker-6/DEBUG] [org.sinytra.wiki.exporter.render.ImageWriter/]: Exported png to: C:\Users\Andrewthepika\IdeaProjects\Minefinity\run\wiki_exporter\render\minecraft\bow.png
[01Oct2026 19:46:19.635] [IO-Worker-7/DEBUG] [org.sinytra.wiki.exporter.render.ImageWriter/]: Exported png to: C:\Users\Andrewthepika\IdeaProjects\Minefinity\run\wiki_exporter\render\minecraft\trial_spawner.png
[01Oct2026 19:46:19.636] [IO-Worker-10/DEBUG] [org.sinytra.wiki.exporter.render.ImageWriter/]: Exported png to: C:\Users\Andrewthepika\IdeaProjects\Minefinity\run\wiki_exporter\render\minecraft\nether_quartz_ore.png
[01Oct2026 19:46:19.645] [IO-Worker-11/DEBUG] [org.sinytra.wiki.exporter.render.ImageWriter/]: Exported png to: C:\Users\Andrewthepika\IdeaProjects\Minefinity\run\wiki_exporter\render\minecraft\blue_dye.png
[01Oct2026 19:46:19.648] [IO-Worker-4/DEBUG] [org.sinytra.wiki.exporter.render.ImageWriter/]: Exported png to: C:\Users\Andrewthepika\IdeaProjects\Minefinity\run\wiki_exporter\render\minecraft\black_wool.png
[01Oct2026 19:46:19.653] [IO-Worker-9/DEBUG] [org.sinytra.wiki.exporter.render.ImageWriter/]: Exported png to: C:\Users\Andrewthepika\IdeaProjects\Minefinity\run\wiki_exporter\render\minecraft\observer.png
[01Oct2026 19:46:19.656] [IO-Worker-12/DEBUG] [org.sinytra.wiki.exporter.render.ImageWriter/]: Exported png to: C:\Users\Andrewthepika\IdeaProjects\Minefinity\run\wiki_exporter\render\minecraft\cooked_mutton.png
[01Oct2026 19:46:19.657] [IO-Worker-7/DEBUG] [org.sinytra.wiki.exporter.render.ImageWriter/]: Exported png to: C:\Users\Andrewthepika\IdeaProjects\Minefinity\run\wiki_exporter\render\minecraft\mangrove_leaves.png
[01Oct2026 19:46:19.658] [IO-Worker-8/DEBUG] [org.sinytra.wiki.exporter.render.ImageWriter/]: Exported png to: C:\Users\Andrewthepika\IdeaProjects\Minefinity\run\wiki_exporter\render\minecraft\golden_carrot.png
[01Oct2026 19:46:19.660] [IO-Worker-13/DEBUG] [org.sinytra.wiki.exporter.render.ImageWriter/]: Exported png to: C:\Users\Andrewthepika\IdeaProjects\Minefinity\run\wiki_exporter\render\minecraft\stonecutter.png
[01Oct2026 19:46:19.664] [IO-Worker-3/DEBUG] [org.sinytra.wiki.exporter.render.ImageWriter/]: Exported png to: C:\Users\Andrewthepika\IdeaProjects\Minefinity\run\wiki_exporter\render\minecraft\axolotl_spawn_egg.png
[01Oct2026 19:46:19.665] [IO-Worker-14/DEBUG] [org.sinytra.wiki.exporter.render.ImageWriter/]: Exported png to: C:\Users\Andrewthepika\IdeaProjects\Minefinity\run\wiki_exporter\render\minecraft\cookie.png
[01Oct2026 19:46:19.670] [IO-Worker-11/DEBUG] [org.sinytra.wiki.exporter.render.ImageWriter/]: Exported png to: C:\Users\Andrewthepika\IdeaProjects\Minefinity\run\wiki_exporter\render\minecraft\light_blue_shulker_box.png
[01Oct2026 19:46:19.674] [IO-Worker-6/DEBUG] [org.sinytra.wiki.exporter.render.ImageWriter/]: Exported png to: C:\Users\Andrewthepika\IdeaProjects\Minefinity\run\wiki_exporter\render\minecraft\crimson_sign.png
[01Oct2026 19:46:19.674] [IO-Worker-10/DEBUG] [org.sinytra.wiki.exporter.render.ImageWriter/]: Exported png to: C:\Users\Andrewthepika\IdeaProjects\Minefinity\run\wiki_exporter\render\minecraft\armor_stand.png
[01Oct2026 19:46:19.679] [IO-Worker-9/DEBUG] [org.sinytra.wiki.exporter.render.ImageWriter/]: Exported png to: C:\Users\Andrewthepika\IdeaProjects\Minefinity\run\wiki_exporter\render\minecraft\green_concrete_powder.png
[01Oct2026 19:46:19.680] [IO-Worker-4/DEBUG] [org.sinytra.wiki.exporter.render.ImageWriter/]: Exported png to: C:\Users\Andrewthepika\IdeaProjects\Minefinity\run\wiki_exporter\render\minecraft\warped_trapdoor.png
[01Oct2026 19:46:19.686] [IO-Worker-13/DEBUG] [org.sinytra.wiki.exporter.render.ImageWriter/]: Exported png to: C:\Users\Andrewthepika\IdeaProjects\Minefinity\run\wiki_exporter\render\minecraft\cut_sandstone.png
[01Oct2026 19:46:19.687] [IO-Worker-7/DEBUG] [org.sinytra.wiki.exporter.render.ImageWriter/]: Exported png to: C:\Users\Andrewthepika\IdeaProjects\Minefinity\run\wiki_exporter\render\minecraft\waxed_cut_copper_stairs.png
[01Oct2026 19:46:19.691] [IO-Worker-8/DEBUG] [org.sinytra.wiki.exporter.render.ImageWriter/]: Exported png to: C:\Users\Andrewthepika\IdeaProjects\Minefinity\run\wiki_exporter\render\minecraft\blue_stained_glass.png
[01Oct2026 19:46:19.694] [IO-Worker-3/DEBUG] [org.sinytra.wiki.exporter.render.ImageWriter/]: Exported png to: C:\Users\Andrewthepika\IdeaProjects\Minefinity\run\wiki_exporter\render\minecraft\blackstone_wall.png
[01Oct2026 19:46:19.699] [IO-Worker-10/DEBUG] [org.sinytra.wiki.exporter.render.ImageWriter/]: Exported png to: C:\Users\Andrewthepika\IdeaProjects\Minefinity\run\wiki_exporter\render\minecraft\waxed_oxidized_copper_bulb.png
[01Oct2026 19:46:19.708] [IO-Worker-11/DEBUG] [org.sinytra.wiki.exporter.render.ImageWriter/]: Exported png to: C:\Users\Andrewthepika\IdeaProjects\Minefinity\run\wiki_exporter\render\minecraft\warped_fungus_on_a_stick.png
[01Oct2026 19:46:19.709] [IO-Worker-4/DEBUG] [org.sinytra.wiki.exporter.render.ImageWriter/]: Exported png to: C:\Users\Andrewthepika\IdeaProjects\Minefinity\run\wiki_exporter\render\minecraft\andesite_slab.png
[01Oct2026 19:46:19.714] [IO-Worker-6/DEBUG] [org.sinytra.wiki.exporter.render.ImageWriter/]: Exported png to: C:\Users\Andrewthepika\IdeaProjects\Minefinity\run\wiki_exporter\render\minecraft\ender_dragon_spawn_egg.png
[01Oct2026 19:46:19.715] [IO-Worker-8/DEBUG] [org.sinytra.wiki.exporter.render.ImageWriter/]: Exported png to: C:\Users\Andrewthepika\IdeaProjects\Minefinity\run\wiki_exporter\render\minecraft\waxed_oxidized_copper_grate.png
[01Oct2026 19:46:19.715] [IO-Worker-9/DEBUG] [org.sinytra.wiki.exporter.render.ImageWriter/]: Exported png to: C:\Users\Andrewthepika\IdeaProjects\Minefinity\run\wiki_exporter\render\minecraft\dark_oak_sapling.png
[01Oct2026 19:46:19.717] [IO-Worker-14/DEBUG] [org.sinytra.wiki.exporter.render.ImageWriter/]: Exported png to: C:\Users\Andrewthepika\IdeaProjects\Minefinity\run\wiki_exporter\render\minecraft\cyan_dye.png
[01Oct2026 19:46:19.726] [IO-Worker-7/DEBUG] [org.sinytra.wiki.exporter.render.ImageWriter/]: Exported png to: C:\Users\Andrewthepika\IdeaProjects\Minefinity\run\wiki_exporter\render\minecraft\gray_stained_glass_pane.png
[01Oct2026 19:46:19.728] [IO-Worker-12/DEBUG] [org.sinytra.wiki.exporter.render.ImageWriter/]: Exported png to: C:\Users\Andrewthepika\IdeaProjects\Minefinity\run\wiki_exporter\render\minecraft\exposed_chiseled_copper.png
[01Oct2026 19:46:19.729] [IO-Worker-3/DEBUG] [org.sinytra.wiki.exporter.render.ImageWriter/]: Exported png to: C:\Users\Andrewthepika\IdeaProjects\Minefinity\run\wiki_exporter\render\minecraft\evoker_spawn_egg.png
[01Oct2026 19:46:19.730] [IO-Worker-13/DEBUG] [org.sinytra.wiki.exporter.render.ImageWriter/]: Exported png to: C:\Users\Andrewthepika\IdeaProjects\Minefinity\run\wiki_exporter\render\minecraft\air.png
[01Oct2026 19:46:19.743] [IO-Worker-4/DEBUG] [org.sinytra.wiki.exporter.render.ImageWriter/]: Exported png to: C:\Users\Andrewthepika\IdeaProjects\Minefinity\run\wiki_exporter\render\minecraft\iron_nugget.png
[01Oct2026 19:46:19.744] [IO-Worker-14/DEBUG] [org.sinytra.wiki.exporter.render.ImageWriter/]: Exported png to: C:\Users\Andrewthepika\IdeaProjects\Minefinity\run\wiki_exporter\render\minecraft\jungle_fence.png
[01Oct2026 19:46:19.752] [IO-Worker-9/DEBUG] [org.sinytra.wiki.exporter.render.ImageWriter/]: Exported png to: C:\Users\Andrewthepika\IdeaProjects\Minefinity\run\wiki_exporter\render\minecraft\stone_shovel.png
[01Oct2026 19:46:19.756] [IO-Worker-13/DEBUG] [org.sinytra.wiki.exporter.render.ImageWriter/]: Exported png to: C:\Users\Andrewthepika\IdeaProjects\Minefinity\run\wiki_exporter\render\minecraft\black_concrete_powder.png
[01Oct2026 19:46:19.757] [IO-Worker-8/DEBUG] [org.sinytra.wiki.exporter.render.ImageWriter/]: Exported png to: C:\Users\Andrewthepika\IdeaProjects\Minefinity\run\wiki_exporter\render\minecraft\barrier.png
[01Oct2026 19:46:19.759] [IO-Worker-7/DEBUG] [org.sinytra.wiki.exporter.render.ImageWriter/]: Exported png to: C:\Users\Andrewthepika\IdeaProjects\Minefinity\run\wiki_exporter\render\minecraft\lime_shulker_box.png
[01Oct2026 19:46:19.762] [IO-Worker-11/DEBUG] [org.sinytra.wiki.exporter.render.ImageWriter/]: Exported png to: C:\Users\Andrewthepika\IdeaProjects\Minefinity\run\wiki_exporter\render\minecraft\suspicious_sand.png
[01Oct2026 19:46:19.764] [IO-Worker-3/DEBUG] [org.sinytra.wiki.exporter.render.ImageWriter/]: Exported png to: C:\Users\Andrewthepika\IdeaProjects\Minefinity\run\wiki_exporter\render\minecraft\wolf_spawn_egg.png
[01Oct2026 19:46:19.767] [IO-Worker-12/DEBUG] [org.sinytra.wiki.exporter.render.ImageWriter/]: Exported png to: C:\Users\Andrewthepika\IdeaProjects\Minefinity\run\wiki_exporter\render\minecraft\flow_banner_pattern.png
[01Oct2026 19:46:19.768] [IO-Worker-6/DEBUG] [org.sinytra.wiki.exporter.render.ImageWriter/]: Exported png to: C:\Users\Andrewthepika\IdeaProjects\Minefinity\run\wiki_exporter\render\minecraft\oak_button.png
[01Oct2026 19:46:19.779] [IO-Worker-14/DEBUG] [org.sinytra.wiki.exporter.render.ImageWriter/]: Exported png to: C:\Users\Andrewthepika\IdeaProjects\Minefinity\run\wiki_exporter\render\minecraft\spruce_door.png
[01Oct2026 19:46:19.780] [IO-Worker-4/DEBUG] [org.sinytra.wiki.exporter.render.ImageWriter/]: Exported png to: C:\Users\Andrewthepika\IdeaProjects\Minefinity\run\wiki_exporter\render\minecraft\yellow_candle.png
[01Oct2026 19:46:19.789] [IO-Worker-11/DEBUG] [org.sinytra.wiki.exporter.render.ImageWriter/]: Exported png to: C:\Users\Andrewthepika\IdeaProjects\Minefinity\run\wiki_exporter\render\minecraft\gray_shulker_box.png
[01Oct2026 19:46:19.793] [IO-Worker-12/DEBUG] [org.sinytra.wiki.exporter.render.ImageWriter/]: Exported png to: C:\Users\Andrewthepika\IdeaProjects\Minefinity\run\wiki_exporter\render\minecraft\green_bed.png
[01Oct2026 19:46:19.795] [IO-Worker-8/DEBUG] [org.sinytra.wiki.exporter.render.ImageWriter/]: Exported png to: C:\Users\Andrewthepika\IdeaProjects\Minefinity\run\wiki_exporter\render\minecraft\gray_candle.png
[01Oct2026 19:46:19.796] [IO-Worker-7/DEBUG] [org.sinytra.wiki.exporter.render.ImageWriter/]: Exported png to: C:\Users\Andrewthepika\IdeaProjects\Minefinity\run\wiki_exporter\render\minecraft\filled_map.png
[01Oct2026 19:46:19.798] [IO-Worker-13/DEBUG] [org.sinytra.wiki.exporter.render.ImageWriter/]: Exported png to: C:\Users\Andrewthepika\IdeaProjects\Minefinity\run\wiki_exporter\render\minecraft\purple_stained_glass_pane.png
[01Oct2026 19:46:19.799] [IO-Worker-6/DEBUG] [org.sinytra.wiki.exporter.render.ImageWriter/]: Exported png to: C:\Users\Andrewthepika\IdeaProjects\Minefinity\run\wiki_exporter\render\minecraft\gray_stained_glass.png
[01Oct2026 19:46:19.800] [IO-Worker-3/DEBUG] [org.sinytra.wiki.exporter.render.ImageWriter/]: Exported png to: C:\Users\Andrewthepika\IdeaProjects\Minefinity\run\wiki_exporter\render\minecraft\netherite_boots.png
[01Oct2026 19:46:19.806] [IO-Worker-1/DEBUG] [org.sinytra.wiki.exporter.render.ImageWriter/]: Exported png to: C:\Users\Andrewthepika\IdeaProjects\Minefinity\run\wiki_exporter\render\minecraft\crimson_trapdoor.png
[01Oct2026 19:46:19.807] [IO-Worker-9/DEBUG] [org.sinytra.wiki.exporter.render.ImageWriter/]: Exported png to: C:\Users\Andrewthepika\IdeaProjects\Minefinity\run\wiki_exporter\render\minecraft\piglin_spawn_egg.png
[01Oct2026 19:46:19.810] [IO-Worker-10/DEBUG] [org.sinytra.wiki.exporter.render.ImageWriter/]: Exported png to: C:\Users\Andrewthepika\IdeaProjects\Minefinity\run\wiki_exporter\render\minecraft\scrape_pottery_sherd.png
[01Oct2026 19:46:19.815] [IO-Worker-4/DEBUG] [org.sinytra.wiki.exporter.render.ImageWriter/]: Exported png to: C:\Users\Andrewthepika\IdeaProjects\Minefinity\run\wiki_exporter\render\minecraft\bone_meal.png
[01Oct2026 19:46:19.820] [IO-Worker-12/DEBUG] [org.sinytra.wiki.exporter.render.ImageWriter/]: Exported png to: C:\Users\Andrewthepika\IdeaProjects\Minefinity\run\wiki_exporter\render\minecraft\dirt_path.png
[01Oct2026 19:46:19.820] [IO-Worker-7/DEBUG] [org.sinytra.wiki.exporter.render.ImageWriter/]: Exported png to: C:\Users\Andrewthepika\IdeaProjects\Minefinity\run\wiki_exporter\render\minecraft\bamboo_mosaic_stairs.png
[01Oct2026 19:46:19.822] [IO-Worker-8/DEBUG] [org.sinytra.wiki.exporter.render.ImageWriter/]: Exported png to: C:\Users\Andrewthepika\IdeaProjects\Minefinity\run\wiki_exporter\render\minecraft\suspicious_gravel.png
[01Oct2026 19:46:19.824] [IO-Worker-6/DEBUG] [org.sinytra.wiki.exporter.render.ImageWriter/]: Exported png to: C:\Users\Andrewthepika\IdeaProjects\Minefinity\run\wiki_exporter\render\minecraft\cyan_glazed_terracotta.png
[01Oct2026 19:46:19.825] [IO-Worker-3/DEBUG] [org.sinytra.wiki.exporter.render.ImageWriter/]: Exported png to: C:\Users\Andrewthepika\IdeaProjects\Minefinity\run\wiki_exporter\render\minecraft\green_glazed_terracotta.png
[01Oct2026 19:46:19.828] [IO-Worker-13/DEBUG] [org.sinytra.wiki.exporter.render.ImageWriter/]: Exported png to: C:\Users\Andrewthepika\IdeaProjects\Minefinity\run\wiki_exporter\render\minecraft\light_gray_concrete.png
[01Oct2026 19:46:19.830] [IO-Worker-9/DEBUG] [org.sinytra.wiki.exporter.render.ImageWriter/]: Exported png to: C:\Users\Andrewthepika\IdeaProjects\Minefinity\run\wiki_exporter\render\minecraft\red_glazed_terracotta.png
[01Oct2026 19:46:19.838] [IO-Worker-11/DEBUG] [org.sinytra.wiki.exporter.render.ImageWriter/]: Exported png to: C:\Users\Andrewthepika\IdeaProjects\Minefinity\run\wiki_exporter\render\minecraft\heartbreak_pottery_sherd.png
[01Oct2026 19:46:19.838] [IO-Worker-10/DEBUG] [org.sinytra.wiki.exporter.render.ImageWriter/]: Exported png to: C:\Users\Andrewthepika\IdeaProjects\Minefinity\run\wiki_exporter\render\minecraft\nether_brick_slab.png
[01Oct2026 19:46:19.845] [IO-Worker-1/DEBUG] [org.sinytra.wiki.exporter.render.ImageWriter/]: Exported png to: C:\Users\Andrewthepika\IdeaProjects\Minefinity\run\wiki_exporter\render\minecraft\endermite_spawn_egg.png
[01Oct2026 19:46:19.847] [IO-Worker-6/DEBUG] [org.sinytra.wiki.exporter.render.ImageWriter/]: Exported png to: C:\Users\Andrewthepika\IdeaProjects\Minefinity\run\wiki_exporter\render\minecraft\bamboo_planks.png
[01Oct2026 19:46:19.850] [IO-Worker-7/DEBUG] [org.sinytra.wiki.exporter.render.ImageWriter/]: Exported png to: C:\Users\Andrewthepika\IdeaProjects\Minefinity\run\wiki_exporter\render\minecraft\tuff_brick_wall.png
[01Oct2026 19:46:19.851] [IO-Worker-4/DEBUG] [org.sinytra.wiki.exporter.render.ImageWriter/]: Exported png to: C:\Users\Andrewthepika\IdeaProjects\Minefinity\run\wiki_exporter\render\minecraft\enchanted_book.png
[01Oct2026 19:46:19.855] [IO-Worker-13/DEBUG] [org.sinytra.wiki.exporter.render.ImageWriter/]: Exported png to: C:\Users\Andrewthepika\IdeaProjects\Minefinity\run\wiki_exporter\render\minecraft\wither_skeleton_skull.png
[01Oct2026 19:46:19.862] [IO-Worker-3/DEBUG] [org.sinytra.wiki.exporter.render.ImageWriter/]: Exported png to: C:\Users\Andrewthepika\IdeaProjects\Minefinity\run\wiki_exporter\render\minecraft\stone_hoe.png
[01Oct2026 19:46:19.866] [IO-Worker-9/DEBUG] [org.sinytra.wiki.exporter.render.ImageWriter/]: Exported png to: C:\Users\Andrewthepika\IdeaProjects\Minefinity\run\wiki_exporter\render\minecraft\string.png
[01Oct2026 19:46:19.868] [IO-Worker-8/DEBUG] [org.sinytra.wiki.exporter.render.ImageWriter/]: Exported png to: C:\Users\Andrewthepika\IdeaProjects\Minefinity\run\wiki_exporter\render\minecraft\brush.png
[01Oct2026 19:46:19.870] [IO-Worker-5/DEBUG] [org.sinytra.wiki.exporter.render.ImageWriter/]: Exported png to: C:\Users\Andrewthepika\IdeaProjects\Minefinity\run\wiki_exporter\render\minecraft\exposed_copper_grate.png
[01Oct2026 19:46:19.870] [IO-Worker-12/DEBUG] [org.sinytra.wiki.exporter.render.ImageWriter/]: Exported png to: C:\Users\Andrewthepika\IdeaProjects\Minefinity\run\wiki_exporter\render\minecraft\dead_bubble_coral.png
[01Oct2026 19:46:19.871] [IO-Worker-11/DEBUG] [org.sinytra.wiki.exporter.render.ImageWriter/]: Exported png to: C:\Users\Andrewthepika\IdeaProjects\Minefinity\run\wiki_exporter\render\minecraft\snow.png
[01Oct2026 19:46:19.876] [IO-Worker-10/DEBUG] [org.sinytra.wiki.exporter.render.ImageWriter/]: Exported png to: C:\Users\Andrewthepika\IdeaProjects\Minefinity\run\wiki_exporter\render\minecraft\painting.png
[01Oct2026 19:46:19.879] [IO-Worker-14/DEBUG] [org.sinytra.wiki.exporter.render.ImageWriter/]: Exported png to: C:\Users\Andrewthepika\IdeaProjects\Minefinity\run\wiki_exporter\render\minecraft\wither_spawn_egg.png
[01Oct2026 19:46:19.881] [IO-Worker-4/DEBUG] [org.sinytra.wiki.exporter.render.ImageWriter/]: Exported png to: C:\Users\Andrewthepika\IdeaProjects\Minefinity\run\wiki_exporter\render\minecraft\dark_oak_pressure_plate.png
[01Oct2026 19:46:19.881] [IO-Worker-7/DEBUG] [org.sinytra.wiki.exporter.render.ImageWriter/]: Exported png to: C:\Users\Andrewthepika\IdeaProjects\Minefinity\run\wiki_exporter\render\minecraft\bamboo_stairs.png
[01Oct2026 19:46:19.893] [IO-Worker-13/DEBUG] [org.sinytra.wiki.exporter.render.ImageWriter/]: Exported png to: C:\Users\Andrewthepika\IdeaProjects\Minefinity\run\wiki_exporter\render\minecraft\creeper_spawn_egg.png
[01Oct2026 19:46:19.893] [IO-Worker-12/DEBUG] [org.sinytra.wiki.exporter.render.ImageWriter/]: Exported png to: C:\Users\Andrewthepika\IdeaProjects\Minefinity\run\wiki_exporter\render\minecraft\smooth_stone.png
[01Oct2026 19:46:19.899] [IO-Worker-3/DEBUG] [org.sinytra.wiki.exporter.render.ImageWriter/]: Exported png to: C:\Users\Andrewthepika\IdeaProjects\Minefinity\run\wiki_exporter\render\minecraft\rabbit.png
[01Oct2026 19:46:19.902] [IO-Worker-14/DEBUG] [org.sinytra.wiki.exporter.render.ImageWriter/]: Exported png to: C:\Users\Andrewthepika\IdeaProjects\Minefinity\run\wiki_exporter\render\minecraft\oxidized_copper.png
[01Oct2026 19:46:19.902] [IO-Worker-5/DEBUG] [org.sinytra.wiki.exporter.render.ImageWriter/]: Exported png to: C:\Users\Andrewthepika\IdeaProjects\Minefinity\run\wiki_exporter\render\minecraft\crafting_table.png
[01Oct2026 19:46:19.905] [IO-Worker-7/DEBUG] [org.sinytra.wiki.exporter.render.ImageWriter/]: Exported png to: C:\Users\Andrewthepika\IdeaProjects\Minefinity\run\wiki_exporter\render\minecraft\stripped_jungle_wood.png
[01Oct2026 19:46:19.908] [IO-Worker-11/DEBUG] [org.sinytra.wiki.exporter.render.ImageWriter/]: Exported png to: C:\Users\Andrewthepika\IdeaProjects\Minefinity\run\wiki_exporter\render\minecraft\armadillo_spawn_egg.png
[01Oct2026 19:46:19.912] [IO-Worker-10/DEBUG] [org.sinytra.wiki.exporter.render.ImageWriter/]: Exported png to: C:\Users\Andrewthepika\IdeaProjects\Minefinity\run\wiki_exporter\render\minecraft\chorus_fruit.png
[01Oct2026 19:46:19.920] [IO-Worker-4/DEBUG] [org.sinytra.wiki.exporter.render.ImageWriter/]: Exported png to: C:\Users\Andrewthepika\IdeaProjects\Minefinity\run\wiki_exporter\render\minecraft\dark_oak_hanging_sign.png
[01Oct2026 19:46:19.921] [IO-Worker-13/DEBUG] [org.sinytra.wiki.exporter.render.ImageWriter/]: Exported png to: C:\Users\Andrewthepika\IdeaProjects\Minefinity\run\wiki_exporter\render\minecraft\polished_granite.png
[01Oct2026 19:46:19.922] [IO-Worker-8/DEBUG] [org.sinytra.wiki.exporter.render.ImageWriter/]: Exported png to: C:\Users\Andrewthepika\IdeaProjects\Minefinity\run\wiki_exporter\render\minecraft\wither_rose.png
[01Oct2026 19:46:19.926] [IO-Worker-12/DEBUG] [org.sinytra.wiki.exporter.render.ImageWriter/]: Exported png to: C:\Users\Andrewthepika\IdeaProjects\Minefinity\run\wiki_exporter\render\minecraft\gray_carpet.png
[01Oct2026 19:46:19.930] [IO-Worker-9/DEBUG] [org.sinytra.wiki.exporter.render.ImageWriter/]: Exported png to: C:\Users\Andrewthepika\IdeaProjects\Minefinity\run\wiki_exporter\render\minecraft\yellow_stained_glass.png
[01Oct2026 19:46:19.933] [IO-Worker-11/DEBUG] [org.sinytra.wiki.exporter.render.ImageWriter/]: Exported png to: C:\Users\Andrewthepika\IdeaProjects\Minefinity\run\wiki_exporter\render\minecraft\infested_deepslate.png
[01Oct2026 19:46:19.938] [IO-Worker-5/DEBUG] [org.sinytra.wiki.exporter.render.ImageWriter/]: Exported png to: C:\Users\Andrewthepika\IdeaProjects\Minefinity\run\wiki_exporter\render\minecraft\feather.png
[01Oct2026 19:46:19.938] [IO-Worker-3/DEBUG] [org.sinytra.wiki.exporter.render.ImageWriter/]: Exported png to: C:\Users\Andrewthepika\IdeaProjects\Minefinity\run\wiki_exporter\render\minecraft\wild_armor_trim_smithing_template.png
[01Oct2026 19:46:19.940] [IO-Worker-7/DEBUG] [org.sinytra.wiki.exporter.render.ImageWriter/]: Exported png to: C:\Users\Andrewthepika\IdeaProjects\Minefinity\run\wiki_exporter\render\minecraft\birch_door.png
[01Oct2026 19:46:19.946] [IO-Worker-13/DEBUG] [org.sinytra.wiki.exporter.render.ImageWriter/]: Exported png to: C:\Users\Andrewthepika\IdeaProjects\Minefinity\run\wiki_exporter\render\minecraft\mud_brick_stairs.png
[01Oct2026 19:46:19.948] [IO-Worker-4/DEBUG] [org.sinytra.wiki.exporter.render.ImageWriter/]: Exported png to: C:\Users\Andrewthepika\IdeaProjects\Minefinity\run\wiki_exporter\render\minecraft\infested_stone.png
[01Oct2026 19:46:19.950] [IO-Worker-10/DEBUG] [org.sinytra.wiki.exporter.render.ImageWriter/]: Exported png to: C:\Users\Andrewthepika\IdeaProjects\Minefinity\run\wiki_exporter\render\minecraft\waxed_weathered_copper_door.png
[01Oct2026 19:46:19.951] [IO-Worker-14/DEBUG] [org.sinytra.wiki.exporter.render.ImageWriter/]: Exported png to: C:\Users\Andrewthepika\IdeaProjects\Minefinity\run\wiki_exporter\render\minecraft\glistering_melon_slice.png
[01Oct2026 19:46:19.959] [IO-Worker-8/DEBUG] [org.sinytra.wiki.exporter.render.ImageWriter/]: Exported png to: C:\Users\Andrewthepika\IdeaProjects\Minefinity\run\wiki_exporter\render\minecraft\rose_bush.png
[01Oct2026 19:46:19.962] [IO-Worker-11/DEBUG] [org.sinytra.wiki.exporter.render.ImageWriter/]: Exported png to: C:\Users\Andrewthepika\IdeaProjects\Minefinity\run\wiki_exporter\render\minecraft\birch_pressure_plate.png
[01Oct2026 19:46:19.965] [IO-Worker-12/DEBUG] [org.sinytra.wiki.exporter.render.ImageWriter/]: Exported png to: C:\Users\Andrewthepika\IdeaProjects\Minefinity\run\wiki_exporter\render\minecraft\donkey_spawn_egg.png
[01Oct2026 19:46:19.965] [IO-Worker-7/DEBUG] [org.sinytra.wiki.exporter.render.ImageWriter/]: Exported png to: C:\Users\Andrewthepika\IdeaProjects\Minefinity\run\wiki_exporter\render\minecraft\lodestone.png
[01Oct2026 19:46:19.966] [IO-Worker-3/DEBUG] [org.sinytra.wiki.exporter.render.ImageWriter/]: Exported png to: C:\Users\Andrewthepika\IdeaProjects\Minefinity\run\wiki_exporter\render\minecraft\brown_concrete_powder.png
[01Oct2026 19:46:19.966] [IO-Worker-9/DEBUG] [org.sinytra.wiki.exporter.render.ImageWriter/]: Exported png to: C:\Users\Andrewthepika\IdeaProjects\Minefinity\run\wiki_exporter\render\minecraft\music_disc_ward.png
[01Oct2026 19:46:19.972] [IO-Worker-6/DEBUG] [org.sinytra.wiki.exporter.render.ImageWriter/]: Exported png to: C:\Users\Andrewthepika\IdeaProjects\Minefinity\run\wiki_exporter\render\minecraft\dead_brain_coral.png
[01Oct2026 19:46:19.985] [IO-Worker-10/DEBUG] [org.sinytra.wiki.exporter.render.ImageWriter/]: Exported png to: C:\Users\Andrewthepika\IdeaProjects\Minefinity\run\wiki_exporter\render\minecraft\creeper_head.png
[01Oct2026 19:46:19.988] [IO-Worker-14/DEBUG] [org.sinytra.wiki.exporter.render.ImageWriter/]: Exported png to: C:\Users\Andrewthepika\IdeaProjects\Minefinity\run\wiki_exporter\render\minecraft\vine.png
[01Oct2026 19:46:19.994] [IO-Worker-7/DEBUG] [org.sinytra.wiki.exporter.render.ImageWriter/]: Exported png to: C:\Users\Andrewthepika\IdeaProjects\Minefinity\run\wiki_exporter\render\minecraft\soul_sand.png
[01Oct2026 19:46:19.995] [IO-Worker-4/DEBUG] [org.sinytra.wiki.exporter.render.ImageWriter/]: Exported png to: C:\Users\Andrewthepika\IdeaProjects\Minefinity\run\wiki_exporter\render\minecraft\tube_coral.png
[01Oct2026 19:46:19.997] [IO-Worker-6/DEBUG] [org.sinytra.wiki.exporter.render.ImageWriter/]: Exported png to: C:\Users\Andrewthepika\IdeaProjects\Minefinity\run\wiki_exporter\render\minecraft\bubble_coral_block.png
[01Oct2026 19:46:20.001] [IO-Worker-9/DEBUG] [org.sinytra.wiki.exporter.render.ImageWriter/]: Exported png to: C:\Users\Andrewthepika\IdeaProjects\Minefinity\run\wiki_exporter\render\minecraft\glow_berries.png
[01Oct2026 19:46:20.004] [IO-Worker-8/DEBUG] [org.sinytra.wiki.exporter.render.ImageWriter/]: Exported png to: C:\Users\Andrewthepika\IdeaProjects\Minefinity\run\wiki_exporter\render\minecraft\cyan_terracotta.png
[01Oct2026 19:46:20.005] [IO-Worker-3/DEBUG] [org.sinytra.wiki.exporter.render.ImageWriter/]: Exported png to: C:\Users\Andrewthepika\IdeaProjects\Minefinity\run\wiki_exporter\render\minecraft\zoglin_spawn_egg.png
[01Oct2026 19:46:20.010] [IO-Worker-12/DEBUG] [org.sinytra.wiki.exporter.render.ImageWriter/]: Exported png to: C:\Users\Andrewthepika\IdeaProjects\Minefinity\run\wiki_exporter\render\minecraft\melon_seeds.png
[01Oct2026 19:46:20.011] [IO-Worker-13/DEBUG] [org.sinytra.wiki.exporter.render.ImageWriter/]: Exported png to: C:\Users\Andrewthepika\IdeaProjects\Minefinity\run\wiki_exporter\render\minecraft\magenta_carpet.png
[01Oct2026 19:46:20.014] [IO-Worker-11/DEBUG] [org.sinytra.wiki.exporter.render.ImageWriter/]: Exported png to: C:\Users\Andrewthepika\IdeaProjects\Minefinity\run\wiki_exporter\render\minecraft\oxeye_daisy.png
[01Oct2026 19:46:20.016] [IO-Worker-7/DEBUG] [org.sinytra.wiki.exporter.render.ImageWriter/]: Exported png to: C:\Users\Andrewthepika\IdeaProjects\Minefinity\run\wiki_exporter\render\minecraft\jungle_wood.png
[01Oct2026 19:46:20.018] [IO-Worker-14/DEBUG] [org.sinytra.wiki.exporter.render.ImageWriter/]: Exported png to: C:\Users\Andrewthepika\IdeaProjects\Minefinity\run\wiki_exporter\render\minecraft\weathered_copper_trapdoor.png
[01Oct2026 19:46:20.019] [IO-Worker-6/DEBUG] [org.sinytra.wiki.exporter.render.ImageWriter/]: Exported png to: C:\Users\Andrewthepika\IdeaProjects\Minefinity\run\wiki_exporter\render\minecraft\crimson_nylium.png
[01Oct2026 19:46:20.023] [IO-Worker-10/DEBUG] [org.sinytra.wiki.exporter.render.ImageWriter/]: Exported png to: C:\Users\Andrewthepika\IdeaProjects\Minefinity\run\wiki_exporter\render\minecraft\granite_stairs.png
[01Oct2026 19:46:20.033] [IO-Worker-4/DEBUG] [org.sinytra.wiki.exporter.render.ImageWriter/]: Exported png to: C:\Users\Andrewthepika\IdeaProjects\Minefinity\run\wiki_exporter\render\minecraft\fishing_rod.png
[01Oct2026 19:46:20.039] [IO-Worker-7/DEBUG] [org.sinytra.wiki.exporter.render.ImageWriter/]: Exported png to: C:\Users\Andrewthepika\IdeaProjects\Minefinity\run\wiki_exporter\render\minecraft\mud_bricks.png
[01Oct2026 19:46:20.040] [IO-Worker-9/DEBUG] [org.sinytra.wiki.exporter.render.ImageWriter/]: Exported png to: C:\Users\Andrewthepika\IdeaProjects\Minefinity\run\wiki_exporter\render\minecraft\iron_shovel.png
[01Oct2026 19:46:20.042] [IO-Worker-8/DEBUG] [org.sinytra.wiki.exporter.render.ImageWriter/]: Exported png to: C:\Users\Andrewthepika\IdeaProjects\Minefinity\run\wiki_exporter\render\minecraft\chiseled_polished_blackstone.png
[01Oct2026 19:46:20.042] [IO-Worker-12/DEBUG] [org.sinytra.wiki.exporter.render.ImageWriter/]: Exported png to: C:\Users\Andrewthepika\IdeaProjects\Minefinity\run\wiki_exporter\render\minecraft\nether_star.png
[01Oct2026 19:46:20.043] [IO-Worker-3/DEBUG] [org.sinytra.wiki.exporter.render.ImageWriter/]: Exported png to: C:\Users\Andrewthepika\IdeaProjects\Minefinity\run\wiki_exporter\render\minecraft\netherite_chestplate.png
[01Oct2026 19:46:20.049] [IO-Worker-13/DEBUG] [org.sinytra.wiki.exporter.render.ImageWriter/]: Exported png to: C:\Users\Andrewthepika\IdeaProjects\Minefinity\run\wiki_exporter\render\minecraft\iron_leggings.png
[01Oct2026 19:46:20.050] [IO-Worker-11/DEBUG] [org.sinytra.wiki.exporter.render.ImageWriter/]: Exported png to: C:\Users\Andrewthepika\IdeaProjects\Minefinity\run\wiki_exporter\render\minecraft\bamboo_sign.png
[01Oct2026 19:46:20.054] [IO-Worker-14/DEBUG] [org.sinytra.wiki.exporter.render.ImageWriter/]: Exported png to: C:\Users\Andrewthepika\IdeaProjects\Minefinity\run\wiki_exporter\render\minecraft\chiseled_copper.png
[01Oct2026 19:46:20.062] [IO-Worker-10/DEBUG] [org.sinytra.wiki.exporter.render.ImageWriter/]: Exported png to: C:\Users\Andrewthepika\IdeaProjects\Minefinity\run\wiki_exporter\render\minecraft\exposed_copper_door.png
[01Oct2026 19:46:20.064] [IO-Worker-6/DEBUG] [org.sinytra.wiki.exporter.render.ImageWriter/]: Exported png to: C:\Users\Andrewthepika\IdeaProjects\Minefinity\run\wiki_exporter\render\minecraft\flint_and_steel.png
[01Oct2026 19:46:20.065] [IO-Worker-9/DEBUG] [org.sinytra.wiki.exporter.render.ImageWriter/]: Exported png to: C:\Users\Andrewthepika\IdeaProjects\Minefinity\run\wiki_exporter\render\minecraft\stripped_oak_wood.png
[01Oct2026 19:46:20.074] [IO-Worker-13/DEBUG] [org.sinytra.wiki.exporter.render.ImageWriter/]: Exported png to: C:\Users\Andrewthepika\IdeaProjects\Minefinity\run\wiki_exporter\render\minecraft\clay.png
[01Oct2026 19:46:20.074] [IO-Worker-11/DEBUG] [org.sinytra.wiki.exporter.render.ImageWriter/]: Exported png to: C:\Users\Andrewthepika\IdeaProjects\Minefinity\run\wiki_exporter\render\minecraft\basalt.png
[01Oct2026 19:46:20.080] [IO-Worker-12/DEBUG] [org.sinytra.wiki.exporter.render.ImageWriter/]: Exported png to: C:\Users\Andrewthepika\IdeaProjects\Minefinity\run\wiki_exporter\render\minecraft\lily_of_the_valley.png
[01Oct2026 19:46:20.082] [IO-Worker-3/DEBUG] [org.sinytra.wiki.exporter.render.ImageWriter/]: Exported png to: C:\Users\Andrewthepika\IdeaProjects\Minefinity\run\wiki_exporter\render\minecraft\charcoal.png
[01Oct2026 19:46:20.084] [IO-Worker-8/DEBUG] [org.sinytra.wiki.exporter.render.ImageWriter/]: Exported png to: C:\Users\Andrewthepika\IdeaProjects\Minefinity\run\wiki_exporter\render\minecraft\golden_chestplate.png
[01Oct2026 19:46:20.085] [IO-Worker-7/DEBUG] [org.sinytra.wiki.exporter.render.ImageWriter/]: Exported png to: C:\Users\Andrewthepika\IdeaProjects\Minefinity\run\wiki_exporter\render\minecraft\deepslate_tile_slab.png
[01Oct2026 19:46:20.091] [IO-Worker-14/DEBUG] [org.sinytra.wiki.exporter.render.ImageWriter/]: Exported png to: C:\Users\Andrewthepika\IdeaProjects\Minefinity\run\wiki_exporter\render\minecraft\snort_pottery_sherd.png
[01Oct2026 19:46:20.092] [IO-Worker-6/DEBUG] [org.sinytra.wiki.exporter.render.ImageWriter/]: Exported png to: C:\Users\Andrewthepika\IdeaProjects\Minefinity\run\wiki_exporter\render\minecraft\composter.png
[01Oct2026 19:46:20.098] [IO-Worker-10/DEBUG] [org.sinytra.wiki.exporter.render.ImageWriter/]: Exported png to: C:\Users\Andrewthepika\IdeaProjects\Minefinity\run\wiki_exporter\render\minecraft\diamond_hoe.png
[01Oct2026 19:46:20.101] [IO-Worker-9/DEBUG] [org.sinytra.wiki.exporter.render.ImageWriter/]: Exported png to: C:\Users\Andrewthepika\IdeaProjects\Minefinity\run\wiki_exporter\render\minecraft\recovery_compass.png
[01Oct2026 19:46:20.103] [IO-Worker-4/DEBUG] [org.sinytra.wiki.exporter.render.ImageWriter/]: Exported png to: C:\Users\Andrewthepika\IdeaProjects\Minefinity\run\wiki_exporter\render\minecraft\purple_shulker_box.png
[01Oct2026 19:46:20.103] [IO-Worker-13/DEBUG] [org.sinytra.wiki.exporter.render.ImageWriter/]: Exported png to: C:\Users\Andrewthepika\IdeaProjects\Minefinity\run\wiki_exporter\render\minecraft\polished_diorite_slab.png
[01Oct2026 19:46:20.112] [IO-Worker-11/DEBUG] [org.sinytra.wiki.exporter.render.ImageWriter/]: Exported png to: C:\Users\Andrewthepika\IdeaProjects\Minefinity\run\wiki_exporter\render\minecraft\candle.png
[01Oct2026 19:46:20.114] [IO-Worker-7/DEBUG] [org.sinytra.wiki.exporter.render.ImageWriter/]: Exported png to: C:\Users\Andrewthepika\IdeaProjects\Minefinity\run\wiki_exporter\render\minecraft\waxed_weathered_copper_trapdoor.png
[01Oct2026 19:46:20.116] [IO-Worker-8/DEBUG] [org.sinytra.wiki.exporter.render.ImageWriter/]: Exported png to: C:\Users\Andrewthepika\IdeaProjects\Minefinity\run\wiki_exporter\render\minecraft\dragon_egg.png
[01Oct2026 19:46:20.116] [IO-Worker-6/DEBUG] [org.sinytra.wiki.exporter.render.ImageWriter/]: Exported png to: C:\Users\Andrewthepika\IdeaProjects\Minefinity\run\wiki_exporter\render\minecraft\waxed_exposed_chiseled_copper.png
[01Oct2026 19:46:20.119] [IO-Worker-14/DEBUG] [org.sinytra.wiki.exporter.render.ImageWriter/]: Exported png to: C:\Users\Andrewthepika\IdeaProjects\Minefinity\run\wiki_exporter\render\minecraft\red_sand.png
[01Oct2026 19:46:20.122] [IO-Worker-10/DEBUG] [org.sinytra.wiki.exporter.render.ImageWriter/]: Exported png to: C:\Users\Andrewthepika\IdeaProjects\Minefinity\run\wiki_exporter\render\minecraft\black_glazed_terracotta.png
[01Oct2026 19:46:20.130] [IO-Worker-9/DEBUG] [org.sinytra.wiki.exporter.render.ImageWriter/]: Exported png to: C:\Users\Andrewthepika\IdeaProjects\Minefinity\run\wiki_exporter\render\minecraft\purpur_slab.png
[01Oct2026 19:46:20.131] [IO-Worker-3/DEBUG] [org.sinytra.wiki.exporter.render.ImageWriter/]: Exported png to: C:\Users\Andrewthepika\IdeaProjects\Minefinity\run\wiki_exporter\render\minecraft\turtle_scute.png
[01Oct2026 19:46:20.132] [IO-Worker-13/DEBUG] [org.sinytra.wiki.exporter.render.ImageWriter/]: Exported png to: C:\Users\Andrewthepika\IdeaProjects\Minefinity\run\wiki_exporter\render\minecraft\blackstone_slab.png
[01Oct2026 19:46:20.139] [IO-Worker-4/DEBUG] [org.sinytra.wiki.exporter.render.ImageWriter/]: Exported png to: C:\Users\Andrewthepika\IdeaProjects\Minefinity\run\wiki_exporter\render\minecraft\bamboo.png
[01Oct2026 19:46:20.140] [IO-Worker-14/DEBUG] [org.sinytra.wiki.exporter.render.ImageWriter/]: Exported png to: C:\Users\Andrewthepika\IdeaProjects\Minefinity\run\wiki_exporter\render\minecraft\waxed_exposed_copper_grate.png
[01Oct2026 19:46:20.142] [IO-Worker-8/DEBUG] [org.sinytra.wiki.exporter.render.ImageWriter/]: Exported png to: C:\Users\Andrewthepika\IdeaProjects\Minefinity\run\wiki_exporter\render\minecraft\polished_deepslate_stairs.png
[01Oct2026 19:46:20.148] [IO-Worker-7/DEBUG] [org.sinytra.wiki.exporter.render.ImageWriter/]: Exported png to: C:\Users\Andrewthepika\IdeaProjects\Minefinity\run\wiki_exporter\render\minecraft\bee_nest.png
[01Oct2026 19:46:20.149] [IO-Worker-10/DEBUG] [org.sinytra.wiki.exporter.render.ImageWriter/]: Exported png to: C:\Users\Andrewthepika\IdeaProjects\Minefinity\run\wiki_exporter\render\minecraft\cherry_leaves.png
[01Oct2026 19:46:20.152] [IO-Worker-6/DEBUG] [org.sinytra.wiki.exporter.render.ImageWriter/]: Exported png to: C:\Users\Andrewthepika\IdeaProjects\Minefinity\run\wiki_exporter\render\minecraft\golden_helmet.png
[01Oct2026 19:46:20.155] [IO-Worker-13/DEBUG] [org.sinytra.wiki.exporter.render.ImageWriter/]: Exported png to: C:\Users\Andrewthepika\IdeaProjects\Minefinity\run\wiki_exporter\render\minecraft\infested_cracked_stone_bricks.png
[01Oct2026 19:46:20.160] [IO-Worker-9/DEBUG] [org.sinytra.wiki.exporter.render.ImageWriter/]: Exported png to: C:\Users\Andrewthepika\IdeaProjects\Minefinity\run\wiki_exporter\render\minecraft\warped_slab.png
[01Oct2026 19:46:20.165] [IO-Worker-14/DEBUG] [org.sinytra.wiki.exporter.render.ImageWriter/]: Exported png to: C:\Users\Andrewthepika\IdeaProjects\Minefinity\run\wiki_exporter\render\minecraft\jukebox.png
[01Oct2026 19:46:20.165] [IO-Worker-11/DEBUG] [org.sinytra.wiki.exporter.render.ImageWriter/]: Exported png to: C:\Users\Andrewthepika\IdeaProjects\Minefinity\run\wiki_exporter\render\minecraft\wooden_sword.png
[01Oct2026 19:46:20.167] [IO-Worker-3/DEBUG] [org.sinytra.wiki.exporter.render.ImageWriter/]: Exported png to: C:\Users\Andrewthepika\IdeaProjects\Minefinity\run\wiki_exporter\render\minecraft\blue_stained_glass_pane.png
[01Oct2026 19:46:20.175] [IO-Worker-7/DEBUG] [org.sinytra.wiki.exporter.render.ImageWriter/]: Exported png to: C:\Users\Andrewthepika\IdeaProjects\Minefinity\run\wiki_exporter\render\minecraft\mangrove_stairs.png
[01Oct2026 19:46:20.176] [IO-Worker-8/DEBUG] [org.sinytra.wiki.exporter.render.ImageWriter/]: Exported png to: C:\Users\Andrewthepika\IdeaProjects\Minefinity\run\wiki_exporter\render\minecraft\acacia_button.png
[01Oct2026 19:46:20.178] [IO-Worker-6/DEBUG] [org.sinytra.wiki.exporter.render.ImageWriter/]: Exported png to: C:\Users\Andrewthepika\IdeaProjects\Minefinity\run\wiki_exporter\render\minecraft\red_sandstone.png
[01Oct2026 19:46:20.183] [IO-Worker-4/DEBUG] [org.sinytra.wiki.exporter.render.ImageWriter/]: Exported png to: C:\Users\Andrewthepika\IdeaProjects\Minefinity\run\wiki_exporter\render\minecraft\oak_chest_boat.png
[01Oct2026 19:46:20.188] [IO-Worker-10/DEBUG] [org.sinytra.wiki.exporter.render.ImageWriter/]: Exported png to: C:\Users\Andrewthepika\IdeaProjects\Minefinity\run\wiki_exporter\render\minecraft\white_tulip.png
[01Oct2026 19:46:20.190] [IO-Worker-13/DEBUG] [org.sinytra.wiki.exporter.render.ImageWriter/]: Exported png to: C:\Users\Andrewthepika\IdeaProjects\Minefinity\run\wiki_exporter\render\minecraft\polished_deepslate_wall.png
[01Oct2026 19:46:20.190] [IO-Worker-11/DEBUG] [org.sinytra.wiki.exporter.render.ImageWriter/]: Exported png to: C:\Users\Andrewthepika\IdeaProjects\Minefinity\run\wiki_exporter\render\minecraft\warped_hyphae.png
[01Oct2026 19:46:20.197] [IO-Worker-9/DEBUG] [org.sinytra.wiki.exporter.render.ImageWriter/]: Exported png to: C:\Users\Andrewthepika\IdeaProjects\Minefinity\run\wiki_exporter\render\minecraft\fox_spawn_egg.png
[01Oct2026 19:46:20.198] [IO-Worker-12/DEBUG] [org.sinytra.wiki.exporter.render.ImageWriter/]: Exported png to: C:\Users\Andrewthepika\IdeaProjects\Minefinity\run\wiki_exporter\render\minecraft\gold_nugget.png
[01Oct2026 19:46:20.200] [IO-Worker-6/DEBUG] [org.sinytra.wiki.exporter.render.ImageWriter/]: Exported png to: C:\Users\Andrewthepika\IdeaProjects\Minefinity\run\wiki_exporter\render\minecraft\infested_cobblestone.png
[01Oct2026 19:46:20.214] [IO-Worker-11/DEBUG] [org.sinytra.wiki.exporter.render.ImageWriter/]: Exported png to: C:\Users\Andrewthepika\IdeaProjects\Minefinity\run\wiki_exporter\render\minecraft\blast_furnace.png
[01Oct2026 19:46:20.215] [IO-Worker-8/DEBUG] [org.sinytra.wiki.exporter.render.ImageWriter/]: Exported png to: C:\Users\Andrewthepika\IdeaProjects\Minefinity\run\wiki_exporter\render\minecraft\golden_apple.png
[01Oct2026 19:46:20.219] [IO-Worker-13/DEBUG] [org.sinytra.wiki.exporter.render.ImageWriter/]: Exported png to: C:\Users\Andrewthepika\IdeaProjects\Minefinity\run\wiki_exporter\render\minecraft\chorus_plant.png
[01Oct2026 19:46:20.219] [IO-Worker-4/DEBUG] [org.sinytra.wiki.exporter.render.ImageWriter/]: Exported png to: C:\Users\Andrewthepika\IdeaProjects\Minefinity\run\wiki_exporter\render\minecraft\carrot.png
[01Oct2026 19:46:20.222] [IO-Worker-7/DEBUG] [org.sinytra.wiki.exporter.render.ImageWriter/]: Exported png to: C:\Users\Andrewthepika\IdeaProjects\Minefinity\run\wiki_exporter\render\minecraft\cobweb.png
[01Oct2026 19:46:20.223] [IO-Worker-10/DEBUG] [org.sinytra.wiki.exporter.render.ImageWriter/]: Exported png to: C:\Users\Andrewthepika\IdeaProjects\Minefinity\run\wiki_exporter\render\minecraft\small_amethyst_bud.png
[01Oct2026 19:46:20.227] [IO-Worker-12/DEBUG] [org.sinytra.wiki.exporter.render.ImageWriter/]: Exported png to: C:\Users\Andrewthepika\IdeaProjects\Minefinity\run\wiki_exporter\render\minecraft\brick_slab.png
[01Oct2026 19:46:20.237] [IO-Worker-9/DEBUG] [org.sinytra.wiki.exporter.render.ImageWriter/]: Exported png to: C:\Users\Andrewthepika\IdeaProjects\Minefinity\run\wiki_exporter\render\minecraft\kelp.png
[01Oct2026 19:46:20.240] [IO-Worker-3/DEBUG] [org.sinytra.wiki.exporter.render.ImageWriter/]: Exported png to: C:\Users\Andrewthepika\IdeaProjects\Minefinity\run\wiki_exporter\render\minecraft\cyan_banner.png
[01Oct2026 19:46:20.241] [IO-Worker-6/DEBUG] [org.sinytra.wiki.exporter.render.ImageWriter/]: Exported png to: C:\Users\Andrewthepika\IdeaProjects\Minefinity\run\wiki_exporter\render\minecraft\splash_potion.png
[01Oct2026 19:46:20.241] [IO-Worker-8/DEBUG] [org.sinytra.wiki.exporter.render.ImageWriter/]: Exported png to: C:\Users\Andrewthepika\IdeaProjects\Minefinity\run\wiki_exporter\render\minecraft\bamboo_slab.png
[01Oct2026 19:46:20.243] [IO-Worker-11/DEBUG] [org.sinytra.wiki.exporter.render.ImageWriter/]: Exported png to: C:\Users\Andrewthepika\IdeaProjects\Minefinity\run\wiki_exporter\render\minecraft\cut_red_sandstone.png
[01Oct2026 19:46:20.250] [IO-Worker-10/DEBUG] [org.sinytra.wiki.exporter.render.ImageWriter/]: Exported png to: C:\Users\Andrewthepika\IdeaProjects\Minefinity\run\wiki_exporter\render\minecraft\jungle_slab.png
[01Oct2026 19:46:20.254] [IO-Worker-12/DEBUG] [org.sinytra.wiki.exporter.render.ImageWriter/]: Exported png to: C:\Users\Andrewthepika\IdeaProjects\Minefinity\run\wiki_exporter\render\minecraft\furnace.png
[01Oct2026 19:46:20.254] [IO-Worker-7/DEBUG] [org.sinytra.wiki.exporter.render.ImageWriter/]: Exported png to: C:\Users\Andrewthepika\IdeaProjects\Minefinity\run\wiki_exporter\render\minecraft\coal_block.png
[01Oct2026 19:46:20.256] [IO-Worker-13/DEBUG] [org.sinytra.wiki.exporter.render.ImageWriter/]: Exported png to: C:\Users\Andrewthepika\IdeaProjects\Minefinity\run\wiki_exporter\render\minecraft\oak_sapling.png
[01Oct2026 19:46:20.257] [IO-Worker-14/DEBUG] [org.sinytra.wiki.exporter.render.ImageWriter/]: Exported png to: C:\Users\Andrewthepika\IdeaProjects\Minefinity\run\wiki_exporter\render\minecraft\sandstone.png
[01Oct2026 19:46:20.258] [IO-Worker-5/DEBUG] [org.sinytra.wiki.exporter.render.ImageWriter/]: Exported png to: C:\Users\Andrewthepika\IdeaProjects\Minefinity\run\wiki_exporter\render\minecraft\green_shulker_box.png
[01Oct2026 19:46:20.260] [IO-Worker-4/DEBUG] [org.sinytra.wiki.exporter.render.ImageWriter/]: Exported png to: C:\Users\Andrewthepika\IdeaProjects\Minefinity\run\wiki_exporter\render\minecraft\cow_spawn_egg.png
[01Oct2026 19:46:20.270] [IO-Worker-1/DEBUG] [org.sinytra.wiki.exporter.render.ImageWriter/]: Exported png to: C:\Users\Andrewthepika\IdeaProjects\Minefinity\run\wiki_exporter\render\minecraft\zombie_horse_spawn_egg.png
[01Oct2026 19:46:20.277] [IO-Worker-11/DEBUG] [org.sinytra.wiki.exporter.render.ImageWriter/]: Exported png to: C:\Users\Andrewthepika\IdeaProjects\Minefinity\run\wiki_exporter\render\minecraft\yellow_bed.png
[01Oct2026 19:46:20.285] [IO-Worker-14/DEBUG] [org.sinytra.wiki.exporter.render.ImageWriter/]: Exported png to: C:\Users\Andrewthepika\IdeaProjects\Minefinity\run\wiki_exporter\render\minecraft\oak_leaves.png
[01Oct2026 19:46:20.286] [IO-Worker-10/DEBUG] [org.sinytra.wiki.exporter.render.ImageWriter/]: Exported png to: C:\Users\Andrewthepika\IdeaProjects\Minefinity\run\wiki_exporter\render\minecraft\blue_orchid.png
[01Oct2026 19:46:20.287] [IO-Worker-13/DEBUG] [org.sinytra.wiki.exporter.render.ImageWriter/]: Exported png to: C:\Users\Andrewthepika\IdeaProjects\Minefinity\run\wiki_exporter\render\minecraft\bamboo_fence.png
[01Oct2026 19:46:20.288] [IO-Worker-12/DEBUG] [org.sinytra.wiki.exporter.render.ImageWriter/]: Exported png to: C:\Users\Andrewthepika\IdeaProjects\Minefinity\run\wiki_exporter\render\minecraft\quartz_bricks.png
[01Oct2026 19:46:20.294] [IO-Worker-4/DEBUG] [org.sinytra.wiki.exporter.render.ImageWriter/]: Exported png to: C:\Users\Andrewthepika\IdeaProjects\Minefinity\run\wiki_exporter\render\minecraft\dead_fire_coral_fan.png
[01Oct2026 19:46:20.296] [IO-Worker-5/DEBUG] [org.sinytra.wiki.exporter.render.ImageWriter/]: Exported png to: C:\Users\Andrewthepika\IdeaProjects\Minefinity\run\wiki_exporter\render\minecraft\structure_void.png
[01Oct2026 19:46:20.298] [IO-Worker-1/DEBUG] [org.sinytra.wiki.exporter.render.ImageWriter/]: Exported png to: C:\Users\Andrewthepika\IdeaProjects\Minefinity\run\wiki_exporter\render\minecraft\chiseled_quartz_block.png
[01Oct2026 19:46:20.299] [IO-Worker-7/DEBUG] [org.sinytra.wiki.exporter.render.ImageWriter/]: Exported png to: C:\Users\Andrewthepika\IdeaProjects\Minefinity\run\wiki_exporter\render\minecraft\warped_sign.png
[01Oct2026 19:46:20.303] [IO-Worker-11/DEBUG] [org.sinytra.wiki.exporter.render.ImageWriter/]: Exported png to: C:\Users\Andrewthepika\IdeaProjects\Minefinity\run\wiki_exporter\render\minecraft\shulker_box.png
[01Oct2026 19:46:20.304] [IO-Worker-8/DEBUG] [org.sinytra.wiki.exporter.render.ImageWriter/]: Exported png to: C:\Users\Andrewthepika\IdeaProjects\Minefinity\run\wiki_exporter\render\minecraft\mourner_pottery_sherd.png
[01Oct2026 19:46:20.305] [IO-Worker-6/DEBUG] [org.sinytra.wiki.exporter.render.ImageWriter/]: Exported png to: C:\Users\Andrewthepika\IdeaProjects\Minefinity\run\wiki_exporter\render\minecraft\red_nether_brick_stairs.png
[01Oct2026 19:46:20.321] [IO-Worker-5/DEBUG] [org.sinytra.wiki.exporter.render.ImageWriter/]: Exported png to: C:\Users\Andrewthepika\IdeaProjects\Minefinity\run\wiki_exporter\render\minecraft\smooth_red_sandstone_stairs.png
[01Oct2026 19:46:20.323] [IO-Worker-10/DEBUG] [org.sinytra.wiki.exporter.render.ImageWriter/]: Exported png to: C:\Users\Andrewthepika\IdeaProjects\Minefinity\run\wiki_exporter\render\minecraft\spore_blossom.png
[01Oct2026 19:46:20.327] [IO-Worker-12/DEBUG] [org.sinytra.wiki.exporter.render.ImageWriter/]: Exported png to: C:\Users\Andrewthepika\IdeaProjects\Minefinity\run\wiki_exporter\render\minecraft\mangrove_chest_boat.png
[01Oct2026 19:46:20.328] [IO-Worker-13/DEBUG] [org.sinytra.wiki.exporter.render.ImageWriter/]: Exported png to: C:\Users\Andrewthepika\IdeaProjects\Minefinity\run\wiki_exporter\render\minecraft\carrot_on_a_stick.png
[01Oct2026 19:46:20.332] [IO-Worker-4/DEBUG] [org.sinytra.wiki.exporter.render.ImageWriter/]: Exported png to: C:\Users\Andrewthepika\IdeaProjects\Minefinity\run\wiki_exporter\render\minecraft\nether_sprouts.png
[01Oct2026 19:46:20.336] [IO-Worker-1/DEBUG] [org.sinytra.wiki.exporter.render.ImageWriter/]: Exported png to: C:\Users\Andrewthepika\IdeaProjects\Minefinity\run\wiki_exporter\render\minecraft\end_rod.png
[01Oct2026 19:46:20.339] [IO-Worker-11/DEBUG] [org.sinytra.wiki.exporter.render.ImageWriter/]: Exported png to: C:\Users\Andrewthepika\IdeaProjects\Minefinity\run\wiki_exporter\render\minecraft\vindicator_spawn_egg.png
[01Oct2026 19:46:20.339] [IO-Worker-7/DEBUG] [org.sinytra.wiki.exporter.render.ImageWriter/]: Exported png to: C:\Users\Andrewthepika\IdeaProjects\Minefinity\run\wiki_exporter\render\minecraft\friend_pottery_sherd.png
[01Oct2026 19:46:20.343] [IO-Worker-14/DEBUG] [org.sinytra.wiki.exporter.render.ImageWriter/]: Exported png to: C:\Users\Andrewthepika\IdeaProjects\Minefinity\run\wiki_exporter\render\minecraft\acacia_slab.png
[01Oct2026 19:46:20.344] [IO-Worker-8/DEBUG] [org.sinytra.wiki.exporter.render.ImageWriter/]: Exported png to: C:\Users\Andrewthepika\IdeaProjects\Minefinity\run\wiki_exporter\render\minecraft\sculk_vein.png
[01Oct2026 19:46:20.344] [IO-Worker-6/DEBUG] [org.sinytra.wiki.exporter.render.ImageWriter/]: Exported png to: C:\Users\Andrewthepika\IdeaProjects\Minefinity\run\wiki_exporter\render\minecraft\silverfish_spawn_egg.png
[01Oct2026 19:46:20.347] [IO-Worker-10/DEBUG] [org.sinytra.wiki.exporter.render.ImageWriter/]: Exported png to: C:\Users\Andrewthepika\IdeaProjects\Minefinity\run\wiki_exporter\render\minecraft\quartz_block.png
[01Oct2026 19:46:20.362] [IO-Worker-13/DEBUG] [org.sinytra.wiki.exporter.render.ImageWriter/]: Exported png to: C:\Users\Andrewthepika\IdeaProjects\Minefinity\run\wiki_exporter\render\minecraft\red_stained_glass.png
[01Oct2026 19:46:20.369] [IO-Worker-14/DEBUG] [org.sinytra.wiki.exporter.render.ImageWriter/]: Exported png to: C:\Users\Andrewthepika\IdeaProjects\Minefinity\run\wiki_exporter\render\minecraft\stripped_spruce_wood.png
[01Oct2026 19:46:20.372] [IO-Worker-4/DEBUG] [org.sinytra.wiki.exporter.render.ImageWriter/]: Exported png to: C:\Users\Andrewthepika\IdeaProjects\Minefinity\run\wiki_exporter\render\minecraft\dark_oak_door.png
[01Oct2026 19:46:20.372] [IO-Worker-10/DEBUG] [org.sinytra.wiki.exporter.render.ImageWriter/]: Exported png to: C:\Users\Andrewthepika\IdeaProjects\Minefinity\run\wiki_exporter\render\minecraft\weathered_cut_copper.png
[01Oct2026 19:46:20.374] [IO-Worker-1/DEBUG] [org.sinytra.wiki.exporter.render.ImageWriter/]: Exported png to: C:\Users\Andrewthepika\IdeaProjects\Minefinity\run\wiki_exporter\render\minecraft\pufferfish.png
[01Oct2026 19:46:20.375] [IO-Worker-7/DEBUG] [org.sinytra.wiki.exporter.render.ImageWriter/]: Exported png to: C:\Users\Andrewthepika\IdeaProjects\Minefinity\run\wiki_exporter\render\minecraft\salmon.png
[01Oct2026 19:46:20.377] [IO-Worker-11/DEBUG] [org.sinytra.wiki.exporter.render.ImageWriter/]: Exported png to: C:\Users\Andrewthepika\IdeaProjects\Minefinity\run\wiki_exporter\render\minecraft\note_block.png
[01Oct2026 19:46:20.382] [IO-Worker-6/DEBUG] [org.sinytra.wiki.exporter.render.ImageWriter/]: Exported png to: C:\Users\Andrewthepika\IdeaProjects\Minefinity\run\wiki_exporter\render\minecraft\sheaf_pottery_sherd.png
[01Oct2026 19:46:20.387] [IO-Worker-8/DEBUG] [org.sinytra.wiki.exporter.render.ImageWriter/]: Exported png to: C:\Users\Andrewthepika\IdeaProjects\Minefinity\run\wiki_exporter\render\minecraft\dried_kelp.png
[01Oct2026 19:46:20.401] [IO-Worker-10/DEBUG] [org.sinytra.wiki.exporter.render.ImageWriter/]: Exported png to: C:\Users\Andrewthepika\IdeaProjects\Minefinity\run\wiki_exporter\render\minecraft\mangrove_pressure_plate.png
[01Oct2026 19:46:20.403] [IO-Worker-11/DEBUG] [org.sinytra.wiki.exporter.render.ImageWriter/]: Exported png to: C:\Users\Andrewthepika\IdeaProjects\Minefinity\run\wiki_exporter\render\minecraft\waxed_weathered_cut_copper_slab.png
[01Oct2026 19:46:20.406] [IO-Worker-14/DEBUG] [org.sinytra.wiki.exporter.render.ImageWriter/]: Exported png to: C:\Users\Andrewthepika\IdeaProjects\Minefinity\run\wiki_exporter\render\minecraft\piglin_banner_pattern.png
[01Oct2026 19:46:20.412] [IO-Worker-1/DEBUG] [org.sinytra.wiki.exporter.render.ImageWriter/]: Exported png to: C:\Users\Andrewthepika\IdeaProjects\Minefinity\run\wiki_exporter\render\minecraft\eye_armor_trim_smithing_template.png
[01Oct2026 19:46:20.413] [IO-Worker-13/DEBUG] [org.sinytra.wiki.exporter.render.ImageWriter/]: Exported png to: C:\Users\Andrewthepika\IdeaProjects\Minefinity\run\wiki_exporter\render\minecraft\bamboo_block.png
[01Oct2026 19:46:20.419] [IO-Worker-6/DEBUG] [org.sinytra.wiki.exporter.render.ImageWriter/]: Exported png to: C:\Users\Andrewthepika\IdeaProjects\Minefinity\run\wiki_exporter\render\minecraft\guardian_spawn_egg.png
[01Oct2026 19:46:20.421] [IO-Worker-7/DEBUG] [org.sinytra.wiki.exporter.render.ImageWriter/]: Exported png to: C:\Users\Andrewthepika\IdeaProjects\Minefinity\run\wiki_exporter\render\minecraft\cod_bucket.png
[01Oct2026 19:46:20.421] [IO-Worker-4/DEBUG] [org.sinytra.wiki.exporter.render.ImageWriter/]: Exported png to: C:\Users\Andrewthepika\IdeaProjects\Minefinity\run\wiki_exporter\render\minecraft\ocelot_spawn_egg.png
[01Oct2026 19:46:20.423] [IO-Worker-8/DEBUG] [org.sinytra.wiki.exporter.render.ImageWriter/]: Exported png to: C:\Users\Andrewthepika\IdeaProjects\Minefinity\run\wiki_exporter\render\minecraft\brown_dye.png
[01Oct2026 19:46:20.426] [IO-Worker-12/DEBUG] [org.sinytra.wiki.exporter.render.ImageWriter/]: Exported png to: C:\Users\Andrewthepika\IdeaProjects\Minefinity\run\wiki_exporter\render\minefinity\nickel_ingot.png
[01Oct2026 19:46:20.429] [IO-Worker-14/DEBUG] [org.sinytra.wiki.exporter.render.ImageWriter/]: Exported png to: C:\Users\Andrewthepika\IdeaProjects\Minefinity\run\wiki_exporter\render\minecraft\deepslate_emerald_ore.png
[01Oct2026 19:46:20.444] [IO-Worker-11/DEBUG] [org.sinytra.wiki.exporter.render.ImageWriter/]: Exported png to: C:\Users\Andrewthepika\IdeaProjects\Minefinity\run\wiki_exporter\render\minecraft\saddle.png
[01Oct2026 19:46:20.447] [IO-Worker-4/DEBUG] [org.sinytra.wiki.exporter.render.ImageWriter/]: Exported png to: C:\Users\Andrewthepika\IdeaProjects\Minefinity\run\wiki_exporter\render\minecraft\cracked_stone_bricks.png
[01Oct2026 19:46:20.448] [IO-Worker-1/DEBUG] [org.sinytra.wiki.exporter.render.ImageWriter/]: Exported png to: C:\Users\Andrewthepika\IdeaProjects\Minefinity\run\wiki_exporter\render\minecraft\peony.png
[01Oct2026 19:46:20.450] [IO-Worker-6/DEBUG] [org.sinytra.wiki.exporter.render.ImageWriter/]: Exported png to: C:\Users\Andrewthepika\IdeaProjects\Minefinity\run\wiki_exporter\render\minecraft\skeleton_skull.png
[01Oct2026 19:46:20.453] [IO-Worker-14/DEBUG] [org.sinytra.wiki.exporter.render.ImageWriter/]: Exported png to: C:\Users\Andrewthepika\IdeaProjects\Minefinity\run\wiki_exporter\render\minecraft\dropper.png
[01Oct2026 19:46:20.454] [IO-Worker-8/DEBUG] [org.sinytra.wiki.exporter.render.ImageWriter/]: Exported png to: C:\Users\Andrewthepika\IdeaProjects\Minefinity\run\wiki_exporter\render\minecraft\birch_fence_gate.png
[01Oct2026 19:46:20.462] [IO-Worker-13/DEBUG] [org.sinytra.wiki.exporter.render.ImageWriter/]: Exported png to: C:\Users\Andrewthepika\IdeaProjects\Minefinity\run\wiki_exporter\render\minecraft\ochre_froglight.png
[01Oct2026 19:46:20.463] [IO-Worker-12/DEBUG] [org.sinytra.wiki.exporter.render.ImageWriter/]: Exported png to: C:\Users\Andrewthepika\IdeaProjects\Minefinity\run\wiki_exporter\render\minecraft\hopper_minecart.png
[01Oct2026 19:46:20.464] [IO-Worker-7/DEBUG] [org.sinytra.wiki.exporter.render.ImageWriter/]: Exported png to: C:\Users\Andrewthepika\IdeaProjects\Minefinity\run\wiki_exporter\render\minecraft\acacia_fence_gate.png
[01Oct2026 19:46:20.475] [IO-Worker-6/DEBUG] [org.sinytra.wiki.exporter.render.ImageWriter/]: Exported png to: C:\Users\Andrewthepika\IdeaProjects\Minefinity\run\wiki_exporter\render\minecraft\diorite.png
[01Oct2026 19:46:20.476] [IO-Worker-8/DEBUG] [org.sinytra.wiki.exporter.render.ImageWriter/]: Exported png to: C:\Users\Andrewthepika\IdeaProjects\Minefinity\run\wiki_exporter\render\minecraft\birch_wood.png
[01Oct2026 19:46:20.481] [IO-Worker-14/DEBUG] [org.sinytra.wiki.exporter.render.ImageWriter/]: Exported png to: C:\Users\Andrewthepika\IdeaProjects\Minefinity\run\wiki_exporter\render\minecraft\stripped_crimson_stem.png
[01Oct2026 19:46:20.481] [IO-Worker-1/DEBUG] [org.sinytra.wiki.exporter.render.ImageWriter/]: Exported png to: C:\Users\Andrewthepika\IdeaProjects\Minefinity\run\wiki_exporter\render\minecraft\horn_coral_block.png
[01Oct2026 19:46:20.482] [IO-Worker-11/DEBUG] [org.sinytra.wiki.exporter.render.ImageWriter/]: Exported png to: C:\Users\Andrewthepika\IdeaProjects\Minefinity\run\wiki_exporter\render\minecraft\wither_skeleton_spawn_egg.png
[01Oct2026 19:46:20.489] [IO-Worker-7/DEBUG] [org.sinytra.wiki.exporter.render.ImageWriter/]: Exported png to: C:\Users\Andrewthepika\IdeaProjects\Minefinity\run\wiki_exporter\render\minecraft\end_stone_brick_stairs.png
[01Oct2026 19:46:20.489] [IO-Worker-12/DEBUG] [org.sinytra.wiki.exporter.render.ImageWriter/]: Exported png to: C:\Users\Andrewthepika\IdeaProjects\Minefinity\run\wiki_exporter\render\minecraft\mossy_cobblestone_stairs.png
[01Oct2026 19:46:20.502] [IO-Worker-6/DEBUG] [org.sinytra.wiki.exporter.render.ImageWriter/]: Exported png to: C:\Users\Andrewthepika\IdeaProjects\Minefinity\run\wiki_exporter\render\minecraft\exposed_cut_copper.png
[01Oct2026 19:46:20.502] [IO-Worker-4/DEBUG] [org.sinytra.wiki.exporter.render.ImageWriter/]: Exported png to: C:\Users\Andrewthepika\IdeaProjects\Minefinity\run\wiki_exporter\render\minecraft\fern.png
[01Oct2026 19:46:20.506] [IO-Worker-13/DEBUG] [org.sinytra.wiki.exporter.render.ImageWriter/]: Exported png to: C:\Users\Andrewthepika\IdeaProjects\Minefinity\run\wiki_exporter\render\minecraft\tropical_fish.png
[01Oct2026 19:46:20.513] [IO-Worker-11/DEBUG] [org.sinytra.wiki.exporter.render.ImageWriter/]: Exported png to: C:\Users\Andrewthepika\IdeaProjects\Minefinity\run\wiki_exporter\render\minecraft\white_stained_glass.png
[01Oct2026 19:46:20.514] [IO-Worker-8/DEBUG] [org.sinytra.wiki.exporter.render.ImageWriter/]: Exported png to: C:\Users\Andrewthepika\IdeaProjects\Minefinity\run\wiki_exporter\render\minecraft\tropical_fish_spawn_egg.png
[01Oct2026 19:46:20.516] [IO-Worker-12/DEBUG] [org.sinytra.wiki.exporter.render.ImageWriter/]: Exported png to: C:\Users\Andrewthepika\IdeaProjects\Minefinity\run\wiki_exporter\render\minecraft\nether_bricks.png
[01Oct2026 19:46:20.517] [IO-Worker-10/DEBUG] [org.sinytra.wiki.exporter.render.ImageWriter/]: Exported png to: C:\Users\Andrewthepika\IdeaProjects\Minefinity\run\wiki_exporter\render\minecraft\ladder.png
[01Oct2026 19:46:20.519] [IO-Worker-1/DEBUG] [org.sinytra.wiki.exporter.render.ImageWriter/]: Exported png to: C:\Users\Andrewthepika\IdeaProjects\Minefinity\run\wiki_exporter\render\minecraft\iron_horse_armor.png
[01Oct2026 19:46:20.521] [IO-Worker-14/DEBUG] [org.sinytra.wiki.exporter.render.ImageWriter/]: Exported png to: C:\Users\Andrewthepika\IdeaProjects\Minefinity\run\wiki_exporter\render\minecraft\spruce_sign.png
[01Oct2026 19:46:20.529] [IO-Worker-7/DEBUG] [org.sinytra.wiki.exporter.render.ImageWriter/]: Exported png to: C:\Users\Andrewthepika\IdeaProjects\Minefinity\run\wiki_exporter\render\minecraft\diamond_leggings.png
[01Oct2026 19:46:20.538] [IO-Worker-8/DEBUG] [org.sinytra.wiki.exporter.render.ImageWriter/]: Exported png to: C:\Users\Andrewthepika\IdeaProjects\Minefinity\run\wiki_exporter\render\minecraft\dead_horn_coral_block.png
[01Oct2026 19:46:20.540] [IO-Worker-4/DEBUG] [org.sinytra.wiki.exporter.render.ImageWriter/]: Exported png to: C:\Users\Andrewthepika\IdeaProjects\Minefinity\run\wiki_exporter\render\minecraft\magenta_candle.png
[01Oct2026 19:46:20.539] [IO-Worker-10/DEBUG] [org.sinytra.wiki.exporter.render.ImageWriter/]: Exported png to: C:\Users\Andrewthepika\IdeaProjects\Minefinity\run\wiki_exporter\render\minecraft\mangrove_wood.png
[01Oct2026 19:46:20.543] [IO-Worker-13/DEBUG] [org.sinytra.wiki.exporter.render.ImageWriter/]: Exported png to: C:\Users\Andrewthepika\IdeaProjects\Minefinity\run\wiki_exporter\render\minecraft\cyan_candle.png
[01Oct2026 19:46:20.548] [IO-Worker-14/DEBUG] [org.sinytra.wiki.exporter.render.ImageWriter/]: Exported png to: C:\Users\Andrewthepika\IdeaProjects\Minefinity\run\wiki_exporter\render\minecraft\blue_glazed_terracotta.png
[01Oct2026 19:46:20.548] [IO-Worker-12/DEBUG] [org.sinytra.wiki.exporter.render.ImageWriter/]: Exported png to: C:\Users\Andrewthepika\IdeaProjects\Minefinity\run\wiki_exporter\render\minecraft\warped_wart_block.png
[01Oct2026 19:46:20.554] [IO-Worker-11/DEBUG] [org.sinytra.wiki.exporter.render.ImageWriter/]: Exported png to: C:\Users\Andrewthepika\IdeaProjects\Minefinity\run\wiki_exporter\render\minecraft\netherite_block.png
[01Oct2026 19:46:20.556] [IO-Worker-1/DEBUG] [org.sinytra.wiki.exporter.render.ImageWriter/]: Exported png to: C:\Users\Andrewthepika\IdeaProjects\Minefinity\run\wiki_exporter\render\minecraft\shulker_spawn_egg.png
[01Oct2026 19:46:20.565] [IO-Worker-7/DEBUG] [org.sinytra.wiki.exporter.render.ImageWriter/]: Exported png to: C:\Users\Andrewthepika\IdeaProjects\Minefinity\run\wiki_exporter\render\minecraft\purple_candle.png
[01Oct2026 19:46:20.574] [IO-Worker-12/DEBUG] [org.sinytra.wiki.exporter.render.ImageWriter/]: Exported png to: C:\Users\Andrewthepika\IdeaProjects\Minefinity\run\wiki_exporter\render\minecraft\light_gray_concrete_powder.png
[01Oct2026 19:46:20.575] [IO-Worker-10/DEBUG] [org.sinytra.wiki.exporter.render.ImageWriter/]: Exported png to: C:\Users\Andrewthepika\IdeaProjects\Minefinity\run\wiki_exporter\render\minecraft\dead_tube_coral.png
[01Oct2026 19:46:20.578] [IO-Worker-4/DEBUG] [org.sinytra.wiki.exporter.render.ImageWriter/]: Exported png to: C:\Users\Andrewthepika\IdeaProjects\Minefinity\run\wiki_exporter\render\minecraft\quartz.png
[01Oct2026 19:46:20.581] [IO-Worker-1/DEBUG] [org.sinytra.wiki.exporter.render.ImageWriter/]: Exported png to: C:\Users\Andrewthepika\IdeaProjects\Minefinity\run\wiki_exporter\render\minecraft\fletching_table.png
[01Oct2026 19:46:20.585] [IO-Worker-11/DEBUG] [org.sinytra.wiki.exporter.render.ImageWriter/]: Exported png to: C:\Users\Andrewthepika\IdeaProjects\Minefinity\run\wiki_exporter\render\minecraft\brown_concrete.png
[01Oct2026 19:46:20.586] [IO-Worker-14/DEBUG] [org.sinytra.wiki.exporter.render.ImageWriter/]: Exported png to: C:\Users\Andrewthepika\IdeaProjects\Minefinity\run\wiki_exporter\render\minecraft\warped_fungus.png
[01Oct2026 19:46:20.597] [IO-Worker-13/DEBUG] [org.sinytra.wiki.exporter.render.ImageWriter/]: Exported png to: C:\Users\Andrewthepika\IdeaProjects\Minefinity\run\wiki_exporter\render\minecraft\tadpole_bucket.png
[01Oct2026 19:46:20.606] [IO-Worker-7/DEBUG] [org.sinytra.wiki.exporter.render.ImageWriter/]: Exported png to: C:\Users\Andrewthepika\IdeaProjects\Minefinity\run\wiki_exporter\render\minecraft\warped_stairs.png
[01Oct2026 19:46:20.613] [IO-Worker-10/DEBUG] [org.sinytra.wiki.exporter.render.ImageWriter/]: Exported png to: C:\Users\Andrewthepika\IdeaProjects\Minefinity\run\wiki_exporter\render\minecraft\diamond_pickaxe.png
[01Oct2026 19:46:20.615] [IO-Worker-4/DEBUG] [org.sinytra.wiki.exporter.render.ImageWriter/]: Exported png to: C:\Users\Andrewthepika\IdeaProjects\Minefinity\run\wiki_exporter\render\minecraft\powder_snow_bucket.png
[01Oct2026 19:46:20.615] [IO-Worker-12/DEBUG] [org.sinytra.wiki.exporter.render.ImageWriter/]: Exported png to: C:\Users\Andrewthepika\IdeaProjects\Minefinity\run\wiki_exporter\render\minecraft\witch_spawn_egg.png
[01Oct2026 19:46:20.618] [IO-Worker-1/DEBUG] [org.sinytra.wiki.exporter.render.ImageWriter/]: Exported png to: C:\Users\Andrewthepika\IdeaProjects\Minefinity\run\wiki_exporter\render\minecraft\potato.png
[01Oct2026 19:46:20.622] [IO-Worker-14/DEBUG] [org.sinytra.wiki.exporter.render.ImageWriter/]: Exported png to: C:\Users\Andrewthepika\IdeaProjects\Minefinity\run\wiki_exporter\render\minecraft\soul_campfire.png
[01Oct2026 19:46:20.622] [IO-Worker-13/DEBUG] [org.sinytra.wiki.exporter.render.ImageWriter/]: Exported png to: C:\Users\Andrewthepika\IdeaProjects\Minefinity\run\wiki_exporter\render\minecraft\stripped_spruce_log.png
[01Oct2026 19:46:20.642] [IO-Worker-7/DEBUG] [org.sinytra.wiki.exporter.render.ImageWriter/]: Exported png to: C:\Users\Andrewthepika\IdeaProjects\Minefinity\run\wiki_exporter\render\minecraft\coal.png
[01Oct2026 19:46:20.649] [IO-Worker-13/DEBUG] [org.sinytra.wiki.exporter.render.ImageWriter/]: Exported png to: C:\Users\Andrewthepika\IdeaProjects\Minefinity\run\wiki_exporter\render\minecraft\brain_coral_block.png
[01Oct2026 19:46:20.651] [IO-Worker-12/DEBUG] [org.sinytra.wiki.exporter.render.ImageWriter/]: Exported png to: C:\Users\Andrewthepika\IdeaProjects\Minefinity\run\wiki_exporter\render\minecraft\netherite_sword.png
[01Oct2026 19:46:20.651] [IO-Worker-1/DEBUG] [org.sinytra.wiki.exporter.render.ImageWriter/]: Exported png to: C:\Users\Andrewthepika\IdeaProjects\Minefinity\run\wiki_exporter\render\minecraft\dark_oak_sign.png
[01Oct2026 19:46:20.656] [IO-Worker-4/DEBUG] [org.sinytra.wiki.exporter.render.ImageWriter/]: Exported png to: C:\Users\Andrewthepika\IdeaProjects\Minefinity\run\wiki_exporter\render\minecraft\chainmail_helmet.png
[01Oct2026 19:46:20.660] [IO-Worker-14/DEBUG] [org.sinytra.wiki.exporter.render.ImageWriter/]: Exported png to: C:\Users\Andrewthepika\IdeaProjects\Minefinity\run\wiki_exporter\render\minecraft\torchflower_seeds.png
[01Oct2026 19:46:20.662] [IO-Worker-10/DEBUG] [org.sinytra.wiki.exporter.render.ImageWriter/]: Exported png to: C:\Users\Andrewthepika\IdeaProjects\Minefinity\run\wiki_exporter\render\minecraft\clay_ball.png
[01Oct2026 19:46:20.664] [IO-Worker-11/DEBUG] [org.sinytra.wiki.exporter.render.ImageWriter/]: Exported png to: C:\Users\Andrewthepika\IdeaProjects\Minefinity\run\wiki_exporter\render\minecraft\stripped_cherry_log.png
[01Oct2026 19:46:20.675] [IO-Worker-12/DEBUG] [org.sinytra.wiki.exporter.render.ImageWriter/]: Exported png to: C:\Users\Andrewthepika\IdeaProjects\Minefinity\run\wiki_exporter\render\minecraft\smooth_quartz_stairs.png
[01Oct2026 19:46:20.686] [IO-Worker-13/DEBUG] [org.sinytra.wiki.exporter.render.ImageWriter/]: Exported png to: C:\Users\Andrewthepika\IdeaProjects\Minefinity\run\wiki_exporter\render\minecraft\white_glazed_terracotta.png
[01Oct2026 19:46:20.686] [IO-Worker-10/DEBUG] [org.sinytra.wiki.exporter.render.ImageWriter/]: Exported png to: C:\Users\Andrewthepika\IdeaProjects\Minefinity\run\wiki_exporter\render\minecraft\barrel.png
[01Oct2026 19:46:20.687] [IO-Worker-11/DEBUG] [org.sinytra.wiki.exporter.render.ImageWriter/]: Exported png to: C:\Users\Andrewthepika\IdeaProjects\Minefinity\run\wiki_exporter\render\minecraft\end_stone.png
[01Oct2026 19:46:20.691] [IO-Worker-1/DEBUG] [org.sinytra.wiki.exporter.render.ImageWriter/]: Exported png to: C:\Users\Andrewthepika\IdeaProjects\Minefinity\run\wiki_exporter\render\minecraft\elytra.png
[01Oct2026 19:46:20.693] [IO-Worker-7/DEBUG] [org.sinytra.wiki.exporter.render.ImageWriter/]: Exported png to: C:\Users\Andrewthepika\IdeaProjects\Minefinity\run\wiki_exporter\render\minecraft\melon.png
[01Oct2026 19:46:20.695] [IO-Worker-4/DEBUG] [org.sinytra.wiki.exporter.render.ImageWriter/]: Exported png to: C:\Users\Andrewthepika\IdeaProjects\Minefinity\run\wiki_exporter\render\minecraft\shears.png
[01Oct2026 19:46:20.695] [IO-Worker-14/DEBUG] [org.sinytra.wiki.exporter.render.ImageWriter/]: Exported png to: C:\Users\Andrewthepika\IdeaProjects\Minefinity\run\wiki_exporter\render\minecraft\detector_rail.png
[01Oct2026 19:46:20.704] [IO-Worker-8/DEBUG] [org.sinytra.wiki.exporter.render.ImageWriter/]: Exported png to: C:\Users\Andrewthepika\IdeaProjects\Minefinity\run\wiki_exporter\render\minecraft\orange_dye.png
[01Oct2026 19:46:20.705] [IO-Worker-6/DEBUG] [org.sinytra.wiki.exporter.render.ImageWriter/]: Exported png to: C:\Users\Andrewthepika\IdeaProjects\Minefinity\run\wiki_exporter\render\minecraft\rabbit_stew.png
[01Oct2026 19:46:20.706] [IO-Worker-12/DEBUG] [org.sinytra.wiki.exporter.render.ImageWriter/]: Exported png to: C:\Users\Andrewthepika\IdeaProjects\Minefinity\run\wiki_exporter\render\minecraft\magenta_concrete.png
[01Oct2026 19:46:20.710] [IO-Worker-5/DEBUG] [org.sinytra.wiki.exporter.render.ImageWriter/]: Exported png to: C:\Users\Andrewthepika\IdeaProjects\Minefinity\run\wiki_exporter\render\minecraft\orange_bed.png
[01Oct2026 19:46:20.717] [IO-Worker-1/DEBUG] [org.sinytra.wiki.exporter.render.ImageWriter/]: Exported png to: C:\Users\Andrewthepika\IdeaProjects\Minefinity\run\wiki_exporter\render\minecraft\smooth_basalt.png
[01Oct2026 19:46:20.725] [IO-Worker-10/DEBUG] [org.sinytra.wiki.exporter.render.ImageWriter/]: Exported png to: C:\Users\Andrewthepika\IdeaProjects\Minefinity\run\wiki_exporter\render\minecraft\copper_block.png
[01Oct2026 19:46:20.727] [IO-Worker-11/DEBUG] [org.sinytra.wiki.exporter.render.ImageWriter/]: Exported png to: C:\Users\Andrewthepika\IdeaProjects\Minefinity\run\wiki_exporter\render\minecraft\bee_spawn_egg.png
[01Oct2026 19:46:20.732] [IO-Worker-14/DEBUG] [org.sinytra.wiki.exporter.render.ImageWriter/]: Exported png to: C:\Users\Andrewthepika\IdeaProjects\Minefinity\run\wiki_exporter\render\minecraft\zombie_villager_spawn_egg.png
[01Oct2026 19:46:20.735] [IO-Worker-4/DEBUG] [org.sinytra.wiki.exporter.render.ImageWriter/]: Exported png to: C:\Users\Andrewthepika\IdeaProjects\Minefinity\run\wiki_exporter\render\minecraft\command_block_minecart.png
[01Oct2026 19:46:20.737] [IO-Worker-7/DEBUG] [org.sinytra.wiki.exporter.render.ImageWriter/]: Exported png to: C:\Users\Andrewthepika\IdeaProjects\Minefinity\run\wiki_exporter\render\minecraft\map.png
[01Oct2026 19:46:20.743] [IO-Worker-1/DEBUG] [org.sinytra.wiki.exporter.render.ImageWriter/]: Exported png to: C:\Users\Andrewthepika\IdeaProjects\Minefinity\run\wiki_exporter\render\minecraft\bedrock.png
[01Oct2026 19:46:20.743] [IO-Worker-6/DEBUG] [org.sinytra.wiki.exporter.render.ImageWriter/]: Exported png to: C:\Users\Andrewthepika\IdeaProjects\Minefinity\run\wiki_exporter\render\minecraft\conduit.png
[01Oct2026 19:46:20.744] [IO-Worker-8/DEBUG] [org.sinytra.wiki.exporter.render.ImageWriter/]: Exported png to: C:\Users\Andrewthepika\IdeaProjects\Minefinity\run\wiki_exporter\render\minecraft\brick_stairs.png
[01Oct2026 19:46:20.747] [IO-Worker-5/DEBUG] [org.sinytra.wiki.exporter.render.ImageWriter/]: Exported png to: C:\Users\Andrewthepika\IdeaProjects\Minefinity\run\wiki_exporter\render\minecraft\name_tag.png
[01Oct2026 19:46:20.750] [IO-Worker-12/DEBUG] [org.sinytra.wiki.exporter.render.ImageWriter/]: Exported png to: C:\Users\Andrewthepika\IdeaProjects\Minefinity\run\wiki_exporter\render\minecraft\iron_door.png
[01Oct2026 19:46:20.759] [IO-Worker-11/DEBUG] [org.sinytra.wiki.exporter.render.ImageWriter/]: Exported png to: C:\Users\Andrewthepika\IdeaProjects\Minefinity\run\wiki_exporter\render\minecraft\orange_carpet.png
[01Oct2026 19:46:20.769] [IO-Worker-8/DEBUG] [org.sinytra.wiki.exporter.render.ImageWriter/]: Exported png to: C:\Users\Andrewthepika\IdeaProjects\Minefinity\run\wiki_exporter\render\minecraft\yellow_glazed_terracotta.png
[01Oct2026 19:46:20.770] [IO-Worker-4/DEBUG] [org.sinytra.wiki.exporter.render.ImageWriter/]: Exported png to: C:\Users\Andrewthepika\IdeaProjects\Minefinity\run\wiki_exporter\render\minecraft\minecart.png
[01Oct2026 19:46:20.770] [IO-Worker-6/DEBUG] [org.sinytra.wiki.exporter.render.ImageWriter/]: Exported png to: C:\Users\Andrewthepika\IdeaProjects\Minefinity\run\wiki_exporter\render\minecraft\white_bed.png
[01Oct2026 19:46:20.771] [IO-Worker-5/DEBUG] [org.sinytra.wiki.exporter.render.ImageWriter/]: Exported png to: C:\Users\Andrewthepika\IdeaProjects\Minefinity\run\wiki_exporter\render\minecraft\blue_ice.png
[01Oct2026 19:46:20.773] [IO-Worker-1/DEBUG] [org.sinytra.wiki.exporter.render.ImageWriter/]: Exported png to: C:\Users\Andrewthepika\IdeaProjects\Minefinity\run\wiki_exporter\render\minecraft\honey_block.png
[01Oct2026 19:46:20.774] [IO-Worker-12/DEBUG] [org.sinytra.wiki.exporter.render.ImageWriter/]: Exported png to: C:\Users\Andrewthepika\IdeaProjects\Minefinity\run\wiki_exporter\render\minecraft\mushroom_stem.png
[01Oct2026 19:46:20.774] [IO-Worker-7/DEBUG] [org.sinytra.wiki.exporter.render.ImageWriter/]: Exported png to: C:\Users\Andrewthepika\IdeaProjects\Minefinity\run\wiki_exporter\render\minecraft\jungle_sign.png
[01Oct2026 19:46:20.785] [IO-Worker-14/DEBUG] [org.sinytra.wiki.exporter.render.ImageWriter/]: Exported png to: C:\Users\Andrewthepika\IdeaProjects\Minefinity\run\wiki_exporter\render\minecraft\light_blue_bed.png
[01Oct2026 19:46:20.786] [IO-Worker-11/DEBUG] [org.sinytra.wiki.exporter.render.ImageWriter/]: Exported png to: C:\Users\Andrewthepika\IdeaProjects\Minefinity\run\wiki_exporter\render\minecraft\gray_wool.png
[01Oct2026 19:46:20.799] [IO-Worker-10/DEBUG] [org.sinytra.wiki.exporter.render.ImageWriter/]: Exported png to: C:\Users\Andrewthepika\IdeaProjects\Minefinity\run\wiki_exporter\render\minecraft\bolt_armor_trim_smithing_template.png
[01Oct2026 19:46:20.803] [IO-Worker-6/DEBUG] [org.sinytra.wiki.exporter.render.ImageWriter/]: Exported png to: C:\Users\Andrewthepika\IdeaProjects\Minefinity\run\wiki_exporter\render\minecraft\sponge.png
[01Oct2026 19:46:20.803] [IO-Worker-12/DEBUG] [org.sinytra.wiki.exporter.render.ImageWriter/]: Exported png to: C:\Users\Andrewthepika\IdeaProjects\Minefinity\run\wiki_exporter\render\minecraft\cherry_slab.png
[01Oct2026 19:46:20.803] [IO-Worker-1/DEBUG] [org.sinytra.wiki.exporter.render.ImageWriter/]: Exported png to: C:\Users\Andrewthepika\IdeaProjects\Minefinity\run\wiki_exporter\render\minecraft\waxed_weathered_copper_grate.png
[01Oct2026 19:46:20.806] [IO-Worker-5/DEBUG] [org.sinytra.wiki.exporter.render.ImageWriter/]: Exported png to: C:\Users\Andrewthepika\IdeaProjects\Minefinity\run\wiki_exporter\render\minecraft\dead_brain_coral_fan.png
[01Oct2026 19:46:20.810] [IO-Worker-4/DEBUG] [org.sinytra.wiki.exporter.render.ImageWriter/]: Exported png to: C:\Users\Andrewthepika\IdeaProjects\Minefinity\run\wiki_exporter\render\minecraft\mossy_cobblestone_slab.png
[01Oct2026 19:46:20.812] [IO-Worker-7/DEBUG] [org.sinytra.wiki.exporter.render.ImageWriter/]: Exported png to: C:\Users\Andrewthepika\IdeaProjects\Minefinity\run\wiki_exporter\render\minecraft\snout_armor_trim_smithing_template.png
[01Oct2026 19:46:20.812] [IO-Worker-14/DEBUG] [org.sinytra.wiki.exporter.render.ImageWriter/]: Exported png to: C:\Users\Andrewthepika\IdeaProjects\Minefinity\run\wiki_exporter\render\minecraft\acacia_planks.png
[01Oct2026 19:46:20.818] [IO-Worker-8/DEBUG] [org.sinytra.wiki.exporter.render.ImageWriter/]: Exported png to: C:\Users\Andrewthepika\IdeaProjects\Minefinity\run\wiki_exporter\render\minecraft\smooth_sandstone.png
[01Oct2026 19:46:20.824] [IO-Worker-11/DEBUG] [org.sinytra.wiki.exporter.render.ImageWriter/]: Exported png to: C:\Users\Andrewthepika\IdeaProjects\Minefinity\run\wiki_exporter\render\minecraft\cooked_beef.png
[01Oct2026 19:46:20.836] [IO-Worker-1/DEBUG] [org.sinytra.wiki.exporter.render.ImageWriter/]: Exported png to: C:\Users\Andrewthepika\IdeaProjects\Minefinity\run\wiki_exporter\render\minecraft\blue_carpet.png
[01Oct2026 19:46:20.836] [IO-Worker-14/DEBUG] [org.sinytra.wiki.exporter.render.ImageWriter/]: Exported png to: C:\Users\Andrewthepika\IdeaProjects\Minefinity\run\wiki_exporter\render\minecraft\calcite.png
[01Oct2026 19:46:20.836] [IO-Worker-5/DEBUG] [org.sinytra.wiki.exporter.render.ImageWriter/]: Exported png to: C:\Users\Andrewthepika\IdeaProjects\Minefinity\run\wiki_exporter\render\minecraft\crimson_fence_gate.png
[01Oct2026 19:46:20.837] [IO-Worker-4/DEBUG] [org.sinytra.wiki.exporter.render.ImageWriter/]: Exported png to: C:\Users\Andrewthepika\IdeaProjects\Minefinity\run\wiki_exporter\render\minecraft\weathered_cut_copper_slab.png
[01Oct2026 19:46:20.840] [IO-Worker-7/DEBUG] [org.sinytra.wiki.exporter.render.ImageWriter/]: Exported png to: C:\Users\Andrewthepika\IdeaProjects\Minefinity\run\wiki_exporter\render\minecraft\stripped_oak_log.png
[01Oct2026 19:46:20.841] [IO-Worker-12/DEBUG] [org.sinytra.wiki.exporter.render.ImageWriter/]: Exported png to: C:\Users\Andrewthepika\IdeaProjects\Minefinity\run\wiki_exporter\render\minecraft\weathered_copper_door.png
[01Oct2026 19:46:20.852] [IO-Worker-6/DEBUG] [org.sinytra.wiki.exporter.render.ImageWriter/]: Exported png to: C:\Users\Andrewthepika\IdeaProjects\Minefinity\run\wiki_exporter\render\minecraft\ominous_trial_key.png
[01Oct2026 19:46:20.854] [IO-Worker-8/DEBUG] [org.sinytra.wiki.exporter.render.ImageWriter/]: Exported png to: C:\Users\Andrewthepika\IdeaProjects\Minefinity\run\wiki_exporter\render\minecraft\white_banner.png
[01Oct2026 19:46:20.859] [IO-Worker-11/DEBUG] [org.sinytra.wiki.exporter.render.ImageWriter/]: Exported png to: C:\Users\Andrewthepika\IdeaProjects\Minefinity\run\wiki_exporter\render\minecraft\red_banner.png
[01Oct2026 19:46:20.867] [IO-Worker-7/DEBUG] [org.sinytra.wiki.exporter.render.ImageWriter/]: Exported png to: C:\Users\Andrewthepika\IdeaProjects\Minefinity\run\wiki_exporter\render\minecraft\red_wool.png
[01Oct2026 19:46:20.870] [IO-Worker-14/DEBUG] [org.sinytra.wiki.exporter.render.ImageWriter/]: Exported png to: C:\Users\Andrewthepika\IdeaProjects\Minefinity\run\wiki_exporter\render\minecraft\tube_coral_block.png
[01Oct2026 19:46:20.874] [IO-Worker-1/DEBUG] [org.sinytra.wiki.exporter.render.ImageWriter/]: Exported png to: C:\Users\Andrewthepika\IdeaProjects\Minefinity\run\wiki_exporter\render\minecraft\tuff_slab.png
[01Oct2026 19:46:20.874] [IO-Worker-5/DEBUG] [org.sinytra.wiki.exporter.render.ImageWriter/]: Exported png to: C:\Users\Andrewthepika\IdeaProjects\Minefinity\run\wiki_exporter\render\minecraft\poppy.png
[01Oct2026 19:46:20.874] [IO-Worker-4/DEBUG] [org.sinytra.wiki.exporter.render.ImageWriter/]: Exported png to: C:\Users\Andrewthepika\IdeaProjects\Minefinity\run\wiki_exporter\render\minecraft\leather.png
[01Oct2026 19:46:20.876] [IO-Worker-12/DEBUG] [org.sinytra.wiki.exporter.render.ImageWriter/]: Exported png to: C:\Users\Andrewthepika\IdeaProjects\Minefinity\run\wiki_exporter\render\minecraft\flower_pot.png
[01Oct2026 19:46:20.888] [IO-Worker-6/DEBUG] [org.sinytra.wiki.exporter.render.ImageWriter/]: Exported png to: C:\Users\Andrewthepika\IdeaProjects\Minefinity\run\wiki_exporter\render\minecraft\zombie_head.png
[01Oct2026 19:46:20.888] [IO-Worker-8/DEBUG] [org.sinytra.wiki.exporter.render.ImageWriter/]: Exported png to: C:\Users\Andrewthepika\IdeaProjects\Minefinity\run\wiki_exporter\render\minecraft\green_banner.png
[01Oct2026 19:46:20.889] [IO-Worker-11/DEBUG] [org.sinytra.wiki.exporter.render.ImageWriter/]: Exported png to: C:\Users\Andrewthepika\IdeaProjects\Minefinity\run\wiki_exporter\render\minecraft\yellow_wool.png
[01Oct2026 19:46:20.904] [IO-Worker-4/DEBUG] [org.sinytra.wiki.exporter.render.ImageWriter/]: Exported png to: C:\Users\Andrewthepika\IdeaProjects\Minefinity\run\wiki_exporter\render\minecraft\exposed_copper_bulb.png
[01Oct2026 19:46:20.905] [IO-Worker-1/DEBUG] [org.sinytra.wiki.exporter.render.ImageWriter/]: Exported png to: C:\Users\Andrewthepika\IdeaProjects\Minefinity\run\wiki_exporter\render\minecraft\amethyst_block.png
[01Oct2026 19:46:20.906] [IO-Worker-14/DEBUG] [org.sinytra.wiki.exporter.render.ImageWriter/]: Exported png to: C:\Users\Andrewthepika\IdeaProjects\Minefinity\run\wiki_exporter\render\minecraft\blue_candle.png
[01Oct2026 19:46:20.911] [IO-Worker-12/DEBUG] [org.sinytra.wiki.exporter.render.ImageWriter/]: Exported png to: C:\Users\Andrewthepika\IdeaProjects\Minefinity\run\wiki_exporter\render\minecraft\repeater.png
[01Oct2026 19:46:20.913] [IO-Worker-5/DEBUG] [org.sinytra.wiki.exporter.render.ImageWriter/]: Exported png to: C:\Users\Andrewthepika\IdeaProjects\Minefinity\run\wiki_exporter\render\minecraft\stone_pickaxe.png
[01Oct2026 19:46:20.915] [IO-Worker-7/DEBUG] [org.sinytra.wiki.exporter.render.ImageWriter/]: Exported png to: C:\Users\Andrewthepika\IdeaProjects\Minefinity\run\wiki_exporter\render\minecraft\hoglin_spawn_egg.png
[01Oct2026 19:46:20.925] [IO-Worker-13/DEBUG] [org.sinytra.wiki.exporter.render.ImageWriter/]: Exported png to: C:\Users\Andrewthepika\IdeaProjects\Minefinity\run\wiki_exporter\render\minecraft\birch_fence.png
[01Oct2026 19:46:20.931] [IO-Worker-11/DEBUG] [org.sinytra.wiki.exporter.render.ImageWriter/]: Exported png to: C:\Users\Andrewthepika\IdeaProjects\Minefinity\run\wiki_exporter\render\minecraft\acacia_boat.png
[01Oct2026 19:46:20.933] [IO-Worker-8/DEBUG] [org.sinytra.wiki.exporter.render.ImageWriter/]: Exported png to: C:\Users\Andrewthepika\IdeaProjects\Minefinity\run\wiki_exporter\render\minecraft\activator_rail.png
[01Oct2026 19:46:20.933] [IO-Worker-14/DEBUG] [org.sinytra.wiki.exporter.render.ImageWriter/]: Exported png to: C:\Users\Andrewthepika\IdeaProjects\Minefinity\run\wiki_exporter\render\minecraft\cactus.png
[01Oct2026 19:46:20.934] [IO-Worker-6/DEBUG] [org.sinytra.wiki.exporter.render.ImageWriter/]: Exported png to: C:\Users\Andrewthepika\IdeaProjects\Minefinity\run\wiki_exporter\render\minecraft\soul_lantern.png
[01Oct2026 19:46:20.934] [IO-Worker-10/DEBUG] [org.sinytra.wiki.exporter.render.ImageWriter/]: Exported png to: C:\Users\Andrewthepika\IdeaProjects\Minefinity\run\wiki_exporter\render\minecraft\golden_shovel.png
[01Oct2026 19:46:20.938] [IO-Worker-1/DEBUG] [org.sinytra.wiki.exporter.render.ImageWriter/]: Exported png to: C:\Users\Andrewthepika\IdeaProjects\Minefinity\run\wiki_exporter\render\minecraft\bricks.png
[01Oct2026 19:46:20.942] [IO-Worker-12/DEBUG] [org.sinytra.wiki.exporter.render.ImageWriter/]: Exported png to: C:\Users\Andrewthepika\IdeaProjects\Minefinity\run\wiki_exporter\render\minecraft\jungle_pressure_plate.png
[01Oct2026 19:46:20.950] [IO-Worker-7/DEBUG] [org.sinytra.wiki.exporter.render.ImageWriter/]: Exported png to: C:\Users\Andrewthepika\IdeaProjects\Minefinity\run\wiki_exporter\render\minecraft\gold_ingot.png
[01Oct2026 19:46:20.951] [IO-Worker-13/DEBUG] [org.sinytra.wiki.exporter.render.ImageWriter/]: Exported png to: C:\Users\Andrewthepika\IdeaProjects\Minefinity\run\wiki_exporter\render\minecraft\purple_wool.png
[01Oct2026 19:46:20.958] [IO-Worker-10/DEBUG] [org.sinytra.wiki.exporter.render.ImageWriter/]: Exported png to: C:\Users\Andrewthepika\IdeaProjects\Minefinity\run\wiki_exporter\render\minecraft\packed_mud.png
[01Oct2026 19:46:20.959] [IO-Worker-6/DEBUG] [org.sinytra.wiki.exporter.render.ImageWriter/]: Exported png to: C:\Users\Andrewthepika\IdeaProjects\Minefinity\run\wiki_exporter\render\minecraft\exposed_cut_copper_stairs.png
[01Oct2026 19:46:20.960] [IO-Worker-11/DEBUG] [org.sinytra.wiki.exporter.render.ImageWriter/]: Exported png to: C:\Users\Andrewthepika\IdeaProjects\Minefinity\run\wiki_exporter\render\minecraft\andesite_wall.png
[01Oct2026 19:46:20.961] [IO-Worker-1/DEBUG] [org.sinytra.wiki.exporter.render.ImageWriter/]: Exported png to: C:\Users\Andrewthepika\IdeaProjects\Minefinity\run\wiki_exporter\render\minecraft\brown_glazed_terracotta.png
[01Oct2026 19:46:20.962] [IO-Worker-14/DEBUG] [org.sinytra.wiki.exporter.render.ImageWriter/]: Exported png to: C:\Users\Andrewthepika\IdeaProjects\Minefinity\run\wiki_exporter\render\minecraft\verdant_froglight.png
[01Oct2026 19:46:20.979] [IO-Worker-12/DEBUG] [org.sinytra.wiki.exporter.render.ImageWriter/]: Exported png to: C:\Users\Andrewthepika\IdeaProjects\Minefinity\run\wiki_exporter\render\minecraft\writable_book.png
[01Oct2026 19:46:20.980] [IO-Worker-13/DEBUG] [org.sinytra.wiki.exporter.render.ImageWriter/]: Exported png to: C:\Users\Andrewthepika\IdeaProjects\Minefinity\run\wiki_exporter\render\minecraft\oxidized_copper_trapdoor.png
[01Oct2026 19:46:20.982] [IO-Worker-8/DEBUG] [org.sinytra.wiki.exporter.render.ImageWriter/]: Exported png to: C:\Users\Andrewthepika\IdeaProjects\Minefinity\run\wiki_exporter\render\minecraft\red_candle.png
[01Oct2026 19:46:20.985] [IO-Worker-5/DEBUG] [org.sinytra.wiki.exporter.render.ImageWriter/]: Exported png to: C:\Users\Andrewthepika\IdeaProjects\Minefinity\run\wiki_exporter\render\minecraft\lilac.png
[01Oct2026 19:46:20.988] [IO-Worker-1/DEBUG] [org.sinytra.wiki.exporter.render.ImageWriter/]: Exported png to: C:\Users\Andrewthepika\IdeaProjects\Minefinity\run\wiki_exporter\render\minecraft\purple_carpet.png
[01Oct2026 19:46:20.992] [IO-Worker-11/DEBUG] [org.sinytra.wiki.exporter.render.ImageWriter/]: Exported png to: C:\Users\Andrewthepika\IdeaProjects\Minefinity\run\wiki_exporter\render\minecraft\pearlescent_froglight.png
[01Oct2026 19:46:20.996] [IO-Worker-14/DEBUG] [org.sinytra.wiki.exporter.render.ImageWriter/]: Exported png to: C:\Users\Andrewthepika\IdeaProjects\Minefinity\run\wiki_exporter\render\minecraft\music_disc_creator.png
[01Oct2026 19:46:20.999] [IO-Worker-6/DEBUG] [org.sinytra.wiki.exporter.render.ImageWriter/]: Exported png to: C:\Users\Andrewthepika\IdeaProjects\Minefinity\run\wiki_exporter\render\minecraft\glass.png
[01Oct2026 19:46:20.999] [IO-Worker-10/DEBUG] [org.sinytra.wiki.exporter.render.ImageWriter/]: Exported png to: C:\Users\Andrewthepika\IdeaProjects\Minefinity\run\wiki_exporter\render\minecraft\polished_diorite_stairs.png
[01Oct2026 19:46:21.000] [IO-Worker-7/DEBUG] [org.sinytra.wiki.exporter.render.ImageWriter/]: Exported png to: C:\Users\Andrewthepika\IdeaProjects\Minefinity\run\wiki_exporter\render\minecraft\fire_coral_block.png
[01Oct2026 19:46:21.027] [IO-Worker-7/DEBUG] [org.sinytra.wiki.exporter.render.ImageWriter/]: Exported png to: C:\Users\Andrewthepika\IdeaProjects\Minefinity\run\wiki_exporter\render\minecraft\birch_planks.png
[01Oct2026 19:46:21.030] [IO-Worker-11/DEBUG] [org.sinytra.wiki.exporter.render.ImageWriter/]: Exported png to: C:\Users\Andrewthepika\IdeaProjects\Minefinity\run\wiki_exporter\render\minecraft\crimson_roots.png
[01Oct2026 19:46:21.032] [IO-Worker-6/DEBUG] [org.sinytra.wiki.exporter.render.ImageWriter/]: Exported png to: C:\Users\Andrewthepika\IdeaProjects\Minefinity\run\wiki_exporter\render\minecraft\prismarine_shard.png
[01Oct2026 19:46:21.032] [IO-Worker-10/DEBUG] [org.sinytra.wiki.exporter.render.ImageWriter/]: Exported png to: C:\Users\Andrewthepika\IdeaProjects\Minefinity\run\wiki_exporter\render\minecraft\black_shulker_box.png
[01Oct2026 19:46:21.042] [IO-Worker-1/DEBUG] [org.sinytra.wiki.exporter.render.ImageWriter/]: Exported png to: C:\Users\Andrewthepika\IdeaProjects\Minefinity\run\wiki_exporter\render\minecraft\tinted_glass.png
[01Oct2026 19:46:21.043] [IO-Worker-5/DEBUG] [org.sinytra.wiki.exporter.render.ImageWriter/]: Exported png to: C:\Users\Andrewthepika\IdeaProjects\Minefinity\run\wiki_exporter\render\minecraft\flowering_azalea.png
[01Oct2026 19:46:21.045] [IO-Worker-14/DEBUG] [org.sinytra.wiki.exporter.render.ImageWriter/]: Exported png to: C:\Users\Andrewthepika\IdeaProjects\Minefinity\run\wiki_exporter\render\minecraft\raiser_armor_trim_smithing_template.png
[01Oct2026 19:46:21.055] [IO-Worker-8/DEBUG] [org.sinytra.wiki.exporter.render.ImageWriter/]: Exported png to: C:\Users\Andrewthepika\IdeaProjects\Minefinity\run\wiki_exporter\render\minecraft\brown_mushroom.png
[01Oct2026 19:46:21.056] [IO-Worker-10/DEBUG] [org.sinytra.wiki.exporter.render.ImageWriter/]: Exported png to: C:\Users\Andrewthepika\IdeaProjects\Minefinity\run\wiki_exporter\render\minecraft\oxidized_cut_copper_stairs.png
[01Oct2026 19:46:21.064] [IO-Worker-1/DEBUG] [org.sinytra.wiki.exporter.render.ImageWriter/]: Exported png to: C:\Users\Andrewthepika\IdeaProjects\Minefinity\run\wiki_exporter\render\minecraft\stone_brick_stairs.png
[01Oct2026 19:46:21.080] [IO-Worker-14/DEBUG] [org.sinytra.wiki.exporter.render.ImageWriter/]: Exported png to: C:\Users\Andrewthepika\IdeaProjects\Minefinity\run\wiki_exporter\render\minecraft\trident.png
[01Oct2026 19:46:21.081] [IO-Worker-5/DEBUG] [org.sinytra.wiki.exporter.render.ImageWriter/]: Exported png to: C:\Users\Andrewthepika\IdeaProjects\Minefinity\run\wiki_exporter\render\minecraft\copper_ore.png
[01Oct2026 19:46:21.082] [IO-Worker-10/DEBUG] [org.sinytra.wiki.exporter.render.ImageWriter/]: Exported png to: C:\Users\Andrewthepika\IdeaProjects\Minefinity\run\wiki_exporter\render\minecraft\spruce_leaves.png
[01Oct2026 19:46:21.091] [IO-Worker-8/DEBUG] [org.sinytra.wiki.exporter.render.ImageWriter/]: Exported png to: C:\Users\Andrewthepika\IdeaProjects\Minefinity\run\wiki_exporter\render\minecraft\spruce_trapdoor.png
[01Oct2026 19:46:21.101] [IO-Worker-1/DEBUG] [org.sinytra.wiki.exporter.render.ImageWriter/]: Exported png to: C:\Users\Andrewthepika\IdeaProjects\Minefinity\run\wiki_exporter\render\minecraft\campfire.png
[01Oct2026 19:46:21.104] [IO-Worker-7/DEBUG] [org.sinytra.wiki.exporter.render.ImageWriter/]: Exported png to: C:\Users\Andrewthepika\IdeaProjects\Minefinity\run\wiki_exporter\render\minecraft\terracotta.png
[01Oct2026 19:46:21.106] [IO-Worker-11/DEBUG] [org.sinytra.wiki.exporter.render.ImageWriter/]: Exported png to: C:\Users\Andrewthepika\IdeaProjects\Minefinity\run\wiki_exporter\render\minecraft\echo_shard.png
[01Oct2026 19:46:21.106] [IO-Worker-6/DEBUG] [org.sinytra.wiki.exporter.render.ImageWriter/]: Exported png to: C:\Users\Andrewthepika\IdeaProjects\Minefinity\run\wiki_exporter\render\minecraft\sugar_cane.png
[01Oct2026 19:46:21.107] [IO-Worker-10/DEBUG] [org.sinytra.wiki.exporter.render.ImageWriter/]: Exported png to: C:\Users\Andrewthepika\IdeaProjects\Minefinity\run\wiki_exporter\render\minecraft\orange_shulker_box.png
[01Oct2026 19:46:21.109] [IO-Worker-14/DEBUG] [org.sinytra.wiki.exporter.render.ImageWriter/]: Exported png to: C:\Users\Andrewthepika\IdeaProjects\Minefinity\run\wiki_exporter\render\minecraft\pink_concrete_powder.png
[01Oct2026 19:46:21.110] [IO-Worker-5/DEBUG] [org.sinytra.wiki.exporter.render.ImageWriter/]: Exported png to: C:\Users\Andrewthepika\IdeaProjects\Minefinity\run\wiki_exporter\render\minecraft\green_carpet.png
[01Oct2026 19:46:21.127] [IO-Worker-7/DEBUG] [org.sinytra.wiki.exporter.render.ImageWriter/]: Exported png to: C:\Users\Andrewthepika\IdeaProjects\Minefinity\run\wiki_exporter\render\minecraft\mangrove_planks.png
[01Oct2026 19:46:21.137] [IO-Worker-14/DEBUG] [org.sinytra.wiki.exporter.render.ImageWriter/]: Exported png to: C:\Users\Andrewthepika\IdeaProjects\Minefinity\run\wiki_exporter\render\minecraft\nether_brick_wall.png
[01Oct2026 19:46:21.140] [IO-Worker-5/DEBUG] [org.sinytra.wiki.exporter.render.ImageWriter/]: Exported png to: C:\Users\Andrewthepika\IdeaProjects\Minefinity\run\wiki_exporter\render\minecraft\polished_tuff_wall.png
[01Oct2026 19:46:21.143] [IO-Worker-10/DEBUG] [org.sinytra.wiki.exporter.render.ImageWriter/]: Exported png to: C:\Users\Andrewthepika\IdeaProjects\Minefinity\run\wiki_exporter\render\minecraft\tipped_arrow.png
[01Oct2026 19:46:21.151] [IO-Worker-6/DEBUG] [org.sinytra.wiki.exporter.render.ImageWriter/]: Exported png to: C:\Users\Andrewthepika\IdeaProjects\Minefinity\run\wiki_exporter\render\minecraft\wooden_axe.png
[01Oct2026 19:46:21.156] [IO-Worker-11/DEBUG] [org.sinytra.wiki.exporter.render.ImageWriter/]: Exported png to: C:\Users\Andrewthepika\IdeaProjects\Minefinity\run\wiki_exporter\render\minecraft\oak_sign.png
[01Oct2026 19:46:21.168] [IO-Worker-1/DEBUG] [org.sinytra.wiki.exporter.render.ImageWriter/]: Exported png to: C:\Users\Andrewthepika\IdeaProjects\Minefinity\run\wiki_exporter\render\minecraft\chicken_spawn_egg.png
[01Oct2026 19:46:21.169] [IO-Worker-7/DEBUG] [org.sinytra.wiki.exporter.render.ImageWriter/]: Exported png to: C:\Users\Andrewthepika\IdeaProjects\Minefinity\run\wiki_exporter\render\minecraft\rotten_flesh.png
[01Oct2026 19:46:21.171] [IO-Worker-10/DEBUG] [org.sinytra.wiki.exporter.render.ImageWriter/]: Exported png to: C:\Users\Andrewthepika\IdeaProjects\Minefinity\run\wiki_exporter\render\minecraft\oxidized_cut_copper_slab.png
[01Oct2026 19:46:21.175] [IO-Worker-5/DEBUG] [org.sinytra.wiki.exporter.render.ImageWriter/]: Exported png to: C:\Users\Andrewthepika\IdeaProjects\Minefinity\run\wiki_exporter\render\minecraft\globe_banner_pattern.png
[01Oct2026 19:46:21.188] [IO-Worker-11/DEBUG] [org.sinytra.wiki.exporter.render.ImageWriter/]: Exported png to: C:\Users\Andrewthepika\IdeaProjects\Minefinity\run\wiki_exporter\render\minecraft\jungle_button.png
[01Oct2026 19:46:21.190] [IO-Worker-6/DEBUG] [org.sinytra.wiki.exporter.render.ImageWriter/]: Exported png to: C:\Users\Andrewthepika\IdeaProjects\Minefinity\run\wiki_exporter\render\minecraft\horse_spawn_egg.png
[01Oct2026 19:46:21.196] [IO-Worker-14/DEBUG] [org.sinytra.wiki.exporter.render.ImageWriter/]: Exported png to: C:\Users\Andrewthepika\IdeaProjects\Minefinity\run\wiki_exporter\render\minecraft\water_bucket.png
[01Oct2026 19:46:21.200] [IO-Worker-5/DEBUG] [org.sinytra.wiki.exporter.render.ImageWriter/]: Exported png to: C:\Users\Andrewthepika\IdeaProjects\Minefinity\run\wiki_exporter\render\minecraft\cobbled_deepslate.png
[01Oct2026 19:46:21.205] [IO-Worker-7/DEBUG] [org.sinytra.wiki.exporter.render.ImageWriter/]: Exported png to: C:\Users\Andrewthepika\IdeaProjects\Minefinity\run\wiki_exporter\render\minecraft\sheep_spawn_egg.png
[01Oct2026 19:46:21.206] [IO-Worker-10/DEBUG] [org.sinytra.wiki.exporter.render.ImageWriter/]: Exported png to: C:\Users\Andrewthepika\IdeaProjects\Minefinity\run\wiki_exporter\render\minecraft\birch_button.png
[01Oct2026 19:46:21.207] [IO-Worker-8/DEBUG] [org.sinytra.wiki.exporter.render.ImageWriter/]: Exported png to: C:\Users\Andrewthepika\IdeaProjects\Minefinity\run\wiki_exporter\render\minecraft\red_concrete.png
[01Oct2026 19:46:21.212] [IO-Worker-11/DEBUG] [org.sinytra.wiki.exporter.render.ImageWriter/]: Exported png to: C:\Users\Andrewthepika\IdeaProjects\Minefinity\run\wiki_exporter\render\minecraft\granite.png
[01Oct2026 19:46:21.213] [IO-Worker-1/DEBUG] [org.sinytra.wiki.exporter.render.ImageWriter/]: Exported png to: C:\Users\Andrewthepika\IdeaProjects\Minefinity\run\wiki_exporter\render\minecraft\horn_coral.png
[01Oct2026 19:46:21.231] [IO-Worker-8/DEBUG] [org.sinytra.wiki.exporter.render.ImageWriter/]: Exported png to: C:\Users\Andrewthepika\IdeaProjects\Minefinity\run\wiki_exporter\render\minecraft\white_concrete.png
[01Oct2026 19:46:21.250] [IO-Worker-11/DEBUG] [org.sinytra.wiki.exporter.render.ImageWriter/]: Exported png to: C:\Users\Andrewthepika\IdeaProjects\Minefinity\run\wiki_exporter\render\minecraft\raw_copper_block.png
[01Oct2026 19:46:21.253] [IO-Worker-1/DEBUG] [org.sinytra.wiki.exporter.render.ImageWriter/]: Exported png to: C:\Users\Andrewthepika\IdeaProjects\Minefinity\run\wiki_exporter\render\minecraft\magma_cream.png
[01Oct2026 19:46:21.255] [IO-Worker-8/DEBUG] [org.sinytra.wiki.exporter.render.ImageWriter/]: Exported png to: C:\Users\Andrewthepika\IdeaProjects\Minefinity\run\wiki_exporter\render\minecraft\jack_o_lantern.png
[01Oct2026 19:46:21.263] [IO-Worker-10/DEBUG] [org.sinytra.wiki.exporter.render.ImageWriter/]: Exported png to: C:\Users\Andrewthepika\IdeaProjects\Minefinity\run\wiki_exporter\render\minecraft\waxed_copper_grate.png
[01Oct2026 19:46:21.270] [IO-Worker-7/DEBUG] [org.sinytra.wiki.exporter.render.ImageWriter/]: Exported png to: C:\Users\Andrewthepika\IdeaProjects\Minefinity\run\wiki_exporter\render\minecraft\stripped_birch_wood.png
[01Oct2026 19:46:21.274] [IO-Worker-11/DEBUG] [org.sinytra.wiki.exporter.render.ImageWriter/]: Exported png to: C:\Users\Andrewthepika\IdeaProjects\Minefinity\run\wiki_exporter\render\minecraft\diorite_stairs.png
[01Oct2026 19:46:21.291] [IO-Worker-8/DEBUG] [org.sinytra.wiki.exporter.render.ImageWriter/]: Exported png to: C:\Users\Andrewthepika\IdeaProjects\Minefinity\run\wiki_exporter\render\minecraft\birch_chest_boat.png
[01Oct2026 19:46:21.310] [IO-Worker-11/DEBUG] [org.sinytra.wiki.exporter.render.ImageWriter/]: Exported png to: C:\Users\Andrewthepika\IdeaProjects\Minefinity\run\wiki_exporter\render\minecraft\polished_tuff_slab.png
[01Oct2026 19:46:21.323] [IO-Worker-7/DEBUG] [org.sinytra.wiki.exporter.render.ImageWriter/]: Exported png to: C:\Users\Andrewthepika\IdeaProjects\Minefinity\run\wiki_exporter\render\minecraft\vex_spawn_egg.png
[01Oct2026 19:46:21.326] [IO-Worker-10/DEBUG] [org.sinytra.wiki.exporter.render.ImageWriter/]: Exported png to: C:\Users\Andrewthepika\IdeaProjects\Minefinity\run\wiki_exporter\render\minecraft\melon_slice.png
[01Oct2026 19:46:21.362] [IO-Worker-7/DEBUG] [org.sinytra.wiki.exporter.render.ImageWriter/]: Exported png to: C:\Users\Andrewthepika\IdeaProjects\Minefinity\run\wiki_exporter\render\minecraft\blue_bed.png
[01Oct2026 19:46:21.367] [IO-Worker-10/DEBUG] [org.sinytra.wiki.exporter.render.ImageWriter/]: Exported png to: C:\Users\Andrewthepika\IdeaProjects\Minefinity\run\wiki_exporter\render\minecraft\milk_bucket.png
[01Oct2026 19:46:21.371] [IO-Worker-11/DEBUG] [org.sinytra.wiki.exporter.render.ImageWriter/]: Exported png to: C:\Users\Andrewthepika\IdeaProjects\Minefinity\run\wiki_exporter\render\minecraft\deepslate_diamond_ore.png
[01Oct2026 19:46:21.375] [IO-Worker-8/DEBUG] [org.sinytra.wiki.exporter.render.ImageWriter/]: Exported png to: C:\Users\Andrewthepika\IdeaProjects\Minefinity\run\wiki_exporter\render\minecraft\waxed_cut_copper_slab.png
[01Oct2026 19:46:21.389] [IO-Worker-10/DEBUG] [org.sinytra.wiki.exporter.render.ImageWriter/]: Exported png to: C:\Users\Andrewthepika\IdeaProjects\Minefinity\run\wiki_exporter\render\minecraft\farmland.png
[01Oct2026 19:46:21.397] [IO-Worker-11/DEBUG] [org.sinytra.wiki.exporter.render.ImageWriter/]: Exported png to: C:\Users\Andrewthepika\IdeaProjects\Minefinity\run\wiki_exporter\render\minecraft\birch_slab.png
[01Oct2026 19:46:21.412] [IO-Worker-8/DEBUG] [org.sinytra.wiki.exporter.render.ImageWriter/]: Exported png to: C:\Users\Andrewthepika\IdeaProjects\Minefinity\run\wiki_exporter\render\minecraft\popped_chorus_fruit.png
[01Oct2026 19:46:21.415] [IO-Worker-7/DEBUG] [org.sinytra.wiki.exporter.render.ImageWriter/]: Exported png to: C:\Users\Andrewthepika\IdeaProjects\Minefinity\run\wiki_exporter\render\minecraft\llama_spawn_egg.png
[01Oct2026 19:46:21.420] [IO-Worker-11/DEBUG] [org.sinytra.wiki.exporter.render.ImageWriter/]: Exported png to: C:\Users\Andrewthepika\IdeaProjects\Minefinity\run\wiki_exporter\render\minecraft\waxed_exposed_copper_bulb.png
[01Oct2026 19:46:21.428] [IO-Worker-10/DEBUG] [org.sinytra.wiki.exporter.render.ImageWriter/]: Exported png to: C:\Users\Andrewthepika\IdeaProjects\Minefinity\run\wiki_exporter\render\minecraft\enderman_spawn_egg.png
[01Oct2026 19:46:21.439] [IO-Worker-7/DEBUG] [org.sinytra.wiki.exporter.render.ImageWriter/]: Exported png to: C:\Users\Andrewthepika\IdeaProjects\Minefinity\run\wiki_exporter\render\minecraft\chiseled_red_sandstone.png
[01Oct2026 19:46:21.456] [IO-Worker-8/DEBUG] [org.sinytra.wiki.exporter.render.ImageWriter/]: Exported png to: C:\Users\Andrewthepika\IdeaProjects\Minefinity\run\wiki_exporter\render\minecraft\stripped_dark_oak_wood.png
[01Oct2026 19:46:21.457] [IO-Worker-11/DEBUG] [org.sinytra.wiki.exporter.render.ImageWriter/]: Exported png to: C:\Users\Andrewthepika\IdeaProjects\Minefinity\run\wiki_exporter\render\minecraft\heart_of_the_sea.png
[01Oct2026 19:46:21.462] [IO-Worker-10/DEBUG] [org.sinytra.wiki.exporter.render.ImageWriter/]: Exported png to: C:\Users\Andrewthepika\IdeaProjects\Minefinity\run\wiki_exporter\render\minecraft\plenty_pottery_sherd.png
[01Oct2026 19:46:21.467] [IO-Worker-1/DEBUG] [org.sinytra.wiki.exporter.render.ImageWriter/]: Exported png to: C:\Users\Andrewthepika\IdeaProjects\Minefinity\run\wiki_exporter\render\minecraft\dead_bubble_coral_fan.png
[01Oct2026 19:46:21.483] [IO-Worker-7/DEBUG] [org.sinytra.wiki.exporter.render.ImageWriter/]: Exported png to: C:\Users\Andrewthepika\IdeaProjects\Minefinity\run\wiki_exporter\render\minecraft\wooden_shovel.png
[01Oct2026 19:46:21.495] [IO-Worker-1/DEBUG] [org.sinytra.wiki.exporter.render.ImageWriter/]: Exported png to: C:\Users\Andrewthepika\IdeaProjects\Minefinity\run\wiki_exporter\render\minecraft\acacia_leaves.png
[01Oct2026 19:46:21.498] [IO-Worker-10/DEBUG] [org.sinytra.wiki.exporter.render.ImageWriter/]: Exported png to: C:\Users\Andrewthepika\IdeaProjects\Minefinity\run\wiki_exporter\render\minecraft\green_dye.png
[01Oct2026 19:46:21.500] [IO-Worker-11/DEBUG] [org.sinytra.wiki.exporter.render.ImageWriter/]: Exported png to: C:\Users\Andrewthepika\IdeaProjects\Minefinity\run\wiki_exporter\render\minecraft\camel_spawn_egg.png
[01Oct2026 19:46:21.512] [IO-Worker-8/DEBUG] [org.sinytra.wiki.exporter.render.ImageWriter/]: Exported png to: C:\Users\Andrewthepika\IdeaProjects\Minefinity\run\wiki_exporter\render\minecraft\breeze_rod.png
[01Oct2026 19:46:21.518] [Render thread/INFO] [org.sinytra.wiki.exporter.WikiDataExporter/]: Finished running module render
[01Oct2026 19:46:21.519] [IO-Worker-1/DEBUG] [org.sinytra.wiki.exporter.render.ImageWriter/]: Exported png to: C:\Users\Andrewthepika\IdeaProjects\Minefinity\run\wiki_exporter\render\minecraft\crimson_hyphae.png
[01Oct2026 19:46:21.528] [IO-Worker-11/DEBUG] [org.sinytra.wiki.exporter.render.ImageWriter/]: Exported png to: C:\Users\Andrewthepika\IdeaProjects\Minefinity\run\wiki_exporter\render\minecraft\chorus_flower.png
[01Oct2026 19:46:21.528] [ForkJoinPool.commonPool-worker-10/INFO] [org.sinytra.wiki.exporter.WikiDataExporter/]: Finished running all modules, shutting down
[01Oct2026 19:46:21.544] [IO-Worker-10/DEBUG] [org.sinytra.wiki.exporter.render.ImageWriter/]: Exported png to: C:\Users\Andrewthepika\IdeaProjects\Minefinity\run\wiki_exporter\render\minecraft\oxidized_chiseled_copper.png
[01Oct2026 19:46:21.544] [Render thread/INFO] [net.minecraft.client.Minecraft/]: Stopping!
[01Oct2026 19:46:21.547] [IO-Worker-7/DEBUG] [org.sinytra.wiki.exporter.render.ImageWriter/]: Exported png to: C:\Users\Andrewthepika\IdeaProjects\Minefinity\run\wiki_exporter\render\minecraft\mooshroom_spawn_egg.png
[01Oct2026 19:46:21.551] [IO-Worker-8/DEBUG] [org.sinytra.wiki.exporter.render.ImageWriter/]: Exported png to: C:\Users\Andrewthepika\IdeaProjects\Minefinity\run\wiki_exporter\render\minecraft\bell.png
